Store ID,Company,City,State,Latitude,Longitude
1400972,Instamart,Kottayam,Kerala,9.600500,76.530389
1400976,Instamart,Madurai,Tamil Nadu,9.925500,78.099861
1381849,Instamart,Kochi,Kerala,9.965896,76.305997
1394676,Instamart,Thiruvananthapuram,Kerala,8.501417,76.953167
1404595,Instamart,Thiruvananthapuram,Kerala,8.516563,76.934867
1393570,Instamart,Kochi,Kerala,10.106556,76.353056
1395735,Instamart,Thrissur,Kerala,10.526889,76.201823
1402060,Instamart,Kochi,Kerala,10.028926,76.323143
1395734,Instamart,Thrissur,Kerala,10.506255,76.231627
1400926,Instamart,Kochi,Kerala,9.932694,76.265972
1399703,Instamart,Kochi,Kerala,10.000444,76.302139
1383382,Instamart,Kochi,Kerala,10.014653,76.333776
1402446,Instamart,Coimbatore,Tamil Nadu,11.027683,76.906558
1319695,Instamart,Kochi,Kerala,10.028450,76.370564
1388684,Instamart,Coimbatore,Tamil Nadu,11.011403,76.960053
1403358,Instamart,Coimbatore,Tamil Nadu,11.044066,77.038009
1401252,Instamart,Coimbatore,Tamil Nadu,11.064370,76.945204
1388451,Instamart,Kozhikode,Kerala,11.271394,75.778911
1401078,Instamart,Erode,Tamil Nadu,11.336566,77.727342
1386098,Instamart,Mysore,Karnataka,12.295655,76.641875
1402087,Instamart,Mysore,Karnataka,12.272795,76.642737
1382427,Instamart,Kochi,Kerala,9.950983,76.333483
1398449,Instamart,Tiruchirappalli,Tamil Nadu,10.826361,78.684306
1404578,Instamart,Kochi,Kerala,9.995300,76.279000
1392529,Instamart,Coimbatore,Tamil Nadu,11.016446,77.022619
1403416,Instamart,Mysore,Karnataka,12.344562,76.644779
1395732,Instamart,Salem,Tamil Nadu,11.676684,78.138031
1398440,Instamart,Chennai,Tamil Nadu,12.730417,79.997389
1402141,Instamart,Bengaluru,Karnataka,12.792444,77.706833
1402460,Instamart,Mysore,Karnataka,12.317716,76.691650
1402443,Instamart,Bengaluru,Karnataka,12.860570,77.541535
1404804,Instamart,Chennai,Tamil Nadu,12.819837,80.042511
1397027,Instamart,Coimbatore,Tamil Nadu,11.085889,76.998056
1397623,Instamart,Mysore,Karnataka,12.353528,76.619538
1399695,Instamart,Hosur,Tamil Nadu,12.861425,77.780746
1402266,Instamart,Puducherry,Puducherry,11.954944,79.829333
1403144,Instamart,Bengaluru,Karnataka,12.842334,77.589920
1402440,Instamart,Bengaluru,Karnataka,12.834111,77.666417
1404843,Instamart,Chennai,Tamil Nadu,12.844488,80.149658
1380710,Instamart,Bengaluru,Karnataka,12.846189,77.684384
1393562,Instamart,Bengaluru,Karnataka,12.784306,77.660056
1402246,Instamart,Chennai,Tamil Nadu,12.846789,80.211545
1380531,Instamart,Chennai,Tamil Nadu,12.791416,80.218111
1403470,Instamart,Ullal,Karnataka,12.858535,74.839455
1391892,Instamart,Chennai,Tamil Nadu,12.878833,80.212833
1402802,Instamart,Chennai,Tamil Nadu,12.885146,80.150657
1403191,Instamart,Mangaluru,Karnataka,12.897786,74.845056
1400922,Instamart,Bengaluru,Karnataka,12.887056,77.458389
1404599,Instamart,Bengaluru,Karnataka,12.840915,77.639648
1392660,Instamart,Bengaluru,Karnataka,12.892389,77.649333
1393568,Instamart,Chennai,Tamil Nadu,12.858278,80.068611
1239157,Instamart,Bengaluru,Karnataka,12.877897,77.637238
1398438,Instamart,Bengaluru,Karnataka,12.882266,77.676314
1385835,Instamart,Bengaluru,Karnataka,12.849095,77.654592
1397048,Instamart,Bengaluru,Karnataka,12.888222,77.598500
1404792,Instamart,Bengaluru,Karnataka,12.901196,77.623413
1395720,Instamart,Bengaluru,Karnataka,12.900142,77.660081
1402269,Instamart,Vellore,Tamil Nadu,12.930518,79.141697
1403421,Instamart,Bengaluru,Karnataka,12.899682,77.636131
1386267,Instamart,Chennai,Tamil Nadu,12.896700,80.232597
1403175,Instamart,Bengaluru,Karnataka,12.863351,77.569071
1400961,Instamart,Bengaluru,Karnataka,12.914578,77.559952
1398437,Instamart,Bengaluru,Karnataka,12.913417,77.485417
1382349,Instamart,Bengaluru,Karnataka,12.904161,77.600640
1396285,Instamart,Bengaluru,Karnataka,12.924750,77.514306
788742,Instamart,Bengaluru,Karnataka,12.927344,77.547561
1386090,Instamart,Bengaluru,Karnataka,12.904262,77.642027
1403722,Instamart,Bengaluru,Karnataka,12.892310,77.542526
1395723,Instamart,Chennai,Tamil Nadu,12.918083,80.157750
1386264,Instamart,Chennai,Tamil Nadu,12.926178,80.111260
1403224,Instamart,Bengaluru,Karnataka,12.936570,77.484436
1399354,Instamart,Bengaluru,Karnataka,12.902290,77.583211
1385836,Instamart,Bengaluru,Karnataka,12.907659,77.675316
1385476,Instamart,Chennai,Tamil Nadu,12.927463,80.194938
1392080,Instamart,Bengaluru,Karnataka,12.912565,77.636736
1402605,Instamart,Bengaluru,Karnataka,12.913961,77.666466
1393564,Instamart,Bengaluru,Karnataka,12.927417,77.609639
1403723,Instamart,Bengaluru,Karnataka,12.868700,77.616100
1384788,Instamart,Bengaluru,Karnataka,12.941094,77.727470
1396284,Instamart,Bengaluru,Karnataka,12.937972,77.626694
1388998,Instamart,Bengaluru,Karnataka,12.923360,77.695092
1382254,Instamart,Bengaluru,Karnataka,12.930061,77.679242
1402444,Instamart,Bengaluru,Karnataka,12.935304,77.608792
1390221,Instamart,Chennai,Tamil Nadu,12.945399,80.135960
1395722,Instamart,Bengaluru,Karnataka,12.957306,77.662917
1403353,Instamart,Bengaluru,Karnataka,12.965969,77.604449
1402948,Instamart,Bengaluru,Karnataka,12.952091,77.594184
1181690,Instamart,Bengaluru,Karnataka,12.929679,77.573830
1397627,Instamart,Katpadi,Tamil Nadu,12.963250,79.136417
1404581,Instamart,Bengaluru,Karnataka,12.956434,77.729695
1388683,Instamart,Chennai,Tamil Nadu,12.974854,80.258486
1401714,Instamart,Bengaluru,Karnataka,12.991316,77.498756
1394671,Instamart,Chennai,Tamil Nadu,12.954334,80.186035
1388682,Instamart,Bengaluru,Karnataka,12.999125,77.578353
1404790,Instamart,Chennai,Tamil Nadu,12.962770,80.167236
1380899,Instamart,Bengaluru,Karnataka,12.973854,77.546203
1386265,Instamart,Chennai,Tamil Nadu,12.947086,80.236888
1400610,Instamart,Bengaluru,Karnataka,12.950417,77.690139
1386385,Instamart,Bengaluru,Karnataka,12.958886,77.517622
1395425,Instamart,Bengaluru,Karnataka,12.961962,77.704895
565139,Instamart,Bengaluru,Karnataka,12.972100,77.680600
1313712,Instamart,Bengaluru,Karnataka,12.981516,77.601807
1395721,Instamart,Bengaluru,Karnataka,12.962492,77.645894
1389252,Instamart,Chennai,Tamil Nadu,12.968462,80.133513
1381276,Instamart,Chennai,Tamil Nadu,12.991345,80.198953
911033,Instamart,Bengaluru,Karnataka,12.991660,77.538017
1190778,Instamart,Bengaluru,Karnataka,12.974325,77.640818
1397630,Instamart,Chennai,Tamil Nadu,12.974557,80.221100
1384139,Instamart,Bengaluru,Karnataka,12.998405,77.674232
1385942,Instamart,Bengaluru,Karnataka,12.993544,77.722766
1387561,Instamart,Bengaluru,Karnataka,12.974527,77.767168
1369819,Instamart,Gandhinagar,Tamil Nadu,13.001274,80.257430
1404806,Instamart,Gandhinagar,Tamil Nadu,13.015452,80.246292
1400923,Instamart,Chennai,Tamil Nadu,13.016222,80.139111
1381969,Instamart,Bengaluru,Karnataka,13.010016,77.644208
1404679,Instamart,Bengaluru,Karnataka,13.025098,77.668175
1404583,Instamart,Bengaluru,Karnataka,13.019900,77.724200
1373485,Instamart,Bengaluru,Karnataka,13.023335,77.706084
1402670,Instamart,Bengaluru,Karnataka,12.951867,77.548943
1402445,Instamart,Chennai,Tamil Nadu,13.017778,80.166583
1386941,Instamart,Chennai,Tamil Nadu,13.039177,80.236443
1403515,Instamart,Bengaluru,Karnataka,13.028850,77.545227
1394670,Instamart,Bengaluru,Karnataka,13.042656,77.507108
1403833,Instamart,Chennai,Tamil Nadu,13.031044,80.114007
1395434,Instamart,Bengaluru,Karnataka,12.990111,77.712083
1386449,Instamart,Chennai,Tamil Nadu,13.029426,80.170441
1400960,Instamart,Bengaluru,Karnataka,12.966528,77.742500
1393566,Instamart,Chennai,Tamil Nadu,13.039583,80.134778
1403832,Instamart,Chennai,Tamil Nadu,13.057863,80.179719
1229990,Instamart,Bengaluru,Karnataka,13.056290,77.576374
1400929,Instamart,Bengaluru,Karnataka,13.028861,77.762389
1404579,Instamart,Bengaluru,Karnataka,13.048680,77.609108
1393567,Instamart,Chennai,Tamil Nadu,13.050631,80.112807
1230880,Instamart,Chennai,Tamil Nadu,13.046240,80.188830
1399696,Instamart,Chennai,Tamil Nadu,13.053917,80.225472
1401251,Instamart,Chennai,Tamil Nadu,13.038250,80.247611
1400604,Instamart,Chennai,Tamil Nadu,13.047333,80.271278
1393565,Instamart,Bengaluru,Karnataka,13.081264,77.540016
1400603,Instamart,Chennai,Tamil Nadu,13.064333,80.266944
1380898,Instamart,Bengaluru,Karnataka,13.078360,77.520623
1399355,Instamart,Bengaluru,Karnataka,13.091389,77.601417
1394669,Instamart,Bengaluru,Karnataka,13.057804,77.633430
1404671,Instamart,Bengaluru,Karnataka,13.087076,77.654088
1382426,Instamart,Chennai,Tamil Nadu,13.087860,80.200583
1401467,Instamart,Avadi,Tamil Nadu,13.094722,80.107167
1403023,Instamart,Chennai,Tamil Nadu,13.090415,80.214436
1404451,Instamart,Chennai,Tamil Nadu,13.083846,80.234478
1386386,Instamart,Bengaluru,Karnataka,13.114128,77.571561
1402050,Instamart,Chennai,Tamil Nadu,13.089889,80.286528
1399698,Instamart,Chennai,Tamil Nadu,13.099050,80.185091
1398439,Instamart,Chennai,Tamil Nadu,13.114778,80.230944
1397024,Instamart,Bengaluru,Karnataka,13.123083,77.623694
1386448,Instamart,Chennai,Tamil Nadu,13.055384,80.247602
1396287,Instamart,Chennai,Tamil Nadu,13.125306,80.194902
1400219,Instamart,Chennai,Tamil Nadu,13.134806,80.228306
1401249,Instamart,Chennai,Tamil Nadu,13.133750,80.292611
1400545,Instamart,Bengaluru,Karnataka,13.133806,77.570667
1402775,Instamart,Chennai,Tamil Nadu,13.128516,80.250358
1390222,Instamart,Chennai,Tamil Nadu,13.105695,80.279349
1402473,Instamart,Tumakuru,Karnataka,13.342452,77.100273
1399705,Instamart,Manipala,Karnataka,13.349111,74.782722
1398448,Instamart,Tirupati,Andhra Pradesh,13.613907,79.417184
1404568,Instamart,Tirupati,Andhra Pradesh,13.615957,79.433746
1404618,Instamart,Visakhapatnam,Andhra Pradesh,13.645100,79.427200
1404910,Instamart,Nellore,Andhra Pradesh,14.429786,79.972839
1400966,Instamart,Harihar,Karnataka,14.443005,75.921128
1404650,Instamart,Anantapur,Andhra Pradesh,14.683951,77.584320
1402773,Instamart,Bengaluru,Karnataka,13.239246,77.723274
1404750,Instamart,Udupi,Karnataka,13.330976,74.745941
1387907,Instamart,Chennai,Tamil Nadu,13.118256,80.152606
1390351,Instamart,Madgaon,Goa,15.284223,73.957910
1400566,Instamart,Hubli,Karnataka,15.353833,75.114528
1402251,Instamart,Chicalim,Goa,15.383917,73.869167
1402250,Instamart,Vasco Da Gama,Goa,15.398066,73.819269
1403181,Instamart,Benaulim,Goa,15.269957,73.932579
1392081,Instamart,Bambolim,Goa,15.460619,73.860558
1401655,Instamart,Hubli,Karnataka,15.364611,75.149028
1401657,Instamart,Shivamogga,Karnataka,13.938611,75.553639
1404868,Instamart,Ongole,Andhra Pradesh,15.511082,80.036667
1381971,Instamart,Taleigao,Goa,15.475061,73.827063
1403560,Instamart,Bambolim,Goa,15.495829,73.879303
1403182,Instamart,Candolim,Goa,15.506157,73.787000
1404798,Instamart,Mapuca,Goa,15.592108,73.800995
1392082,Instamart,Solim,Goa,15.627374,73.770823
1401080,Instamart,Hyderabad,Telangana,15.823083,78.029556
1395427,Instamart,Guntur,Andhra Pradesh,16.312077,80.415039
1394684,Instamart,Guntur,Andhra Pradesh,16.301083,80.440194
1387908,Instamart,Vagator,Goa,15.600282,73.745688
1400605,Instamart,Belgaum,Karnataka,15.829278,74.501250
1400217,Instamart,Belgaum,Karnataka,15.880250,74.511688
1402778,Instamart,Guntur,Andhra Pradesh,16.282352,80.453819
1404765,Instamart,Guntur,Andhra Pradesh,16.239620,80.649670
1398450,Instamart,Guntur,Andhra Pradesh,16.472290,80.616237
1399348,Instamart,Vijayawada,Andhra Pradesh,16.478377,80.700072
1391901,Instamart,Vijayawada,Andhra Pradesh,16.507337,80.682545
1382351,Instamart,Serula,Goa,15.543197,73.821258
1387707,Instamart,Vijayawada,Andhra Pradesh,16.537684,80.600234
1386814,Instamart,Calangute,Goa,15.551362,73.768230
1402475,Instamart,Kolhapur,Maharashtra,16.676028,74.226806
1388390,Instamart,Vijayawada,Andhra Pradesh,16.496115,80.650726
1404636,Instamart,Vijayawada,Andhra Pradesh,16.516389,80.623472
1398748,Instamart,Guntur,Andhra Pradesh,16.333806,80.439722
1402078,Instamart,Kakinada,Andhra Pradesh,16.963861,82.230806
1403724,Instamart,Kolhapur,Maharashtra,16.702530,74.260483
1404570,Instamart,Eluru,Andhra Pradesh,16.711870,81.102455
1403360,Instamart,Kakinada,Andhra Pradesh,16.998789,82.245079
1403145,Instamart,Rajahmundry,Andhra Pradesh,17.010216,81.792603
1404573,Instamart,Bhimavaram,Andhra Pradesh,16.540104,81.512901
1404605,Instamart,Hyderabad,Telangana,17.343399,78.554077
1403146,Instamart,Rajahmundry,Andhra Pradesh,16.984633,81.794232
1404848,Instamart,Hyderabad,Telangana,17.352163,78.507805
1392530,Instamart,Hyderabad,Telangana,17.329996,78.568657
1402448,Instamart,Hyderabad,Telangana,17.332142,78.439120
1380523,Instamart,Hyderabad,Telangana,17.362362,78.394933
1386816,Instamart,Hyderabad,Telangana,17.355889,78.419833
1404574,Instamart,Hyderabad,Telangana,17.361474,78.522232
1400220,Instamart,Hyderabad,Telangana,17.353944,78.471556
1403835,Instamart,Hyderabad,Telangana,17.363103,78.557613
1400602,Instamart,Khammam,Telangana,17.247179,80.165120
1400550,Instamart,Hyderabad,Telangana,17.380417,78.429583
762613,Instamart,Hyderabad,Telangana,17.370624,78.540315
1404855,Instamart,Hyderabad,Telangana,17.312449,78.532845
1381355,Instamart,Hyderabad,Telangana,17.394383,78.500126
1382981,Instamart,Hyderabad,Telangana,17.400262,78.406765
1401470,Instamart,Hyderabad,Telangana,17.413194,78.377056
1396294,Instamart,Hyderabad,Telangana,17.401222,78.567028
1404789,Instamart,Hyderabad,Telangana,17.385830,78.344887
1387565,Instamart,Hyderabad,Telangana,17.422039,78.347434
1383572,Instamart,Hyderabad,Telangana,17.425992,78.414284
816649,Instamart,Hyderabad,Telangana,17.428589,78.532424
1401257,Instamart,Hyderabad,Telangana,17.446944,78.573028
1403845,Instamart,Vijayawada,Andhra Pradesh,16.545163,80.637905
1386268,Instamart,Hyderabad,Telangana,17.407012,78.379255
1385944,Instamart,Hyderabad,Telangana,17.405281,78.543974
1229994,Instamart,Hyderabad,Telangana,17.420833,78.442604
1404622,Instamart,Hyderabad,Telangana,17.470725,78.306700
1404783,Instamart,Hyderabad,Telangana,17.438400,78.387535
1389638,Instamart,Hyderabad,Telangana,17.458318,78.432707
1400561,Instamart,Hyderabad,Telangana,17.445410,78.356194
1402058,Instamart,Hyderabad,Telangana,17.409083,78.600000
1396289,Instamart,Hyderabad,Telangana,17.451750,78.536028
1404660,Instamart,Hyderabad,Telangana,17.396820,78.333280
1401258,Instamart,Hyderabad,Telangana,17.445750,78.279889
737088,Instamart,Hyderabad,Telangana,17.438922,78.398230
1401471,Instamart,Hyderabad,Telangana,17.487501,78.320229
1393828,Instamart,Hyderabad,Telangana,17.449091,78.504005
886521,Instamart,Hyderabad,Telangana,17.433290,78.427051
1061926,Instamart,Hyderabad,Telangana,17.463560,78.369579
1382391,Instamart,Hyderabad,Telangana,17.468918,78.348732
1381356,Instamart,Hyderabad,Telangana,17.442521,78.387976
1383129,Instamart,Hyderabad,Telangana,17.480457,78.394226
810364,Instamart,Hyderabad,Telangana,17.495913,78.340315
1402983,Instamart,Hyderabad,Telangana,17.443639,78.465130
1386269,Instamart,Hyderabad,Telangana,17.464470,78.345367
1155153,Instamart,Hyderabad,Telangana,17.468814,78.480847
1404773,Instamart,Hyderabad,Telangana,17.463708,78.289203
1388385,Instamart,Secunderabad,Telangana,17.503279,78.587250
1238352,Instamart,Hyderabad,Telangana,17.526650,78.369477
1386093,Instamart,Hyderabad,Telangana,17.488374,78.381261
1401472,Instamart,Hyderabad,Telangana,17.499528,78.390472
1404791,Instamart,Hyderabad,Telangana,17.489239,78.420540
1381278,Instamart,Hyderabad,Telangana,17.512117,78.464335
1082432,Instamart,Hyderabad,Telangana,17.538314,78.393675
1387564,Instamart,Hyderabad,Telangana,17.547000,78.363000
1401473,Instamart,Hyderabad,Telangana,17.474867,78.498569
1398441,Instamart,Hyderabad,Telangana,17.461389,78.558306
1388312,Instamart,Hyderabad,Telangana,17.544397,78.492606
1401107,Instamart,Hyderabad,Telangana,17.527389,78.418472
1309584,Instamart,Visakhapatnam,Andhra Pradesh,17.674285,83.190258
1404609,Instamart,Visakhapatnam,Andhra Pradesh,17.685100,83.205600
1382440,Instamart,Visakhapatnam,Andhra Pradesh,17.717345,83.300892
1403366,Instamart,Visakhapatnam,Andhra Pradesh,17.737753,83.265489
1387634,Instamart,Hyderabad,Telangana,17.530593,78.294638
1404666,Instamart,Visakhapatnam,Andhra Pradesh,17.696560,83.163090
1388113,Instamart,Visakhapatnam,Andhra Pradesh,17.800589,83.352235
1403846,Instamart,Visakhapatnam,Andhra Pradesh,17.799972,83.207733
1345681,Instamart,Visakhapatnam,Andhra Pradesh,17.745893,83.238497
1404663,Instamart,Warangal,Telangana,17.993734,79.532486
1404878,Instamart,Warangal,Telangana,17.983253,79.604706
1237254,Instamart,Secunderabad,Telangana,17.512562,78.542142
1395433,Instamart,Warangal,Telangana,18.001520,79.556793
1400985,Instamart,Warangal,Telangana,18.033165,79.540973
1404816,Instamart,Hyderabad,Telangana,17.435318,78.368187
1399807,Instamart,Karimnagar,Telangana,18.429917,79.136139
1381358,Instamart,Visakhapatnam,Andhra Pradesh,17.732473,83.333941
1404611,Instamart,Visakhapatnam,Andhra Pradesh,17.826063,83.355003
1402466,Instamart,Pune,Maharashtra,18.449528,73.872028
1386163,Instamart,Pune,Maharashtra,18.457106,73.787371
1395729,Instamart,Pune,Maharashtra,18.453240,73.915410
1402618,Instamart,Pune,Maharashtra,18.465956,73.916870
1402268,Instamart,Pune,Maharashtra,18.484639,73.810583
1393575,Instamart,Pune,Maharashtra,18.461250,73.826389
1402790,Instamart,Vizianagaram,Andhra Pradesh,18.102955,83.412741
1402781,Instamart,Latur,Maharashtra,18.395980,76.567982
1403357,Instamart,Chennai,Tamil Nadu,13.095770,80.149918
1404644,Instamart,Pune,Maharashtra,18.469521,73.857681
1398754,Instamart,Pune,Maharashtra,18.489310,73.793789
1394673,Instamart,Pune,Maharashtra,18.487750,73.952528
1403040,Instamart,Pune,Maharashtra,18.502615,73.748123
1385649,Instamart,Pune,Maharashtra,18.519210,73.769716
1397057,Instamart,Hyderabad,Telangana,17.454361,78.387000
1396293,Instamart,Hyderabad,Telangana,17.387358,78.366058
1386716,Instamart,Secunderabad,Telangana,17.526520,78.513229
1401109,Instamart,Pune,Maharashtra,18.512999,73.939142
1404758,Instamart,Hyderabad,Telangana,17.411770,78.435950
1403453,Instamart,Pune,Maharashtra,18.530588,73.832592
1403455,Instamart,Pune,Maharashtra,18.532080,73.874367
1388314,Instamart,Pune,Maharashtra,18.505552,73.901195
1382354,Instamart,Pune,Maharashtra,18.477629,73.893953
1403214,Instamart,Pune,Maharashtra,18.533630,73.942500
1402454,Instamart,Pune,Maharashtra,18.464302,73.892845
1383135,Instamart,Pune,Maharashtra,18.562691,73.801971
1397628,Instamart,Hyderabad,Telangana,17.391417,78.470333
1389691,Instamart,Pune,Maharashtra,18.551140,73.930925
1389001,Instamart,Pune,Maharashtra,18.564926,73.776090
1400557,Instamart,Pune,Maharashtra,18.579306,73.884861
1382708,Instamart,Pune,Maharashtra,18.575728,73.913169
1381445,Instamart,Pune,Maharashtra,18.525571,73.958636
1390229,Instamart,Pune,Maharashtra,18.543676,73.793862
1404659,Instamart,Pune,Maharashtra,18.566948,73.740768
1397626,Instamart,Pune,Maharashtra,18.560361,73.949389
1403046,Instamart,Pune,Maharashtra,18.586868,73.969421
1403042,Instamart,Pune,Maharashtra,18.585834,73.684528
1403044,Instamart,Pune,Maharashtra,18.583642,73.744713
1403036,Instamart,Pune,Maharashtra,18.583306,73.996333
1393573,Instamart,Pune,Maharashtra,18.616601,73.752173
1393574,Instamart,Pune,Maharashtra,18.593686,73.803717
1401652,Instamart,Pune,Maharashtra,18.596004,73.907950
1402464,Instamart,Pune,Maharashtra,18.612853,73.914981
1402465,Instamart,Pune,Maharashtra,18.608712,73.721137
1389254,Instamart,Pune,Maharashtra,18.655879,73.744494
1404643,Instamart,Pune,Maharashtra,18.626818,73.801758
1400927,Instamart,Pune,Maharashtra,18.681222,73.838417
1390228,Instamart,Pune,Maharashtra,18.601500,73.780139
1403215,Instamart,Pune,Maharashtra,18.664806,73.888458
1402476,Instamart,Pune,Maharashtra,18.651917,73.783333
1404615,Instamart,Pune,Maharashtra,18.547607,73.771599
1383130,Instamart,Uran,Maharashtra,18.936506,72.838211
1396282,Instamart,Mumbai,Maharashtra,18.969984,72.814278
1396283,Instamart,Mumbai,Maharashtra,18.975889,72.838389
1403038,Instamart,Lonavla,Maharashtra,18.763176,73.410858
1400558,Instamart,Pune,Maharashtra,18.741056,73.681667
1400977,Instamart,Panvel,Maharashtra,18.980835,73.113323
1402458,Instamart,Navi Mumbai,Maharashtra,18.969516,73.023393
1398760,Instamart,Mumbai,Maharashtra,19.014972,72.844694
1381967,Instamart,Mumbai,Maharashtra,19.036193,72.846783
1403211,Instamart,Panvel,Maharashtra,18.998722,73.111639
1401265,Instamart,Panvel,Maharashtra,19.017364,73.101226
1391897,Instamart,Mumbai,Maharashtra,19.058841,72.890738
1084119,Instamart,Navi Mumbai,Maharashtra,19.021602,73.028307
1396295,Instamart,Mumbai,Maharashtra,19.022056,72.868250
1403032,Instamart,Navi Mumbai,Maharashtra,19.015339,73.042534
1403216,Instamart,Panvel,Maharashtra,19.043961,73.098068
1404757,Instamart,Navi Mumbai,Maharashtra,19.039675,73.009544
1381500,Instamart,Mumbai,Maharashtra,19.049924,72.916579
969383,Instamart,Mumbai,Maharashtra,19.056184,72.833307
1082435,Instamart,Navi Mumbai,Maharashtra,19.051840,73.081064
1402459,Instamart,Navi Mumbai,Maharashtra,19.071998,73.095683
1404760,Instamart,Navi Mumbai,Maharashtra,19.041431,73.071152
1381966,Instamart,Mumbai,Maharashtra,19.066286,72.891819
1386846,Instamart,Navi Mumbai,Maharashtra,19.069468,73.074544
1190780,Instamart,Mumbai,Maharashtra,19.086648,72.837471
1335483,Instamart,Navi Mumbai,Maharashtra,19.017979,73.012567
1295147,Instamart,Mumbai,Maharashtra,19.114736,72.850296
1399809,Instamart,Mumbai,Maharashtra,19.110389,72.887194
1397051,Instamart,Mumbai,Maharashtra,19.104799,72.838066
1403562,Instamart,Ahmednagar,Maharashtra,19.112480,74.729736
1298955,Instamart,Mumbai,Maharashtra,19.095063,72.917655
810366,Instamart,Mumbai,Maharashtra,19.119874,72.861152
1135720,Instamart,Mumbai,Maharashtra,19.118800,72.905200
810367,Instamart,Mumbai,Maharashtra,19.122327,72.926729
1385645,Instamart,Navi Mumbai,Maharashtra,19.112493,73.007007
1403564,Instamart,Nanded,Maharashtra,19.172136,77.316580
1403842,Instamart,Mumbai,Maharashtra,19.165392,72.846725
1390224,Instamart,Mumbai,Maharashtra,19.133278,72.813000
1392531,Instamart,Mumbai,Maharashtra,19.000903,72.830223
1389632,Instamart,Navi Mumbai,Maharashtra,19.165497,72.996665
1402784,Instamart,Dombivli,Maharashtra,19.155699,73.074898
1395728,Instamart,Dombivli,Maharashtra,19.163778,73.076000
788745,Instamart,Thane,Maharashtra,19.158428,72.941495
1402806,Instamart,Mumbai,Maharashtra,19.139512,72.928823
1398452,Instamart,Mumbai,Maharashtra,19.137528,72.833722
1386534,Instamart,Amarnath,Maharashtra,19.164154,73.116582
1402064,Instamart,Mumbai,Maharashtra,19.178824,72.874072
1230883,Instamart,Mumbai,Maharashtra,19.173818,72.856488
1278165,Instamart,Thane,Maharashtra,19.170386,72.953872
1403692,Instamart,Badlapur,Maharashtra,19.159433,73.227699
1402264,Instamart,Thane,Maharashtra,19.184767,72.948677
1401266,Instamart,Dombivli,Maharashtra,19.188412,73.094688
929911,Instamart,Thane,Maharashtra,19.193231,72.956769
1239162,Instamart,Mumbai,Maharashtra,19.176810,72.834220
1238357,Instamart,Dombivli,Maharashtra,19.207338,73.098347
1400231,Instamart,Mumbai,Maharashtra,19.208417,72.825028
1382439,Instamart,Mumbai,Maharashtra,19.205790,72.874100
1388387,Instamart,Kalyan,Maharashtra,19.226485,73.133177
1400553,Instamart,Thane,Maharashtra,19.200708,72.999932
1237261,Instamart,Mumbai,Maharashtra,19.231257,72.860731
1336659,Instamart,Thane,Maharashtra,19.228015,72.975696
1400552,Instamart,Ulhasnagar,Maharashtra,19.225778,73.165472
1399706,Instamart,Dombivli,Maharashtra,19.226694,73.083389
1062418,Instamart,Mumbai,Maharashtra,19.251583,72.858646
1390223,Instamart,Kalyan,Maharashtra,19.254440,73.139913
1404646,Instamart,Thane,Maharashtra,19.250110,72.974074
1396296,Instamart,Thane,Maharashtra,19.265951,72.965698
1403034,Instamart,Thane,Maharashtra,19.232634,72.993787
1403747,Instamart,Brahmapur,Odisha,19.305496,84.781799
1388687,Instamart,Bhayandar,Maharashtra,19.300099,72.855130
1346590,Instamart,Bhayandar,Maharashtra,19.285109,72.876539
1404642,Instamart,Bhayandar,Maharashtra,19.280079,72.877907
1314371,Instamart,Virar,Maharashtra,19.384573,72.830382
1388686,Instamart,Virar,Maharashtra,19.410025,72.830872
1402063,Instamart,Virar,Maharashtra,19.470556,72.808861
1401651,Instamart,Aurangabad,Maharashtra,19.875542,75.328245
1402065,Instamart,Nashik,Maharashtra,19.959111,73.836222
1400978,Instamart,Nashik,Maharashtra,19.960196,73.769783
1389256,Instamart,Nashik,Maharashtra,19.997022,73.750238
1403726,Instamart,Aurangabad,Maharashtra,19.853090,75.311142
1397037,Instamart,Nashik,Maharashtra,20.016139,73.836417
1404444,Instamart,Bhubaneshwar,Odisha,20.246355,85.844650
1401465,Instamart,Bhubaneshwar,Odisha,20.278778,85.773361
1398747,Instamart,Bhubaneshwar,Odisha,20.295194,85.815278
1398746,Instamart,Bhubaneshwar,Odisha,20.281071,85.855515
1401658,Instamart,Aurangabad,Maharashtra,19.876664,75.354340
1400964,Instamart,Bhubaneshwar,Odisha,20.352500,85.825444
1401276,Instamart,Vapi,Gujarat,20.367194,72.925194
1403140,Instamart,Cuttack,Odisha,20.460764,85.891617
1388452,Instamart,Nashik,Maharashtra,19.991313,73.791213
1400218,Instamart,Bhubaneshwar,Odisha,20.249674,85.785660
1402771,Instamart,Amravati,Maharashtra,20.918550,77.760269
1401715,Instamart,Vapi,Gujarat,20.381639,72.905889
1402772,Instamart,Amravati,Maharashtra,20.955302,77.764407
1392532,Instamart,Nagpur,Maharashtra,21.092139,79.073111
1399707,Instamart,Nagpur,Maharashtra,21.119297,79.070702
1389257,Instamart,Bhubaneshwar,Odisha,20.326260,85.818027
1393571,Instamart,Nagpur,Maharashtra,21.134048,79.089043
1387706,Instamart,Utran,Gujarat,21.198887,72.866979
1403419,Instamart,Nagpur,Maharashtra,21.113682,79.108017
1397035,Instamart,Nagpur,Maharashtra,21.130861,79.120278
1394674,Instamart,Surat,Gujarat,21.143965,72.762482
1402075,Instamart,Cuttack,Odisha,20.486130,85.840775
1402789,Instamart,Surat,Gujarat,21.181187,72.823158
1403369,Instamart,Durg,Chhattisgarh,21.209114,81.323738
1397039,Instamart,Surat,Gujarat,21.206806,72.776389
1392084,Instamart,Nagpur,Maharashtra,21.177046,79.088997
1397624,Instamart,Nagpur,Maharashtra,21.146797,79.054939
1382355,Instamart,Surat,Gujarat,21.149198,72.790046
1403750,Instamart,Surat,Gujarat,21.213099,72.833626
1400981,Instamart,Raipur,Chhattisgarh,21.255424,81.592628
1400986,Instamart,Raipur,Chhattisgarh,21.261362,81.644775
1400987,Instamart,Raipur,Chhattisgarh,21.223642,81.667877
1403368,Instamart,Bilaspur,Chhattisgarh,22.076469,82.150101
1403030,Instamart,Mumbai,Maharashtra,19.071075,72.864707
1381643,Instamart,Thane,Maharashtra,19.208303,72.977398
1400984,Instamart,Vadodara,Gujarat,22.254889,73.193806
1402086,Instamart,Rajkot,Gujarat,22.265305,70.799861
1404651,Instamart,Rajkot,Gujarat,22.295103,70.759773
1387082,Instamart,Vadodara,Gujarat,22.298955,73.229699
1397042,Instamart,Utran,Gujarat,21.234583,72.881417
1391902,Instamart,Padra,Gujarat,22.281321,73.134537
1388315,Instamart,Vadodara,Gujarat,22.315138,73.144345
1385567,Instamart,Vadodara,Gujarat,22.304327,73.164665
1400982,Instamart,Raipur,Chhattisgarh,21.226124,81.626907
1404876,Instamart,Virar,Maharashtra,19.424294,72.811562
1389255,Instamart,Vadodara,Gujarat,22.326226,73.197551
1314370,Instamart,Baruipur,West Bengal,22.430460,88.404365
1402467,Instamart,Rajkot,Gujarat,22.323926,70.767906
1402805,Instamart,Bishnupur,West Bengal,22.447722,88.302930
1386270,Instamart,Kolkata,West Bengal,22.465599,88.391485
901840,Instamart,Kolkata,West Bengal,22.480990,88.354762
1400223,Instamart,Kolkata,West Bengal,22.483667,88.295472
1167234,Instamart,Kolkata,West Bengal,22.479996,88.390406
1404759,Instamart,Kolkata,West Bengal,22.494434,88.333168
1403460,Instamart,Kolkata,West Bengal,22.495899,88.396439
1237258,Instamart,Kolkata,West Bengal,22.468310,88.373531
1169284,Instamart,Kolkata,West Bengal,22.521036,88.345390
1403137,Instamart,Anand,Gujarat,22.564365,72.955818
1395725,Instamart,Kolkata,West Bengal,22.508194,88.298778
1404626,Instamart,Kolkata,West Bengal,22.499842,88.324638
1386096,Instamart,Kolkata,West Bengal,22.523093,88.385927
1380621,Instamart,Kolkata,West Bengal,22.525337,88.360133
1400551,Instamart,Kolkata,West Bengal,22.543167,88.385472
1385840,Instamart,Kolkata,West Bengal,22.544794,88.360291
1401260,Instamart,Kolkata,West Bengal,22.559526,88.497699
1400971,Instamart,Kolkata,West Bengal,22.555389,88.363583
1386097,Instamart,Kolkata,West Bengal,22.574510,88.399753
1402452,Instamart,Kolkata,West Bengal,22.572970,88.459410
1403174,Instamart,Karamsad,Gujarat,22.545261,72.929382
1404781,Instamart,Haora,West Bengal,22.594795,88.339302
1391896,Instamart,Kolkata,West Bengal,22.582382,88.364813
1404795,Instamart,Kolkata,West Bengal,22.536747,88.349182
1388313,Instamart,Kolkata,West Bengal,22.607573,88.402094
1404625,Instamart,Kolkata,West Bengal,22.573360,88.445485
1403836,Instamart,Indore,Madhya Pradesh,22.645298,75.834534
1397622,Instamart,Kolkata,West Bengal,22.626302,88.382019
1388197,Instamart,Kolkata,West Bengal,22.586517,88.424866
867466,Instamart,Kolkata,West Bengal,22.624182,88.439263
1404788,Instamart,Kolkata,West Bengal,22.619806,88.417229
1404809,Instamart,Kolkata,West Bengal,22.637318,88.455307
1382353,Instamart,Kolkata,West Bengal,22.596117,88.433645
1395726,Instamart,Kolkata,West Bengal,22.665132,88.370017
1404707,Instamart,Kolkata,West Bengal,22.627628,88.424179
1382982,Instamart,Kolkata,West Bengal,22.642799,88.421606
1400969,Instamart,Indore,Madhya Pradesh,22.709167,75.922583
1404586,Instamart,Madhyamgram,West Bengal,22.680519,88.452385
1402441,Instamart,Bengaluru,Karnataka,12.862157,77.684001
1382165,Instamart,Indore,Madhya Pradesh,22.704551,75.872402
1403840,Instamart,Barakpur,West Bengal,22.785063,88.389877
1403472,Instamart,Barasat,West Bengal,22.728496,88.498061
1402059,Instamart,Indore,Madhya Pradesh,22.733889,75.832056
1388386,Instamart,Indore,Madhya Pradesh,22.686170,75.829217
1404858,Instamart,Nizamabad,Telangana,18.668260,78.109760
1401659,Instamart,Jamshedpur,Jharkhand,22.790150,86.225876
1401475,Instamart,Indore,Madhya Pradesh,22.763361,75.923389
1403141,Instamart,Jamshedpur,Jharkhand,22.810060,86.204181
1402470,Instamart,Jamshedpur,Jharkhand,22.797083,86.178389
1387079,Instamart,Kolkata,West Bengal,22.622082,88.479584
1402796,Instamart,Ahmedabad,Gujarat,23.008919,72.615433
1404453,Instamart,Ahmedabad,Gujarat,23.017954,72.476517
1403027,Instamart,Jugsalai,Jharkhand,22.781419,86.139319
1403028,Instamart,Jamshedpur,Jharkhand,22.839609,86.208908
1386811,Instamart,Ahmedabad,Gujarat,22.996097,72.510688
1400957,Instamart,Ahmedabad,Gujarat,23.021742,72.662255
1401479,Instamart,Kanchrapara,West Bengal,22.972138,88.433073
1385642,Instamart,Ahmedabad,Gujarat,23.033834,72.558546
1383570,Instamart,Ahmedabad,Gujarat,23.037697,72.511901
1403690,Instamart,Ahmedabad,Gujarat,23.027887,72.529768
1393824,Instamart,Ahmedabad,Gujarat,23.024222,72.471944
1403829,Instamart,Ahmedabad,Gujarat,23.043175,72.547928
1401245,Instamart,Ahmedabad,Gujarat,23.058873,72.538831
1402439,Instamart,Ahmedabad,Gujarat,23.043167,72.589250
1397023,Instamart,Ahmedabad,Gujarat,23.074738,72.521431
1388194,Instamart,Gandhinagar,Gujarat,23.096482,72.549681
1402450,Instamart,Jabalpur,Madhya Pradesh,23.163221,79.940475
1400955,Instamart,Gandhinagar,Gujarat,23.117359,72.563644
1388195,Instamart,Gandhinagar,Gujarat,23.106505,72.597883
1401277,Instamart,Ujjain,Madhya Pradesh,23.157410,75.794899
1387076,Instamart,Gandhinagar,Gujarat,23.184080,72.630542
1401108,Instamart,Jabalpur,Madhya Pradesh,23.159397,79.908528
1403830,Instamart,Bhopal,Madhya Pradesh,23.183430,77.461945
1393825,Instamart,Bhopal,Madhya Pradesh,23.174469,77.437280
1402468,Instamart,Ujjain,Madhya Pradesh,23.191971,75.791009
1402258,Instamart,Jabalpur,Madhya Pradesh,23.192715,79.918190
1403205,Instamart,Bhopal,Madhya Pradesh,23.219551,77.390572
1403753,Instamart,Bhopal,Madhya Pradesh,23.251731,77.496158
1399345,Instamart,Bhopal,Madhya Pradesh,23.234306,77.432444
1399344,Instamart,Bhopal,Madhya Pradesh,23.254083,77.412278
1397619,Instamart,Bhopal,Madhya Pradesh,23.277427,77.462238
1395730,Instamart,Ranchi,Jharkhand,23.352444,85.327278
1403691,Instamart,Bhopal,Madhya Pradesh,23.303156,77.415434
1402619,Instamart,Ranchi,Jharkhand,23.350528,85.288139
1401273,Instamart,Ranchi,Jharkhand,23.394139,85.353694
1400560,Instamart,Ranchi,Jharkhand,23.380407,85.342880
1399804,Instamart,Udaipur,Rajasthan,24.567083,73.714611
1403748,Instamart,Durgapur,West Bengal,23.521045,87.346680
1401279,Instamart,Kota,Rajasthan,25.136583,75.845639
1401281,Instamart,Kota,Rajasthan,25.198250,75.840306
1402074,Instamart,Ramnagar,Uttar Pradesh,25.253306,82.978389
1401280,Instamart,Kota,Rajasthan,25.180750,75.880750
1396292,Instamart,Ramnagar,Uttar Pradesh,25.274778,82.984139
1394452,Instamart,Varanasi,Uttar Pradesh,25.307583,82.983861
1404835,Instamart,Varanasi,Uttar Pradesh,25.286749,82.997116
1404674,Instamart,Varanasi,Uttar Pradesh,25.341345,82.979950
1401660,Instamart,Varanasi,Uttar Pradesh,25.366236,83.005478
1403373,Instamart,Jhansi,Uttar Pradesh,25.451014,78.589200
1397089,Instamart,Udaipur,Rajasthan,24.591948,73.697639
1402244,Instamart,Prayagraj,Uttar Pradesh,25.432226,81.823341
1399808,Instamart,Prayagraj,Uttar Pradesh,25.452361,81.863528
1403977,Instamart,Jhansi,Uttar Pradesh,25.454418,78.544464
1398451,Instamart,Udaipur,Rajasthan,24.621278,73.706611
1402604,Instamart,Prayagraj,Uttar Pradesh,25.439177,81.793663
1401271,Instamart,Patna,Bihar,25.585083,85.135278
1404890,Instamart,Patna,Bihar,25.582089,85.098673
1400979,Instamart,Patna,Bihar,25.590611,85.164111
1404850,Instamart,Khagaul,Bihar,25.601332,85.033936
1402068,Instamart,Patna,Bihar,25.614893,85.167336
1402265,Instamart,Patna,Bihar,25.623306,85.104583
1401272,Instamart,Danapur,Bihar,25.618917,85.078611
1402807,Instamart,Danapur,Bihar,25.622671,85.059967
1403365,Instamart,Patna,Bihar,25.622401,85.123313
1404797,Instamart,Muzaffarpur,Bihar,26.116173,85.396744
1404802,Instamart,Guwahati,Assam,26.143778,91.740761
1404784,Instamart,Guwahati,Assam,26.119938,91.774139
1402469,Instamart,Guwahati,Assam,26.129447,91.808947
1404745,Instamart,Guwahati,Assam,26.139816,91.765091
1402803,Instamart,Guwahati,Assam,26.160798,91.775254
1401288,Instamart,Guwahati,Assam,26.178202,91.756638
1404096,Instamart,Gwalior,Madhya Pradesh,26.200052,78.156334
1401256,Instamart,Morar,Madhya Pradesh,26.216583,78.218278
1404864,Instamart,Guwahati,Assam,26.173395,91.741264
1402626,Instamart,Jodhpur,Rajasthan,26.264889,72.993500
1403689,Instamart,Gwalior,Madhya Pradesh,26.230537,78.180061
1402623,Instamart,Kanpur,Uttar Pradesh,26.412292,80.385895
1398750,Instamart,Kanpur,Uttar Pradesh,26.427917,80.320389
1402472,Instamart,Ajmer,Rajasthan,26.468089,74.639319
1402770,Instamart,Ajmer,Rajasthan,26.492615,74.622289
1398751,Instamart,Nawabganj,Uttar Pradesh,26.501667,80.255750
1397090,Instamart,Nawabganj,Uttar Pradesh,26.478083,80.294583
1403752,Instamart,Siliguri,West Bengal,26.705435,88.415833
1400925,Instamart,Gorakhpur,Uttar Pradesh,26.722056,83.390056
1402077,Instamart,Siliguri,West Bengal,26.734333,88.404111
1404649,Instamart,Siliguri,West Bengal,26.724613,88.428932
1402260,Instamart,Jaipur,Rajasthan,26.805694,75.860778
1397032,Instamart,Lucknow,Uttar Pradesh,26.761889,80.947500
1402809,Instamart,Siliguri,West Bengal,26.740038,88.427261
1401262,Instamart,Lucknow,Uttar Pradesh,26.786806,80.909500
1400225,Instamart,Lucknow,Uttar Pradesh,26.784139,80.991750
1403183,Instamart,Gorakhpur,Uttar Pradesh,26.785437,83.387672
1403751,Instamart,Siliguri,West Bengal,26.762159,88.446121
1402252,Instamart,Gorakhpur,Uttar Pradesh,26.753944,83.376528
1395724,Instamart,Jaipur,Rajasthan,26.802528,75.825333
1401477,Instamart,Jaipur,Rajasthan,26.851139,75.773889
1403559,Instamart,Lucknow,Uttar Pradesh,26.811924,80.900208
1402782,Instamart,Lucknow,Uttar Pradesh,26.836581,80.879339
1386095,Instamart,Jaipur,Rajasthan,26.846963,75.809024
1402783,Instamart,Lucknow,Uttar Pradesh,26.830586,81.018830
1381754,Instamart,Jaipur,Rajasthan,26.863781,75.749832
1402259,Instamart,Jaipur,Rajasthan,26.839215,75.870725
1347753,Instamart,Lucknow,Uttar Pradesh,26.841938,80.929886
1398443,Instamart,Lucknow,Uttar Pradesh,26.836618,81.002455
1404095,Instamart,Lucknow,Uttar Pradesh,26.862658,81.010438
1388196,Instamart,Jaipur,Rajasthan,26.897012,75.831418
1400970,Instamart,Jaipur,Rajasthan,26.882583,75.740611
1402612,Instamart,Jaipur,Rajasthan,26.888680,75.773865
1400973,Instamart,Lucknow,Uttar Pradesh,26.866194,80.880194
1346769,Instamart,Jaipur,Rajasthan,26.882701,75.796909
1398442,Instamart,Lucknow,Uttar Pradesh,26.875000,81.013056
1403187,Instamart,Lucknow,Uttar Pradesh,26.872900,80.957300
1401263,Instamart,Lucknow,Uttar Pradesh,26.890843,80.975339
1402262,Instamart,Goshainganj,Uttar Pradesh,26.886770,81.050553
1339714,Instamart,Lucknow,Uttar Pradesh,26.910656,80.946451
1382166,Instamart,Jaipur,Rajasthan,26.917498,75.743404
1382290,Instamart,Jaipur,Rajasthan,26.937537,75.800074
1403026,Instamart,Jaipur,Rajasthan,26.946300,75.744200
1400975,Instamart,Lucknow,Uttar Pradesh,26.933861,80.913972
1400974,Instamart,Lucknow,Uttar Pradesh,26.928871,80.964718
1399803,Instamart,Jaipur,Rajasthan,26.976266,75.775033
1401076,Instamart,Agra,Uttar Pradesh,27.198250,78.003694
1401259,Instamart,Jaipur,Rajasthan,26.831889,75.819111
1402243,Instamart,Agra,Uttar Pradesh,27.204694,77.954861
1402076,Instamart,Mathura,Uttar Pradesh,27.497111,77.661583
1400222,Instamart,Jaipur,Rajasthan,26.901250,75.709833
1400958,Instamart,Aligarh,Uttar Pradesh,27.884111,78.066083
1400959,Instamart,Aligarh,Uttar Pradesh,27.900056,78.095694
1403367,Instamart,Bikaner,Rajasthan,28.003454,73.341644
1402606,Instamart,Bareilly,Uttar Pradesh,28.351030,79.423350
1393826,Instamart,Faridabad,Haryana,28.391960,77.293542
1402253,Instamart,Gurugram,Haryana,28.361194,77.065250
1404834,Instamart,Faridabad,Haryana,28.363240,77.325650
1402055,Instamart,Gurugram,Haryana,28.387579,76.976972
1387568,Instamart,Gurugram,Haryana,28.398878,76.955192
1278169,Instamart,Gurugram,Haryana,28.391181,77.057603
1382258,Instamart,Gurugram,Haryana,28.394562,77.034994
1404613,Instamart,Gurugram,Haryana,28.422071,77.090134
1381444,Instamart,Faridabad,Haryana,28.418240,77.349749
1391900,Instamart,Faridabad,Haryana,28.409797,77.318897
1389633,Instamart,Gurugram,Haryana,28.412856,77.042650
1402607,Instamart,Gurugram,Haryana,28.426149,76.936973
1398454,Instamart,Gurugram,Haryana,28.408583,77.062444
1395428,Instamart,Gurugram,Haryana,28.439750,77.103333
1402066,Instamart,Greater Noida,Uttar Pradesh,28.427754,77.509092
1389006,Instamart,Gurugram,Haryana,28.449587,77.001076
1402056,Instamart,Gurugram,Haryana,28.435222,77.033611
1397028,Instamart,Gurugram,Haryana,28.426861,77.045750
1401469,Instamart,Gurugram,Haryana,28.410722,76.907250
1402609,Instamart,Gurugram,Haryana,28.426005,77.067713
1402463,Instamart,Greater Noida,Uttar Pradesh,28.436065,77.478912
1391899,Instamart,Faridabad,Haryana,28.455094,77.311602
1399346,Instamart,Greater Noida,Uttar Pradesh,28.465833,77.560806
1388388,Instamart,Greater Noida,Uttar Pradesh,28.473300,77.504225
1400549,Instamart,Gurugram,Haryana,28.444468,77.060062
1402608,Instamart,Gurugram,Haryana,28.460083,77.055306
1382659,Instamart,Gurugram,Haryana,28.483541,77.021668
1392083,Instamart,Gurugram,Haryana,28.441902,77.094724
1394450,Instamart,New Delhi,Delhi,28.492417,77.184889
1394451,Instamart,Gurugram,Haryana,28.470730,77.041298
1380623,Instamart,Gurugram,Haryana,28.489441,77.096838
1239163,Instamart,Gurugram,Haryana,28.462702,77.087471
1402624,Instamart,Greater Noida,Uttar Pradesh,28.482050,77.540170
1403213,Instamart,Gurugram,Haryana,28.436736,77.082384
1402248,Instamart,Noida,Uttar Pradesh,28.502103,77.318222
1401254,Instamart,Gurugram,Haryana,28.476500,77.084889
1398757,Instamart,Gurugram,Haryana,28.505851,77.069317
1386536,Instamart,New Delhi,Delhi,28.525244,77.154404
762551,Instamart,Gurugram,Haryana,28.452970,77.081707
1384513,Instamart,Gurugram,Haryana,28.501631,77.044554
1403184,Instamart,Gurugram,Haryana,28.495284,77.020353
1402777,Instamart,New Delhi,Delhi,28.514877,77.206154
1404627,Instamart,Noida,Uttar Pradesh,28.501326,77.390182
1397625,Instamart,Noida,Uttar Pradesh,28.504167,77.414750
1389690,Instamart,Noida,Uttar Pradesh,28.542370,77.257278
1399700,Instamart,New Delhi,Delhi,28.534481,77.218636
1398130,Instamart,Noida,Uttar Pradesh,28.540333,77.372500
1402457,Instamart,New Delhi,Delhi,28.577245,77.050226
1399699,Instamart,New Delhi,Delhi,28.541028,77.129278
1404818,Instamart,Noida,Uttar Pradesh,28.540827,77.335770
1404604,Instamart,Gurugram,Haryana,28.517735,77.037374
1401661,Instamart,Ghaziabad,Uttar Pradesh,28.574722,77.436167
1404610,Instamart,New Delhi,Delhi,28.606396,77.033605
1398755,Instamart,New Delhi,Delhi,28.562528,77.211500
1404675,Instamart,Noida,Uttar Pradesh,28.545033,77.262329
1387704,Instamart,Noida,Uttar Pradesh,28.572830,77.272838
1383134,Instamart,Noida,Uttar Pradesh,28.558014,77.346292
1384147,Instamart,Noida,Uttar Pradesh,28.554394,77.374933
1382167,Instamart,Noida,Uttar Pradesh,28.565747,77.396113
1382871,Instamart,New Delhi,Delhi,28.584799,77.069095
810368,Instamart,New Delhi,Delhi,28.556290,77.174751
406774,Instamart,New Delhi,Delhi,28.538353,77.214690
1404584,Instamart,New Delhi,Delhi,28.565346,77.199799
1267917,Instamart,New Delhi,Delhi,28.557799,77.236092
1383851,Instamart,New Delhi,Delhi,28.572895,77.227996
1395430,Instamart,Noida,Uttar Pradesh,28.581507,77.322784
1382494,Instamart,Noida,Uttar Pradesh,28.571125,77.258329
1390227,Instamart,Noida,Uttar Pradesh,28.578416,77.384428
1403311,Instamart,New Delhi,Delhi,28.633530,77.137220
1404587,Instamart,Greater Noida,Uttar Pradesh,28.570330,77.485649
1384143,Instamart,New Delhi,Delhi,28.594436,77.025226
1401649,Instamart,New Delhi,Delhi,28.593732,77.087420
762550,Instamart,New Delhi,Delhi,28.621530,77.083237
1401654,Instamart,New Delhi,Delhi,28.620583,77.117194
1404576,Instamart,Noida,Uttar Pradesh,28.612513,77.303497
1387705,Instamart,New Delhi,Delhi,28.620369,77.040327
1386943,Instamart,Noida,Uttar Pradesh,28.595272,77.319807
1388198,Instamart,Noida,Uttar Pradesh,28.619795,77.369682
1401713,Instamart,Ghaziabad,Uttar Pradesh,28.628000,77.441222
1381835,Instamart,New Delhi,Delhi,28.644291,77.176638
1400556,Instamart,Noida,Uttar Pradesh,28.593778,77.403139
1383133,Instamart,Noida,Uttar Pradesh,28.606684,77.364766
1404167,Instamart,Ghaziabad,Uttar Pradesh,28.597317,77.450081
1389634,Instamart,Ghaziabad,Uttar Pradesh,28.622773,77.425346
1403206,Instamart,New Delhi,Delhi,28.628297,77.278720
1062419,Instamart,New Delhi,Delhi,28.644846,77.200924
1402615,Instamart,Dasna,Uttar Pradesh,28.651101,77.510737
1400548,Instamart,New Delhi,Delhi,28.639064,77.069527
1386535,Instamart,New Delhi,Delhi,28.640551,77.119766
1099457,Instamart,New Delhi,Delhi,28.635017,77.091123
1230886,Instamart,Noida,Uttar Pradesh,28.626045,77.303794
649841,Instamart,New Delhi,Delhi,28.641892,77.282251
1401267,Instamart,Noida,Uttar Pradesh,28.642750,77.360167
1229997,Instamart,New Delhi,Delhi,28.650220,77.161232
1099458,Instamart,Noida,Uttar Pradesh,28.608001,77.292480
1062420,Instamart,New Delhi,Delhi,28.640135,77.107727
649851,Instamart,New Delhi,Delhi,28.648539,77.123928
1099459,Instamart,New Delhi,Delhi,28.655923,77.281872
1400555,Instamart,Ghaziabad,Uttar Pradesh,28.655319,77.400871
1394453,Instamart,Ghaziabad,Uttar Pradesh,28.672261,77.440055
1400967,Instamart,New Delhi,Delhi,28.682167,77.058778
1399806,Instamart,Noida,Uttar Pradesh,28.642278,77.334667
1385945,Instamart,Noida,Uttar Pradesh,28.664040,77.321404
1404450,Instamart,New Delhi,Delhi,28.672993,77.093109
1261842,Instamart,New Delhi,Delhi,28.651164,77.141291
1400924,Instamart,New Delhi,Delhi,28.662389,77.155944
1403207,Instamart,New Delhi,Delhi,28.658655,77.202430
1400547,Instamart,New Delhi,Delhi,28.700417,77.163306
1402052,Instamart,New Delhi,Delhi,28.673000,77.170306
1380671,Instamart,Loni,Uttar Pradesh,28.690066,77.283795
1404755,Instamart,New Delhi,Delhi,28.702271,77.181221
1388689,Instamart,Loni,Uttar Pradesh,28.678051,77.314262
1403518,Instamart,Loni,Uttar Pradesh,28.682836,77.346220
1400226,Instamart,Ghaziabad,Uttar Pradesh,28.654556,77.361778
1403179,Instamart,Loni,Uttar Pradesh,28.687647,77.291998
1387080,Instamart,Ghaziabad,Uttar Pradesh,28.698797,77.422718
1062023,Instamart,New Delhi,Delhi,28.716239,77.114781
1404596,Instamart,New Delhi,Delhi,28.692215,77.116348
1402053,Instamart,New Delhi,Delhi,28.739250,77.197722
1403364,Instamart,Ghaziabad,Uttar Pradesh,28.684383,77.376872
1384511,Instamart,New Delhi,Delhi,28.715442,77.138837
1402249,Instamart,Loni,Uttar Pradesh,28.718990,77.265877
1403516,Instamart,Dasna,Uttar Pradesh,28.697865,77.485786
1404620,Instamart,New Delhi,Delhi,28.744797,77.132637
1404165,Instamart,New Delhi,Delhi,28.698431,77.101982
1386271,Instamart,New Delhi,Delhi,28.702855,77.147173
1401290,Instamart,Moradabad,Uttar Pradesh,28.844917,78.760556
1403371,Instamart,Rohtak,Haryana,28.892620,76.618644
1403370,Instamart,Rohtak,Haryana,28.898944,76.586886
1402272,Instamart,Moradabad,Uttar Pradesh,28.871639,78.754194
1389689,Instamart,New Delhi,Delhi,28.622128,77.069461
1400983,Instamart,Sonipat,Haryana,28.985806,77.021472
1401283,Instamart,Meerut,Uttar Pradesh,28.967861,77.688250
1403188,Instamart,Meerut,Uttar Pradesh,28.953913,77.735535
1402620,Instamart,Meerut,Uttar Pradesh,28.994900,77.706900
1401282,Instamart,Daurala,Uttar Pradesh,29.044929,77.707016
1402787,Instamart,Kichha,Uttarakhand,28.980120,79.400340
1401291,Instamart,Panipat,Haryana,29.409333,76.970000
1403556,Instamart,Karnal,Haryana,29.684500,76.984100
1401278,Instamart,Sri Ganganagar,Rajasthan,29.909063,73.880938
1402847,Instamart,Panipat,Haryana,29.382806,76.973611
1403422,Instamart,Panipat,Haryana,29.389719,76.954277
1403458,Instamart,Thanesar,Haryana,29.969390,76.839550
1403512,Instamart,Bathinda,Punjab,30.225600,74.954500
1401285,Instamart,Roorkee,Uttarakhand,29.867015,77.887902
1388685,Instamart,Dehradun,Uttarakhand,30.305838,78.047440
1391903,Instamart,Dehradun,Uttarakhand,30.295594,77.998469
1403754,Instamart,Saharanpur,Uttar Pradesh,29.941175,77.541145
1401270,Instamart,Patiala,Punjab,30.366425,76.402039
1401289,Instamart,Ambala,Haryana,30.341556,76.837139
1401268,Instamart,Patiala,Punjab,30.329639,76.392972
1394449,Instamart,Dehradun,Uttarakhand,30.322098,78.003609
1403178,Instamart,Dehradun,Uttarakhand,30.337343,78.055297
1402271,Instamart,Ambala,Haryana,30.374516,76.781993
1393569,Instamart,Raipur,Uttarakhand,30.354936,78.083698
1404603,Instamart,Raipur,Uttarakhand,30.371376,78.075996
1388997,Instamart,Basi,Punjab,30.638794,76.818305
1385562,Instamart,Basi,Punjab,30.658505,76.856737
1403511,Instamart,Mohali,Punjab,30.655311,76.740891
1387906,Instamart,Mohali,Punjab,30.673237,76.723481
1387905,Instamart,Chandigarh,Chandigarh,30.680975,76.843560
1403687,Instamart,Mohali,Punjab,30.656696,76.682142
1390220,Instamart,Mohali,Punjab,30.695250,76.675001
1403831,Instamart,Mohali,Punjab,30.688835,76.712470
1403976,Instamart,Chandigarh,Chandigarh,30.717900,76.754500
1385943,Instamart,Kharar,Punjab,30.728289,76.673743
1389004,Instamart,Chandigarh,Chandigarh,30.710278,76.839139
1403510,Instamart,Mohali,Punjab,30.718893,76.709421
1386912,Instamart,Kharar,Punjab,30.745110,76.652473
1397025,Instamart,Kharar,Punjab,30.756194,76.636250
1383823,Instamart,Chandigarh,Chandigarh,30.749759,76.751449
1381441,Instamart,Chandigarh,Chandigarh,30.722138,76.766475
1404680,Instamart,Ludhiana,Punjab,30.860981,75.868828
1397034,Instamart,Ludhiana,Punjab,30.916722,75.823333
1404447,Instamart,Ludhiana,Punjab,30.902227,75.910682
1401264,Instamart,Ludhiana,Punjab,30.877253,75.799052
1395727,Instamart,Ludhiana,Punjab,30.913624,75.868454
1401284,Instamart,Jalandhar,Punjab,31.294535,75.579483
1402621,Instamart,Jalandhar,Punjab,31.342944,75.592639
1404306,Instamart,Amritsar,Punjab,31.631193,74.815299
1397088,Instamart,Amritsar,Punjab,31.630861,74.881778
1404754,Instamart,Pune,Maharashtra,18.502438,73.808907
1401269,Instamart,Patiala,Punjab,30.363250,76.371444
1348435,Instamart,Basi,Punjab,30.639908,76.823570
1397796,Instamart,Bengaluru,Karnataka,12.909667,77.602889
1380712,Instamart,Hyderabad,Telangana,17.453387,78.363890
1267913,Instamart,Hyderabad,Telangana,17.408607,78.449978
1400609,Instamart,Bengaluru,Karnataka,12.956667,77.719778
1392421,Instamart,Bengaluru,Karnataka,12.909483,77.697731
1389251,Instamart,Bengaluru,Karnataka,13.008450,77.759705
1402247,Instamart,Dehradun,Uttarakhand,30.334490,77.967049
1381157,Instamart,Bengaluru,Karnataka,12.901864,77.723510
1402474,Instamart,Nagercoil,Tamil Nadu,8.184644,77.418613
1403189,Instamart,Thiruvananthapuram,Kerala,8.468031,76.983640
1404824,Instamart,Thiruvananthapuram,Kerala,8.493482,76.926186
1404900,Instamart,Thiruvananthapuram,Kerala,8.506700,76.995900
1396291,Instamart,Thiruvananthapuram,Kerala,8.545856,76.921219
1387569,Instamart,Thiruvananthapuram,Kerala,8.490834,76.976966
1397045,Instamart,Thiruvananthapuram,Kerala,8.573296,76.868958
1402070,Instamart,Thiruvananthapuram,Kerala,8.543278,76.971778
1403190,Instamart,Thiruvananthapuram,Kerala,8.700694,76.813389
1381968,Instamart,Thiruvananthapuram,Kerala,8.550076,76.876228
1401286,Instamart,Tirunelveli,Tamil Nadu,8.710639,77.748500
1401656,Instamart,Tirunelveli,Tamil Nadu,8.807639,78.134583
1402780,Instamart,Kollam,Kerala,8.873115,76.624164
1402261,Instamart,Kollam,Kerala,8.912046,76.628407
1400224,Instamart,Kollam,Kerala,8.885139,76.580889
1402456,Instamart,Chengannur,Kerala,9.317660,76.614834
1402471,Instamart,Kottayam,Kerala,9.449212,76.541220
1401077,Instamart,Alleppey,Kerala,9.492133,76.330620
1403841,Instamart,Kottayam,Kerala,9.661879,76.550209
1399704,Instamart,Kochi,Kerala,9.952363,76.359457
1402451,Instamart,Kochi,Kerala,9.905029,76.318619
1402453,Instamart,Madurai,Tamil Nadu,9.883303,78.058290
1397629,Instamart,Kochi,Kerala,10.022389,76.274028
1403029,Instamart,Madurai,Tamil Nadu,9.950917,78.171568
1403838,Instamart,Kochi,Kerala,10.003842,76.380211
1403362,Instamart,Kochi,Kerala,10.126095,76.322508
1381277,Instamart,Kochi,Kerala,10.051167,76.318309
1403759,Instamart,Karaikkudi,Tamil Nadu,10.071007,78.771027
1402072,Instamart,Thrissur,Kerala,10.486479,76.237671
1402613,Instamart,Perumpavur,Kerala,10.127368,76.471415
1403142,Instamart,Thrissur,Kerala,10.529137,76.256164
1403209,Instamart,Muvattupuzha,Kerala,9.983535,76.574961
1403844,Instamart,Thrissur,Kerala,10.312263,76.335106
1402455,Instamart,Thrissur,Kerala,10.548174,76.227562
1402061,Instamart,Kochi,Kerala,10.195761,76.390893
1402263,Instamart,Madurai,Tamil Nadu,9.900021,78.117065
1403456,Instamart,Thanjavur,Tamil Nadu,10.757196,79.123787
1402073,Instamart,Tiruchirappalli,Tamil Nadu,10.756853,78.700823
1404925,Instamart,Palakkad,Kerala,10.772066,76.670486
1402071,Instamart,Thrissur,Kerala,10.552611,76.170972
1403372,Instamart,Karur,Tamil Nadu,10.947171,78.092315
1403558,Instamart,Karur,Tamil Nadu,10.962600,78.065100
1403185,Instamart,Kochi,Kerala,10.086144,76.383682
1401253,Instamart,Coimbatore,Tamil Nadu,10.944722,76.951611
1403359,Instamart,Coimbatore,Tamil Nadu,11.042581,76.976960
1402067,Instamart,Palakkad,Kerala,10.792933,76.638695
1403420,Instamart,Kochi,Kerala,10.042830,76.299736
1401274,Instamart,Tiruppur,Tamil Nadu,11.095639,77.356861
1402069,Instamart,Thanjavur,Tamil Nadu,10.774110,79.138534
1404585,Instamart,Kozhikode,Kerala,11.244663,75.835655
1397030,Instamart,Kozhikode,Kerala,11.237444,75.804694
1403186,Instamart,Mavoor,Kerala,11.324191,75.936476
1404931,Instamart,Kozhikode,Kerala,11.287324,75.784195
1396290,Instamart,Kozhikode,Kerala,11.271893,75.824120
1401275,Instamart,Tiruppur,Tamil Nadu,11.122250,77.340000
1398447,Instamart,Salem,Tamil Nadu,11.641389,78.151167
1402054,Instamart,Erode,Tamil Nadu,11.325111,77.683889
1399347,Instamart,Tiruchirappalli,Tamil Nadu,10.809694,78.678639
1404569,Instamart,Cannanore,Kerala,11.870083,75.371445
1402786,Instamart,Puducherry,Puducherry,11.932495,79.784645
1395429,Instamart,Mysore,Karnataka,12.286363,76.614399
1403050,Instamart,Bengaluru,Karnataka,12.842996,77.726624
1404928,Instamart,Ullal,Karnataka,12.809300,74.875542
1403465,Instamart,Mangaluru,Karnataka,12.894200,74.890300
1402682,Instamart,Kanchipuram,Tamil Nadu,12.835780,79.707719
1404867,Instamart,Vellore,Tamil Nadu,12.887102,79.136093
1404785,Instamart,Mysore,Karnataka,12.320313,76.603270
1388112,Instamart,Bengaluru,Karnataka,12.978119,77.675976
1403049,Instamart,Bengaluru,Karnataka,13.053649,77.484710
1404799,Instamart,Bengaluru,Karnataka,13.102744,77.444717
1403143,Instamart,Tiruvallur,Tamil Nadu,13.134000,79.913270
1403313,Instamart,Chennai,Tamil Nadu,13.076758,80.125557
1381832,Instamart,Chennai,Tamil Nadu,12.837858,80.230818
1404617,Instamart,Bengaluru,Karnataka,12.984131,77.767464
1403019,Instamart,Bengaluru,Karnataka,12.987618,77.729741
1403177,Instamart,Chennai,Tamil Nadu,13.166327,80.295342
1386712,Instamart,Bengaluru,Karnataka,13.098619,77.574441
1404794,Instamart,Bengaluru,Karnataka,13.103094,77.629967
1400965,Instamart,Chennai,Tamil Nadu,12.910722,80.070083
1401246,Instamart,Bengaluru,Karnataka,12.958528,77.480528
1403025,Instamart,Avadi,Tamil Nadu,13.126184,80.124443
1403356,Instamart,Chennai,Tamil Nadu,12.984448,80.128502
1403024,Instamart,Chennai,Tamil Nadu,12.821250,80.204582
1403363,Instamart,Nellore,Andhra Pradesh,14.452712,79.988483
1404769,Instamart,Anantapur,Andhra Pradesh,14.665750,77.601860
1404830,Instamart,Ongole,Andhra Pradesh,15.491481,80.048820
1404446,Instamart,Mapuca,Goa,15.591516,73.840919
1402442,Instamart,Bengaluru,Karnataka,12.941389,77.754111
810362,Instamart,Chennai,Tamil Nadu,12.972005,80.247956
1404851,Instamart,Chennai,Tamil Nadu,13.098974,80.250824
1401079,Instamart,Hyderabad,Telangana,15.797444,78.052417
1404886,Instamart,Chennai,Tamil Nadu,12.928411,80.235054
1404860,Instamart,Hyderabad,Telangana,17.370525,78.572350
1382255,Instamart,Hyderabad,Telangana,17.414711,78.498253
1400606,Instamart,Khammam,Telangana,17.250355,80.132615
1404811,Instamart,Hyderabad,Telangana,17.344585,78.392204
1385563,Instamart,Hyderabad,Telangana,17.423250,78.328844
1388311,Instamart,Hyderabad,Telangana,17.498984,78.316970
1403837,Instamart,Karimnagar,Telangana,18.457127,79.122014
1387703,Instamart,Mumbai,Maharashtra,19.047268,72.908150
1404907,Instamart,Gurugram,Maharashtra,18.970366,73.131569
1404877,Instamart,Mumbai,Maharashtra,19.267670,72.878021
1381561,Instamart,Thane,Maharashtra,19.276134,72.960238
1398759,Instamart,Navi Mumbai,Maharashtra,19.142621,72.991394
1403022,Instamart,Bhubaneshwar,Odisha,20.235384,85.765930
1404808,Instamart,Bhubaneshwar,Odisha,20.350960,85.831192
1403021,Instamart,Bhubaneshwar,Odisha,20.360258,85.828873
1401464,Instamart,Bhubaneshwar,Odisha,20.322943,85.883331
1395731,Instamart,Rajkot,Gujarat,22.302320,70.795950
1391895,Instamart,Kolkata,West Bengal,22.512056,88.418194
1404787,Instamart,Kolkata,West Bengal,22.587393,88.492569
973251,Instamart,Indore,Madhya Pradesh,22.748165,75.890765
1402788,Instamart,Silchar,Assam,24.803789,92.793533
1404857,Instamart,Varanasi,Uttar Pradesh,25.293060,82.973836
1402255,Instamart,Gwalior,Madhya Pradesh,26.206593,78.189559
1401287,Instamart,Dibrugarh,Assam,27.470333,94.932671
1402047,Instamart,Aligarh,Uttar Pradesh,27.925139,78.076611
1402245,Instamart,Bareilly,Uttar Pradesh,28.373782,79.459371
1403212,Instamart,Greater Noida,Uttar Pradesh,28.450961,77.523830
1402462,Instamart,Ghaziabad,Uttar Pradesh,28.561563,77.444542
1383383,Instamart,Gurugram,Haryana,28.564283,77.050354
1403208,Instamart,New Delhi,Delhi,28.670467,77.083404
1403474,Instamart,Thanesar,Haryana,29.969639,76.890396
1403513,Instamart,Kharar,Punjab,30.733200,76.647400
1403048,Instamart,Thrissur,Kerala,10.506684,76.211044
1386817,Instamart,Indore,Madhya Pradesh,22.728663,75.888336
1403843,Instamart,Surat,Gujarat,21.184334,72.786377
1404856,Instamart,Vijayawada,Andhra Pradesh,16.487633,80.677467
1403415,Instamart,Kolkata,West Bengal,22.483118,88.338387
1397618,Instamart,Ahmedabad,Gujarat,22.998083,72.468444
1386812,Instamart,Ahmedabad,Gujarat,23.022988,72.556744
1401487,Instamart,Dibrugarh,Assam,27.475639,94.908889
1403725,Instamart,Faridabad,Haryana,28.404200,77.348500
1298919,Instamart,Gurugram,Haryana,28.472171,77.071091
1404841,Instamart,New Delhi,Delhi,28.546551,77.189613
1404825,Instamart,Noida,Uttar Pradesh,28.551748,77.355266
1404820,Instamart,Ghaziabad,Uttar Pradesh,28.608730,77.430443
1404859,Instamart,Noida,Uttar Pradesh,28.593775,77.349159
1386719,Instamart,New Delhi,Delhi,28.641541,77.234208
1385946,Instamart,Ghaziabad,Uttar Pradesh,28.640442,77.377862
1403517,Instamart,Ghaziabad,Uttar Pradesh,28.659957,77.466500
1404166,Instamart,Ghaziabad,Uttar Pradesh,28.654839,77.435064
1404098,Instamart,Ghaziabad,Uttar Pradesh,28.678897,77.474107
1401650,Instamart,Sri Ganganagar,Rajasthan,29.924022,73.863671
1381970,Instamart,Raipur,Uttarakhand,30.368827,78.074725
1404600,Instamart,Dehradun,Uttarakhand,30.312504,78.023117
1404885,Instamart,Thiruvananthapuram,Kerala,8.532538,76.955170
1404672,Instamart,Kochi,Kerala,9.988272,76.310474
1404677,Instamart,Kochi,Kerala,10.016194,76.374750
1381848,Instamart,Bengaluru,Karnataka,12.818141,77.663995
1387560,Instamart,Bengaluru,Karnataka,12.831984,77.690608
1382707,Instamart,Bengaluru,Karnataka,12.856550,77.593760
1237709,Instamart,Bengaluru,Karnataka,12.894056,77.565621
1231052,Instamart,Bengaluru,Karnataka,12.914477,77.644778
1404588,Instamart,Chennai,Tamil Nadu,12.913692,80.179843
1400215,Instamart,Bengaluru,Karnataka,12.928417,77.740528
1397026,Instamart,Chennai,Tamil Nadu,12.932956,80.141286
1382350,Instamart,Bengaluru,Karnataka,12.975393,77.705571
816648,Instamart,Bengaluru,Karnataka,12.987999,77.618539
1349401,Instamart,Chennai,Tamil Nadu,12.974486,80.203573
1402774,Instamart,Bengaluru,Karnataka,12.978532,77.511703
1231805,Instamart,Bengaluru,Karnataka,13.022278,77.607834
1390218,Instamart,Bengaluru,Karnataka,13.023479,77.639465
1404662,Instamart,Bengaluru,Karnataka,13.018540,77.684020
1399697,Instamart,Chennai,Tamil Nadu,13.029389,80.204472
1382868,Instamart,Bengaluru,Karnataka,13.069073,77.556870
1404766,Instamart,Gandhinagar,Tamil Nadu,13.029501,80.274895
1404837,Instamart,Chennai,Tamil Nadu,13.072689,80.247868
1396660,Instamart,Bengaluru,Karnataka,13.088326,77.634172
1386813,Instamart,Chennai,Tamil Nadu,13.079643,80.183221
1391894,Instamart,Hyderabad,Telangana,17.327657,78.545482
1404664,Instamart,Hyderabad,Telangana,17.341390,78.528420
1402256,Instamart,Hyderabad,Telangana,17.436472,78.553167
1393827,Instamart,Hyderabad,Telangana,17.468596,78.413518
1386094,Instamart,Hyderabad,Telangana,17.473188,78.363979
1404893,Instamart,Hyderabad,Telangana,17.517821,78.379188
1386717,Instamart,Hyderabad,Telangana,17.513169,78.479014
1380670,Instamart,Chennai,Tamil Nadu,13.078561,80.149836
1404826,Instamart,Secunderabad,Telangana,17.499710,78.510414
1385564,Instamart,Pune,Maharashtra,18.551125,73.904483
1382710,Instamart,Pune,Maharashtra,18.595010,73.758901
1113109,Instamart,Mumbai,Maharashtra,19.045020,72.868040
1404645,Instamart,Mumbai,Maharashtra,19.105726,72.851463
1404751,Instamart,Thane,Maharashtra,19.184643,72.967532
1403051,Instamart,Mumbai,Maharashtra,19.236029,72.837357
1404771,Instamart,Thane,Maharashtra,19.218496,72.953194
1400554,Instamart,Dombivli,Maharashtra,19.205342,73.115805
1404681,Instamart,Thane,Maharashtra,19.215929,72.976555
1386450,Instamart,Noida,Uttar Pradesh,28.644719,77.352034
1386092,Instamart,Kochi,Kerala,10.007586,76.354427
1398756,Instamart,Chennai,Tamil Nadu,13.074728,80.168022
1404770,Instamart,Gurugram,Haryana,28.462852,77.080444
1403020,Instamart,Bengaluru,Karnataka,12.973482,77.609406
1401110,Instamart,Bengaluru,Karnataka,12.875824,77.591164
1400930,Instamart,Bengaluru,Karnataka,13.016234,77.650452
1404452,Instamart,Bengaluru,Karnataka,13.057866,77.648520
1404591,Instamart,Bengaluru,Karnataka,12.892978,77.574669
1404673,Instamart,Bengaluru,Karnataka,13.036905,77.627979
1403749,Instamart,Bengaluru,Karnataka,12.964695,77.533346
1404590,Instamart,Bengaluru,Karnataka,12.937196,77.614273
1400216,Instamart,Bengaluru,Karnataka,13.042220,77.612453
42985,Blinkit,Thiruvananthapuram,Kerala,8.478260,76.954711
40038,Blinkit,Thiruvananthapuram,Kerala,8.525199,76.955395
38514,Blinkit,Kottayam,Kerala,9.587031,76.535782
38406,Blinkit,Madurai,Tamil Nadu,9.922391,78.095686
39056,Blinkit,Kochi,Kerala,9.949993,76.253442
36232,Blinkit,Kochi,Kerala,9.954734,76.346040
37696,Blinkit,Kochi,Kerala,9.958444,76.302082
35756,Blinkit,Kochi,Kerala,9.984797,76.306209
35896,Blinkit,Kochi,Kerala,10.001312,76.279546
36590,Blinkit,Kochi,Kerala,10.016227,76.362413
36310,Blinkit,Kochi,Kerala,10.027027,76.311059
35852,Blinkit,Kochi,Kerala,10.008747,76.342281
39110,Blinkit,Kochi,Kerala,10.107542,76.352666
39824,Blinkit,Thrissur,Kerala,10.507087,76.223679
38405,Blinkit,Thrissur,Kerala,10.532675,76.202612
38044,Blinkit,Tiruchirappalli,Tamil Nadu,10.821211,78.688267
47035,Blinkit,Coimbatore,Tamil Nadu,10.993074,76.950511
35954,Blinkit,Coimbatore,Tamil Nadu,11.018940,76.989076
45700,Blinkit,Coimbatore,Tamil Nadu,11.028525,76.901815
35956,Blinkit,Coimbatore,Tamil Nadu,11.026353,76.936925
36692,Blinkit,Coimbatore,Tamil Nadu,11.012463,77.021797
46973,Blinkit,Coimbatore,Tamil Nadu,11.016229,76.956813
39366,Blinkit,Coimbatore,Tamil Nadu,11.049733,77.036669
39048,Blinkit,Coimbatore,Tamil Nadu,11.083893,76.979977
46959,Blinkit,Coimbatore,Tamil Nadu,11.076944,76.942639
38606,Blinkit,Kozhikode,Kerala,11.271478,75.777888
38452,Blinkit,Erode,Tamil Nadu,11.337223,77.710025
40190,Blinkit,Salem,Tamil Nadu,11.677176,78.154673
39044,Blinkit,Puducherry,Puducherry,11.940733,79.826230
35900,Blinkit,Mysore,Karnataka,12.268195,76.641805
37422,Blinkit,Mysore,Karnataka,12.296857,76.631491
45943,Blinkit,Mysore,Karnataka,12.302968,76.692990
37128,Blinkit,Mysore,Karnataka,12.344286,76.614296
38286,Blinkit,Mysore,Karnataka,12.326085,76.660542
37470,Blinkit,Mysore,Karnataka,12.332830,76.632473
45857,Blinkit,Mandya,Karnataka,12.521134,76.897227
45783,Blinkit,Bengaluru,Karnataka,12.722347,77.703508
39206,Blinkit,Hosur,Tamil Nadu,12.729730,77.820178
36014,Blinkit,Chennai,Tamil Nadu,12.725198,79.995806
37808,Blinkit,Bengaluru,Karnataka,12.791647,77.655487
45797,Blinkit,Hosur,Tamil Nadu,12.783344,77.770397
39370,Blinkit,Bengaluru,Karnataka,12.789612,77.703833
40092,Blinkit,Bengaluru,Karnataka,12.813287,77.509341
43547,Blinkit,Chennai,Tamil Nadu,12.816187,80.077534
45779,Blinkit,Chennai,Tamil Nadu,12.790973,80.221083
44856,Blinkit,Chennai,Tamil Nadu,12.819154,80.042820
41513,Blinkit,Hosur,Tamil Nadu,12.818617,77.785811
45076,Blinkit,Bengaluru,Karnataka,12.842056,77.589743
37516,Blinkit,Bengaluru,Karnataka,12.820302,77.663517
37086,Blinkit,Chennai,Tamil Nadu,12.827298,80.164781
31033,Blinkit,Bengaluru,Karnataka,12.835925,77.699360
41539,Blinkit,Bengaluru,Karnataka,12.842177,77.640923
38106,Blinkit,Chennai,Tamil Nadu,12.829494,80.046657
35562,Blinkit,Chennai,Tamil Nadu,12.842976,80.227315
30720,Blinkit,Bengaluru,Karnataka,12.836432,77.664968
45018,Blinkit,Chennai,Tamil Nadu,12.845493,80.148211
38260,Blinkit,Chennai,Tamil Nadu,12.860373,80.073415
41773,Blinkit,Mangaluru,Karnataka,12.867910,74.846730
31025,Blinkit,Bengaluru,Karnataka,12.851351,77.651870
34288,Blinkit,Hosur,Tamil Nadu,12.859960,77.777324
44077,Blinkit,Bengaluru,Karnataka,12.851351,77.674360
35552,Blinkit,Chennai,Tamil Nadu,12.881442,80.197587
34348,Blinkit,Bengaluru,Karnataka,12.864865,77.600619
40532,Blinkit,Hosur,Tamil Nadu,12.883055,77.754162
41471,Blinkit,Chennai,Tamil Nadu,12.889709,80.115750
37340,Blinkit,Mangaluru,Karnataka,12.885654,74.845297
40150,Blinkit,Bengaluru,Karnataka,12.886243,77.451265
31462,Blinkit,Bengaluru,Karnataka,12.871430,77.616851
30614,Blinkit,Bengaluru,Karnataka,12.893015,77.649786
40528,Blinkit,Bengaluru,Karnataka,12.889571,77.540832
30792,Blinkit,Bengaluru,Karnataka,12.874884,77.648029
31250,Blinkit,Bengaluru,Karnataka,12.884289,77.672327
42458,Blinkit,Bengaluru,Karnataka,12.873711,77.570318
30248,Blinkit,Bengaluru,Karnataka,12.894479,77.565405
41161,Blinkit,Bengaluru,Karnataka,12.889161,77.601402
30638,Blinkit,Bengaluru,Karnataka,12.889444,77.620613
30788,Blinkit,Bengaluru,Karnataka,12.884755,77.595987
37330,Blinkit,Bengaluru,Karnataka,12.892301,77.574235
38212,Blinkit,Bengaluru,Karnataka,12.893590,77.662752
34744,Blinkit,Bengaluru,Karnataka,12.895589,77.632709
39451,Blinkit,Vellore,Tamil Nadu,12.929456,79.135142
30644,Blinkit,Chennai,Tamil Nadu,12.892983,80.231233
46663,Blinkit,Mangaluru,Karnataka,12.927532,74.858144
34544,Blinkit,Bengaluru,Karnataka,12.916988,77.499314
34612,Blinkit,Bengaluru,Karnataka,12.915573,77.518838
33992,Blinkit,Bengaluru,Karnataka,12.905926,77.608978
39459,Blinkit,Bengaluru,Karnataka,12.910448,77.566900
33415,Blinkit,Bengaluru,Karnataka,12.907260,77.545928
39058,Blinkit,Bengaluru,Karnataka,12.905405,77.587191
40589,Blinkit,Bengaluru,Karnataka,12.908670,77.650666
34994,Blinkit,Bengaluru,Karnataka,12.912703,77.625055
45342,Blinkit,Bengaluru,Karnataka,12.900671,77.662816
31304,Blinkit,Bengaluru,Karnataka,12.908500,77.676308
34262,Blinkit,Bengaluru,Karnataka,12.903379,77.638754
38326,Blinkit,Chennai,Tamil Nadu,12.915151,80.156940
39466,Blinkit,Chennai,Tamil Nadu,12.924682,80.098079
33317,Blinkit,Chennai,Tamil Nadu,12.914728,80.190099
34610,Blinkit,Bengaluru,Karnataka,12.932746,77.491357
31532,Blinkit,Bengaluru,Karnataka,12.926079,77.589477
40102,Blinkit,Bengaluru,Karnataka,12.926123,77.608701
38218,Blinkit,Bengaluru,Karnataka,12.929283,77.562595
42474,Blinkit,Bengaluru,Karnataka,12.932432,77.575640
36385,Blinkit,Bengaluru,Karnataka,12.919247,77.614843
36475,Blinkit,Bengaluru,Karnataka,12.919552,77.648514
36527,Blinkit,Bengaluru,Karnataka,12.923822,77.638368
38280,Blinkit,Bengaluru,Karnataka,12.914828,77.667046
36222,Blinkit,Bengaluru,Karnataka,12.923240,77.695173
40777,Blinkit,Bengaluru,Karnataka,12.926263,77.739021
34546,Blinkit,Bengaluru,Karnataka,12.936663,77.548582
38084,Blinkit,Bengaluru,Karnataka,12.938651,77.626221
36535,Blinkit,Bengaluru,Karnataka,12.932432,77.517340
40076,Blinkit,Bengaluru,Karnataka,12.927312,77.638050
30771,Blinkit,Bengaluru,Karnataka,12.931983,77.683308
39826,Blinkit,Chennai,Tamil Nadu,12.935715,80.141305
35326,Blinkit,Chennai,Tamil Nadu,12.927487,80.195084
35040,Blinkit,Chennai,Tamil Nadu,12.952399,80.185958
40580,Blinkit,Chennai,Tamil Nadu,12.931291,80.234873
37170,Blinkit,Bengaluru,Karnataka,12.960932,77.501674
39526,Blinkit,Bengaluru,Karnataka,12.950155,77.547389
42816,Blinkit,Bengaluru,Karnataka,12.942667,77.571985
30377,Blinkit,Bengaluru,Karnataka,12.943552,77.617447
38284,Blinkit,Bengaluru,Karnataka,12.945699,77.596788
44319,Blinkit,Bengaluru,Karnataka,12.957209,77.661641
33720,Blinkit,Bengaluru,Karnataka,12.950384,77.690147
35672,Blinkit,Chennai,Tamil Nadu,12.960196,80.165511
39290,Blinkit,Bengaluru,Karnataka,12.970256,77.524586
37630,Blinkit,Bengaluru,Karnataka,12.960404,77.601844
37690,Blinkit,Bengaluru,Karnataka,12.955866,77.577926
33966,Blinkit,Bengaluru,Karnataka,12.965751,77.602678
35570,Blinkit,Bengaluru,Karnataka,12.956830,77.729439
35558,Blinkit,Bengaluru,Karnataka,12.958156,77.708693
37418,Blinkit,Katpadi,Tamil Nadu,12.968401,79.148855
37022,Blinkit,Chennai,Tamil Nadu,12.959459,80.242827
36602,Blinkit,Gandhinagar,Tamil Nadu,12.982408,80.259342
41473,Blinkit,Bengaluru,Karnataka,12.987470,77.484900
34658,Blinkit,Bengaluru,Karnataka,12.975650,77.556142
42818,Blinkit,Bengaluru,Karnataka,12.980552,77.574253
44079,Blinkit,Bengaluru,Karnataka,12.982592,77.612339
30664,Blinkit,Bengaluru,Karnataka,12.977262,77.639240
35088,Blinkit,Bengaluru,Karnataka,12.979167,77.641978
35494,Blinkit,Bengaluru,Karnataka,12.969360,77.674454
35572,Blinkit,Bengaluru,Karnataka,12.974545,77.696951
38210,Blinkit,Bengaluru,Karnataka,12.963124,77.708440
41913,Blinkit,Bengaluru,Karnataka,12.967156,77.718735
41783,Blinkit,Bengaluru,Karnataka,12.974815,77.678640
36154,Blinkit,Bengaluru,Karnataka,12.980191,77.750408
31669,Blinkit,Chennai,Tamil Nadu,12.974999,80.222481
34826,Blinkit,Chennai,Tamil Nadu,12.964475,80.130118
42038,Blinkit,Chennai,Tamil Nadu,12.968415,80.097079
41455,Blinkit,Chennai,Tamil Nadu,12.983980,80.187303
30566,Blinkit,Bengaluru,Karnataka,12.985803,77.520571
31277,Blinkit,Bengaluru,Karnataka,13.000000,77.552566
45744,Blinkit,Bengaluru,Karnataka,12.997754,77.673892
31434,Blinkit,Bengaluru,Karnataka,12.995036,77.667072
39340,Blinkit,Bengaluru,Karnataka,12.980391,77.679663
34835,Blinkit,Bengaluru,Karnataka,12.980101,77.733950
34754,Blinkit,Bengaluru,Karnataka,12.989750,77.717221
38600,Blinkit,Bengaluru,Karnataka,12.982250,77.766938
43543,Blinkit,Chennai,Tamil Nadu,12.990349,80.214249
40186,Blinkit,Hassan,Karnataka,13.017251,76.110366
41915,Blinkit,Bengaluru,Karnataka,13.011487,77.543931
41651,Blinkit,Bengaluru,Karnataka,13.016434,77.503877
30995,Blinkit,Bengaluru,Karnataka,13.000912,77.613500
40144,Blinkit,Bengaluru,Karnataka,13.005003,77.565159
37674,Blinkit,Bengaluru,Karnataka,12.992275,77.598812
42312,Blinkit,Bengaluru,Karnataka,12.994633,77.615529
42260,Blinkit,Bengaluru,Karnataka,13.012818,77.642765
45094,Blinkit,Bengaluru,Karnataka,12.991341,77.705345
31320,Blinkit,Bengaluru,Karnataka,12.999061,77.714354
34538,Blinkit,Gandhinagar,Tamil Nadu,13.006365,80.257206
40861,Blinkit,Chennai,Tamil Nadu,13.013514,80.224315
40972,Blinkit,Chennai,Tamil Nadu,13.013218,80.130743
38208,Blinkit,Bengaluru,Karnataka,13.026362,77.614002
37676,Blinkit,Bengaluru,Karnataka,13.026466,77.592464
33666,Blinkit,Bengaluru,Karnataka,13.022641,77.628996
34780,Blinkit,Bengaluru,Karnataka,13.023312,77.670109
30378,Blinkit,Bengaluru,Karnataka,13.017026,77.656712
45070,Blinkit,Bengaluru,Karnataka,13.030132,77.693100
34766,Blinkit,Bengaluru,Karnataka,13.026176,77.717926
31862,Blinkit,Chennai,Tamil Nadu,13.018172,80.166809
31791,Blinkit,Chennai,Tamil Nadu,13.034947,80.212838
38150,Blinkit,Bengaluru,Karnataka,13.050234,77.487439
34742,Blinkit,Bengaluru,Karnataka,13.023311,77.537778
33974,Blinkit,Bengaluru,Karnataka,13.031846,77.572777
43063,Blinkit,Bengaluru,Karnataka,13.034088,77.609155
46785,Blinkit,Chennai,Tamil Nadu,13.045886,80.077926
33988,Blinkit,Chennai,Tamil Nadu,13.043160,80.133697
37700,Blinkit,Chennai,Tamil Nadu,13.028994,80.179148
44858,Blinkit,Gandhinagar,Tamil Nadu,13.023931,80.260492
34946,Blinkit,Gandhinagar,Tamil Nadu,13.033736,80.234596
39934,Blinkit,Bengaluru,Karnataka,13.042059,77.506828
36010,Blinkit,Bengaluru,Karnataka,13.039256,77.550150
40674,Blinkit,Bengaluru,Karnataka,13.042423,77.575400
39114,Blinkit,Bengaluru,Karnataka,13.033082,77.637692
42488,Blinkit,Bengaluru,Karnataka,13.038327,77.664595
41865,Blinkit,Chennai,Tamil Nadu,13.057558,80.114008
36473,Blinkit,Chennai,Tamil Nadu,13.052873,80.175767
33838,Blinkit,Bengaluru,Karnataka,13.062007,77.505413
34540,Blinkit,Bengaluru,Karnataka,13.063018,77.551986
43721,Blinkit,Bengaluru,Karnataka,13.054054,77.575640
44121,Blinkit,Bengaluru,Karnataka,13.069306,77.789830
34734,Blinkit,Bengaluru,Karnataka,13.052711,77.601091
33926,Blinkit,Bengaluru,Karnataka,13.070044,77.652701
31244,Blinkit,Bengaluru,Karnataka,13.029382,77.762249
33509,Blinkit,Bengaluru,Karnataka,13.046945,77.627733
34602,Blinkit,Chennai,Tamil Nadu,13.056268,80.193823
41228,Blinkit,Chennai,Tamil Nadu,13.048983,80.205996
41547,Blinkit,Chennai,Tamil Nadu,13.058833,80.224840
36371,Blinkit,Chennai,Tamil Nadu,13.061205,80.244256
38366,Blinkit,Chennai,Tamil Nadu,13.057634,80.269726
37414,Blinkit,Bengaluru,Karnataka,13.075992,77.528009
35388,Blinkit,Bengaluru,Karnataka,13.067568,77.580629
42172,Blinkit,Bengaluru,Karnataka,13.066894,77.609139
36375,Blinkit,Bengaluru,Karnataka,13.061513,77.634372
34756,Blinkit,Bengaluru,Karnataka,13.064209,77.741371
31861,Blinkit,Chennai,Tamil Nadu,13.072109,80.220929
34792,Blinkit,Chennai,Tamil Nadu,13.074752,80.254769
37424,Blinkit,Bengaluru,Karnataka,13.088639,77.488191
35894,Blinkit,Bengaluru,Karnataka,13.090943,77.601589
30832,Blinkit,Bengaluru,Karnataka,13.081651,77.633939
35264,Blinkit,Bengaluru,Karnataka,13.080075,77.644037
31757,Blinkit,Chennai,Tamil Nadu,13.085676,80.188277
36220,Blinkit,Avadi,Tamil Nadu,13.093656,80.106171
35084,Blinkit,Chennai,Tamil Nadu,13.089157,80.218113
38830,Blinkit,Chennai,Tamil Nadu,13.088289,80.251015
41971,Blinkit,Chennai,Tamil Nadu,13.090072,80.286141
38838,Blinkit,Bengaluru,Karnataka,13.104645,77.570055
37430,Blinkit,Bengaluru,Karnataka,13.102485,77.633501
40823,Blinkit,Chennai,Tamil Nadu,13.099783,80.191939
45324,Blinkit,Chennai,Tamil Nadu,13.096931,80.231807
30697,Blinkit,Chennai,Tamil Nadu,13.103753,80.249456
37126,Blinkit,Chennai,Tamil Nadu,13.118999,80.151559
42122,Blinkit,Chennai,Tamil Nadu,13.117205,80.228711
34134,Blinkit,Bengaluru,Karnataka,13.122453,77.623732
41447,Blinkit,Bengaluru,Karnataka,13.122332,77.602156
38682,Blinkit,Bengaluru,Karnataka,13.116634,77.572947
35548,Blinkit,Chennai,Tamil Nadu,13.125470,80.195051
44660,Blinkit,Chennai,Tamil Nadu,13.118451,80.261202
36430,Blinkit,Chennai,Tamil Nadu,13.138575,80.228619
38368,Blinkit,Chennai,Tamil Nadu,13.120921,80.284471
35704,Blinkit,Bengaluru,Karnataka,13.143385,77.566056
40680,Blinkit,Bengaluru,Karnataka,13.141586,77.629238
44866,Blinkit,Bengaluru,Karnataka,13.140810,77.683702
44303,Blinkit,Chennai,Tamil Nadu,13.143376,80.255290
44616,Blinkit,Chennai,Tamil Nadu,13.047085,80.266623
40405,Blinkit,Chennai,Tamil Nadu,13.182982,80.193580
38148,Blinkit,Bengaluru,Karnataka,13.229007,77.549574
45881,Blinkit,Bengaluru,Karnataka,13.228320,77.692238
45708,Blinkit,Chikmagalur,Karnataka,13.324324,75.772346
38104,Blinkit,Udupi,Karnataka,13.334577,74.749718
38922,Blinkit,Tumakuru,Karnataka,13.337004,77.118836
37328,Blinkit,Manipala,Karnataka,13.356030,74.784063
42618,Blinkit,Tirupati,Andhra Pradesh,13.614537,79.405411
38262,Blinkit,Tirupati,Andhra Pradesh,13.631757,79.425996
45777,Blinkit,Visakhapatnam,Andhra Pradesh,13.652390,79.456634
38516,Blinkit,Shivamogga,Karnataka,13.936088,75.571225
45762,Blinkit,Chitradurga,Karnataka,14.230983,76.403167
45686,Blinkit,Nellore,Andhra Pradesh,14.418919,79.957341
38476,Blinkit,Nellore,Andhra Pradesh,14.440351,79.985229
37868,Blinkit,Harihar,Karnataka,14.454267,75.914837
45638,Blinkit,Anantapur,Andhra Pradesh,14.677904,77.584484
38598,Blinkit,Ballari,Karnataka,15.153368,76.929735
41991,Blinkit,Benaulim,Goa,15.270270,73.932239
46321,Blinkit,Hospet,Karnataka,15.272165,76.393195
35000,Blinkit,Davorlim,Goa,15.277385,73.975665
38324,Blinkit,Hubli,Karnataka,15.358896,75.116798
45746,Blinkit,Hubli,Karnataka,15.368555,75.150341
34344,Blinkit,Chicalim,Goa,15.390163,73.862640
36024,Blinkit,Vasco Da Gama,Goa,15.397762,73.819009
41989,Blinkit,Ponda,Goa,15.401908,74.006264
38082,Blinkit,Hubli,Karnataka,15.450240,74.995901
44043,Blinkit,Bambolim,Goa,15.473719,73.849940
38256,Blinkit,Taleigao,Goa,15.458022,73.815731
34106,Blinkit,Panaji,Goa,15.490003,73.821368
37876,Blinkit,Goa Velha,Goa,15.489089,73.905123
44373,Blinkit,Ongole,Andhra Pradesh,15.508942,80.043539
42752,Blinkit,Candolim,Goa,15.510518,73.784958
33970,Blinkit,Serula,Goa,15.543043,73.821324
34594,Blinkit,Calangute,Goa,15.534833,73.764882
45164,Blinkit,Saligao,Goa,15.563970,73.783344
43449,Blinkit,Mapuca,Goa,15.593369,73.802200
42028,Blinkit,Vagator,Goa,15.596549,73.746069
36389,Blinkit,Mapuca,Goa,15.600151,73.817665
35694,Blinkit,Solim,Goa,15.631306,73.760677
39208,Blinkit,Hyderabad,Telangana,15.828380,78.036585
38188,Blinkit,Belgaum,Karnataka,15.834584,74.503215
38206,Blinkit,Belgaum,Karnataka,15.885541,74.510875
45130,Blinkit,Raichur,Karnataka,16.207826,77.355094
46015,Blinkit,Guntur,Andhra Pradesh,16.242345,80.642191
41705,Blinkit,Guntur,Andhra Pradesh,16.296992,80.452139
38468,Blinkit,Guntur,Andhra Pradesh,16.310811,80.416208
36594,Blinkit,Guntur,Andhra Pradesh,16.332225,80.440710
35926,Blinkit,Guntur,Andhra Pradesh,16.472973,80.616773
35686,Blinkit,Vijayawada,Andhra Pradesh,16.489077,80.687825
41607,Blinkit,Vijayawada,Andhra Pradesh,16.492091,80.670564
35930,Blinkit,Vijayawada,Andhra Pradesh,16.503652,80.650921
35684,Blinkit,Vijayawada,Andhra Pradesh,16.508695,80.674238
35952,Blinkit,Vijayawada,Andhra Pradesh,16.517193,80.624512
40773,Blinkit,Bhimavaram,Andhra Pradesh,16.540541,81.512305
39104,Blinkit,Vijayawada,Andhra Pradesh,16.532453,80.591961
39108,Blinkit,Vijayawada,Andhra Pradesh,16.547591,80.652805
45084,Blinkit,Kolhapur,Maharashtra,16.677473,74.204403
39052,Blinkit,Kolhapur,Maharashtra,16.681659,74.234941
41299,Blinkit,Eluru,Andhra Pradesh,16.712327,81.100344
38466,Blinkit,Kolhapur,Maharashtra,16.712043,74.245627
45644,Blinkit,Sangli,Maharashtra,16.835159,74.640486
40678,Blinkit,Vijayapura,Karnataka,16.834070,75.718166
42158,Blinkit,Sangli,Maharashtra,16.857476,74.584883
41101,Blinkit,Kakinada,Andhra Pradesh,16.943368,82.236419
43595,Blinkit,Rajahmundry,Andhra Pradesh,16.994732,81.804101
37020,Blinkit,Kakinada,Andhra Pradesh,16.975861,82.247902
40094,Blinkit,Kakinada,Andhra Pradesh,16.998522,82.245165
38086,Blinkit,Rajahmundry,Andhra Pradesh,17.010382,81.792667
41153,Blinkit,Rajahmundry,Andhra Pradesh,17.029857,81.785655
42857,Blinkit,Khammam,Telangana,17.258271,80.155759
40583,Blinkit,Hyderabad,Telangana,17.263917,78.381759
41525,Blinkit,Hyderabad,Telangana,17.320816,78.525104
40362,Blinkit,Hyderabad,Telangana,17.318642,78.489495
38722,Blinkit,Hyderabad,Telangana,17.323560,78.554028
38454,Blinkit,Gulbarga,Karnataka,17.334240,76.839402
35898,Blinkit,Hyderabad,Telangana,17.324899,78.426088
40921,Blinkit,Hyderabad,Telangana,17.333086,78.579648
45434,Blinkit,Hyderabad,Telangana,17.322783,78.610450
40917,Blinkit,Hyderabad,Telangana,17.343228,78.452117
40208,Blinkit,Hyderabad,Telangana,17.344697,78.392143
43715,Blinkit,Hyderabad,Telangana,17.352779,78.416178
34338,Blinkit,Hyderabad,Telangana,17.347021,78.532405
34008,Blinkit,Hyderabad,Telangana,17.358049,78.383842
36860,Blinkit,Hyderabad,Telangana,17.359337,78.477357
33531,Blinkit,Hyderabad,Telangana,17.358852,78.556683
34606,Blinkit,Hyderabad,Telangana,17.365215,78.420978
35646,Blinkit,Hyderabad,Telangana,17.382434,78.443034
37474,Blinkit,Hyderabad,Telangana,17.371836,78.506073
37088,Blinkit,Hyderabad,Telangana,17.368759,78.539703
34284,Blinkit,Hyderabad,Telangana,17.384109,78.338579
41094,Blinkit,Hyderabad,Telangana,17.383584,78.367830
41225,Blinkit,Hyderabad,Telangana,17.394955,78.426871
43439,Blinkit,Hyderabad,Telangana,17.393617,78.485584
34406,Blinkit,Hyderabad,Telangana,17.400436,78.541229
40327,Blinkit,Hyderabad,Telangana,17.396658,78.337213
39456,Blinkit,Hyderabad,Telangana,17.395355,78.362678
30881,Blinkit,Hyderabad,Telangana,17.397704,78.400637
31424,Blinkit,Hyderabad,Telangana,17.408554,78.499106
33135,Blinkit,Hyderabad,Telangana,17.401089,78.575206
30729,Blinkit,Hyderabad,Telangana,17.406416,78.374396
37684,Blinkit,Hyderabad,Telangana,17.400368,78.381929
40817,Blinkit,Hyderabad,Telangana,17.405405,78.408446
31237,Blinkit,Hyderabad,Telangana,17.402247,78.477714
38090,Blinkit,Hyderabad,Telangana,17.434995,78.658413
35310,Blinkit,Hyderabad,Telangana,17.423161,78.328687
34776,Blinkit,Hyderabad,Telangana,17.414544,78.366787
30650,Blinkit,Hyderabad,Telangana,17.417468,78.408945
35538,Blinkit,Hyderabad,Telangana,17.427083,78.432826
33513,Blinkit,Hyderabad,Telangana,17.423175,78.460273
41303,Blinkit,Hyderabad,Telangana,17.430972,78.544567
40248,Blinkit,Hyderabad,Telangana,17.421214,78.584798
36552,Blinkit,Hyderabad,Telangana,17.439101,78.332644
38272,Blinkit,Hyderabad,Telangana,17.433492,78.366242
36872,Blinkit,Hyderabad,Telangana,17.445555,78.359183
35630,Blinkit,Hyderabad,Telangana,17.438339,78.395089
40324,Blinkit,Hyderabad,Telangana,17.447473,78.502607
35560,Blinkit,Hyderabad,Telangana,17.468890,78.309545
43811,Blinkit,Hyderabad,Telangana,17.439932,78.385102
35842,Blinkit,Hyderabad,Telangana,17.449297,78.390971
41987,Blinkit,Hyderabad,Telangana,17.456921,78.433207
42030,Blinkit,Hyderabad,Telangana,17.440875,78.447604
41457,Blinkit,Hyderabad,Telangana,17.443772,78.469118
33525,Blinkit,Hyderabad,Telangana,17.456966,78.547099
40443,Blinkit,Hyderabad,Telangana,17.445946,78.280108
41721,Blinkit,Hyderabad,Telangana,17.469191,78.331777
34660,Blinkit,Hyderabad,Telangana,17.463182,78.346310
31514,Blinkit,Hyderabad,Telangana,17.469447,78.355111
35372,Blinkit,Hyderabad,Telangana,17.462277,78.367739
33874,Blinkit,Hyderabad,Telangana,17.473826,78.485139
45752,Blinkit,Hyderabad,Telangana,17.482120,78.618380
30741,Blinkit,Hyderabad,Telangana,17.474747,78.299138
40250,Blinkit,Hyderabad,Telangana,17.472973,78.346720
34828,Blinkit,Hyderabad,Telangana,17.468050,78.413275
42036,Blinkit,Hyderabad,Telangana,17.476530,78.361364
31012,Blinkit,Hyderabad,Telangana,17.481514,78.393700
34552,Blinkit,Hyderabad,Telangana,17.498626,78.315012
37626,Blinkit,Hyderabad,Telangana,17.492550,78.330619
34140,Blinkit,Hyderabad,Telangana,17.489140,78.355257
36870,Blinkit,Hyderabad,Telangana,17.477337,78.377977
35662,Blinkit,Hyderabad,Telangana,17.484806,78.417404
42807,Blinkit,Hyderabad,Telangana,17.489778,78.444071
42933,Blinkit,Hyderabad,Telangana,17.480494,78.495721
34302,Blinkit,Secunderabad,Telangana,17.502376,78.546063
40246,Blinkit,Secunderabad,Telangana,17.473840,78.550748
34034,Blinkit,Secunderabad,Telangana,17.500000,78.591476
34664,Blinkit,Hyderabad,Telangana,17.509957,78.375666
38474,Blinkit,Hyderabad,Telangana,17.500593,78.395826
34304,Blinkit,Hyderabad,Telangana,17.511075,78.457953
37426,Blinkit,Hyderabad,Telangana,17.530402,78.292842
38612,Blinkit,Hyderabad,Telangana,17.524173,78.423924
33994,Blinkit,Hyderabad,Telangana,17.534118,78.357492
31058,Blinkit,Hyderabad,Telangana,17.531406,78.392096
30765,Blinkit,Hyderabad,Telangana,17.526537,78.481740
42320,Blinkit,Hyderabad,Telangana,17.547928,78.363347
40584,Blinkit,Hyderabad,Telangana,17.554054,78.437535
42034,Blinkit,Hyderabad,Telangana,17.569230,78.478603
40080,Blinkit,Solapur,Maharashtra,17.634762,75.901574
45430,Blinkit,Hyderabad,Telangana,17.637502,78.489657
40078,Blinkit,Satara,Maharashtra,17.693752,74.006705
44393,Blinkit,Solapur,Maharashtra,17.668073,75.931347
41155,Blinkit,Solapur,Maharashtra,17.675676,75.897926
36592,Blinkit,Visakhapatnam,Andhra Pradesh,17.677845,83.198493
44395,Blinkit,Visakhapatnam,Andhra Pradesh,17.690478,83.226554
39827,Blinkit,Visakhapatnam,Andhra Pradesh,17.697619,83.161478
35960,Blinkit,Visakhapatnam,Andhra Pradesh,17.716503,83.309239
43057,Blinkit,Visakhapatnam,Andhra Pradesh,17.725538,83.305270
36224,Blinkit,Visakhapatnam,Andhra Pradesh,17.746137,83.250563
35924,Blinkit,Visakhapatnam,Andhra Pradesh,17.732268,83.300299
36351,Blinkit,Visakhapatnam,Andhra Pradesh,17.731953,83.332268
41731,Blinkit,Visakhapatnam,Andhra Pradesh,17.753999,83.218623
36228,Blinkit,Visakhapatnam,Andhra Pradesh,17.741006,83.312477
36596,Blinkit,Visakhapatnam,Andhra Pradesh,17.778778,83.358814
41699,Blinkit,Visakhapatnam,Andhra Pradesh,17.809022,83.204832
36321,Blinkit,Visakhapatnam,Andhra Pradesh,17.800499,83.358960
40074,Blinkit,Visakhapatnam,Andhra Pradesh,17.825959,83.354967
38596,Blinkit,Bidar,Karnataka,17.918932,77.509410
41092,Blinkit,Warangal,Telangana,17.976939,79.595572
41479,Blinkit,Warangal,Telangana,17.992303,79.528662
41725,Blinkit,Warangal,Telangana,18.013514,79.557461
39613,Blinkit,Vizianagaram,Andhra Pradesh,18.107219,83.400697
40968,Blinkit,Latur,Maharashtra,18.384683,76.568810
40771,Blinkit,Karimnagar,Telangana,18.437889,79.133816
31214,Blinkit,Pune,Maharashtra,18.447819,73.837080
38032,Blinkit,Pune,Maharashtra,18.439057,73.888828
35647,Blinkit,Pune,Maharashtra,18.454213,73.792467
35532,Blinkit,Pune,Maharashtra,18.444978,73.822218
41829,Blinkit,Pune,Maharashtra,18.444055,73.906484
41827,Blinkit,Pune,Maharashtra,18.455291,73.870001
37476,Blinkit,Pune,Maharashtra,18.458094,73.912512
34274,Blinkit,Pune,Maharashtra,18.457451,73.923280
33535,Blinkit,Pune,Maharashtra,18.467947,73.814169
35892,Blinkit,Pune,Maharashtra,18.458291,73.835434
34768,Blinkit,Pune,Maharashtra,18.460384,73.880394
36288,Blinkit,Pune,Maharashtra,18.463775,73.858030
38204,Blinkit,Pune,Maharashtra,18.479279,73.931259
33724,Blinkit,Bengaluru,Karnataka,12.961943,77.534090
35546,Blinkit,Chennai,Tamil Nadu,13.076872,80.160238
41207,Blinkit,Hyderabad,Telangana,17.405405,78.592288
34276,Blinkit,Hyderabad,Telangana,17.424834,78.506920
42476,Blinkit,Pune,Maharashtra,18.485606,73.798940
42943,Blinkit,Pune,Maharashtra,18.490412,73.858380
36856,Blinkit,Pune,Maharashtra,18.471663,73.914052
33409,Blinkit,Pune,Maharashtra,18.487488,73.952360
39166,Blinkit,Pune,Maharashtra,18.488350,73.825476
30615,Blinkit,Pune,Maharashtra,18.483894,73.893805
37698,Blinkit,Pune,Maharashtra,18.499192,73.961996
45030,Blinkit,Pune,Maharashtra,18.488337,74.021564
41985,Blinkit,Pune,Maharashtra,18.502423,73.739942
31026,Blinkit,Pune,Maharashtra,18.514731,73.768544
35910,Blinkit,Pune,Maharashtra,18.505751,73.927269
41523,Blinkit,Hyderabad,Telangana,17.457528,78.405445
42184,Blinkit,Hyderabad,Telangana,17.357172,78.369576
38646,Blinkit,Secunderabad,Telangana,17.509391,78.503749
36000,Blinkit,Pune,Maharashtra,18.520489,73.936692
43597,Blinkit,Hyderabad,Telangana,17.392498,78.455912
39457,Blinkit,Hyderabad,Telangana,17.412358,78.433672
39454,Blinkit,Pune,Maharashtra,18.530728,73.833646
34104,Blinkit,Pune,Maharashtra,18.525109,73.841247
32398,Blinkit,Pune,Maharashtra,18.532047,73.876470
38080,Blinkit,Pune,Maharashtra,18.518597,73.905586
30513,Blinkit,Pune,Maharashtra,18.517035,73.915467
34010,Blinkit,Pune,Maharashtra,18.533885,73.941452
40520,Blinkit,Pune,Maharashtra,18.525994,73.956534
38264,Blinkit,Pune,Maharashtra,18.541367,73.791388
30579,Blinkit,Pune,Maharashtra,18.553878,73.805103
41445,Blinkit,Pune,Maharashtra,18.538940,73.899082
41707,Blinkit,Pune,Maharashtra,18.551911,73.918503
30442,Blinkit,Pune,Maharashtra,18.547135,73.930368
45382,Blinkit,Pune,Maharashtra,18.552482,73.963739
38724,Blinkit,Pune,Maharashtra,18.551611,73.763184
31486,Blinkit,Pune,Maharashtra,18.554512,73.771618
36906,Blinkit,Pune,Maharashtra,18.560466,73.779344
36074,Blinkit,Pune,Maharashtra,18.573895,73.882721
45384,Blinkit,Pune,Maharashtra,18.551444,73.908121
38194,Blinkit,Pune,Maharashtra,18.549980,73.944199
40104,Blinkit,Pune,Maharashtra,18.566912,73.741270
45428,Blinkit,Pune,Maharashtra,18.569517,73.762261
37168,Blinkit,Pune,Maharashtra,18.579385,73.767330
37078,Blinkit,Pune,Maharashtra,18.568974,73.830610
31445,Blinkit,Pune,Maharashtra,18.562000,73.948956
35902,Blinkit,Pune,Maharashtra,18.574518,73.979034
35534,Blinkit,Pune,Maharashtra,18.582557,73.681511
33507,Blinkit,Pune,Maharashtra,18.587914,73.704906
30821,Blinkit,Pune,Maharashtra,18.581081,73.743819
39832,Blinkit,Pune,Maharashtra,18.577272,73.788195
37210,Blinkit,Pune,Maharashtra,18.586811,73.972244
31364,Blinkit,Pune,Maharashtra,18.588620,73.994420
40106,Blinkit,Pune,Maharashtra,18.597860,73.741507
31298,Blinkit,Pune,Maharashtra,18.603675,73.755904
40108,Blinkit,Pune,Maharashtra,18.601676,73.765855
45809,Blinkit,Pune,Maharashtra,18.594231,73.797171
37284,Blinkit,Pune,Maharashtra,18.615070,73.875514
40725,Blinkit,Pune,Maharashtra,18.594896,73.900298
36461,Blinkit,Pune,Maharashtra,18.519658,73.841958
45422,Blinkit,Pune,Maharashtra,18.608321,73.744127
30667,Blinkit,Pune,Maharashtra,18.603369,73.792368
35312,Blinkit,Pune,Maharashtra,18.613022,73.773525
34294,Blinkit,Pune,Maharashtra,18.601429,73.911781
38270,Blinkit,Pune,Maharashtra,18.616394,73.909655
35676,Blinkit,Pune,Maharashtra,18.622466,73.724505
36032,Blinkit,Pune,Maharashtra,18.635135,73.741151
35888,Blinkit,Pune,Maharashtra,18.635135,73.789724
35034,Blinkit,Pune,Maharashtra,18.632472,73.802872
41157,Blinkit,Pune,Maharashtra,18.628916,73.852952
35262,Blinkit,Pune,Maharashtra,18.642136,73.754356
41659,Blinkit,Pune,Maharashtra,18.654798,73.838813
45198,Blinkit,Pune,Maharashtra,18.662162,73.717543
39568,Blinkit,Alibag,Maharashtra,18.652521,72.881508
35382,Blinkit,Pune,Maharashtra,18.655160,73.780109
35530,Blinkit,Pune,Maharashtra,18.662162,73.731039
38602,Blinkit,Pune,Maharashtra,18.667624,73.889654
41168,Blinkit,Pune,Maharashtra,18.669908,73.800174
35386,Blinkit,Pune,Maharashtra,18.679454,73.833483
34146,Blinkit,Pune,Maharashtra,18.583574,73.821837
39040,Blinkit,Pune,Maharashtra,18.736488,73.673982
37076,Blinkit,Lonavla,Maharashtra,18.755077,73.404963
46401,Blinkit,Pune,Maharashtra,18.754904,73.857698
45334,Blinkit,Hyderabad,Telangana,17.368256,78.492981
38840,Blinkit,Uran,Maharashtra,18.914562,72.826010
31102,Blinkit,Uran,Maharashtra,18.943225,72.826188
34750,Blinkit,Mumbai,Maharashtra,18.962325,72.811734
30024,Blinkit,Mumbai,Maharashtra,18.964049,72.840043
40146,Blinkit,Mumbai,Maharashtra,18.957005,72.814905
45748,Blinkit,Navi Mumbai,Maharashtra,18.969596,73.016492
37918,Blinkit,Navi Mumbai,Maharashtra,18.984939,73.027539
37122,Blinkit,Mumbai,Maharashtra,18.969813,72.818381
37070,Blinkit,Mumbai,Maharashtra,18.976674,72.823820
41717,Blinkit,Panvel,Maharashtra,18.980858,73.104859
32783,Blinkit,Panvel,Maharashtra,19.005049,73.116770
44123,Blinkit,Mumbai,Maharashtra,18.988072,72.841872
41163,Blinkit,Mumbai,Maharashtra,19.002699,72.822306
34878,Blinkit,Mumbai,Maharashtra,18.997121,72.850893
34138,Blinkit,Panvel,Maharashtra,19.012405,73.090532
40670,Blinkit,Mumbai,Maharashtra,19.035293,72.895992
43559,Blinkit,Mumbai,Maharashtra,19.019631,72.832656
37472,Blinkit,Mumbai,Maharashtra,19.012310,72.850570
31038,Blinkit,Navi Mumbai,Maharashtra,19.022508,73.014938
34529,Blinkit,Navi Mumbai,Maharashtra,19.015926,73.042732
45474,Blinkit,Navi Mumbai,Maharashtra,19.021383,73.023836
34268,Blinkit,Mumbai,Maharashtra,19.030679,72.843769
39972,Blinkit,Mumbai,Maharashtra,19.033472,72.861335
36465,Blinkit,Navi Mumbai,Maharashtra,19.037177,73.063827
37432,Blinkit,Panvel,Maharashtra,19.043860,73.102078
30673,Blinkit,Mumbai,Maharashtra,19.047088,72.917631
43045,Blinkit,Mumbai,Maharashtra,19.045307,72.925325
34394,Blinkit,Navi Mumbai,Maharashtra,19.049502,73.020673
34679,Blinkit,Mumbai,Maharashtra,19.047420,72.825345
44031,Blinkit,Mumbai,Maharashtra,19.066548,72.848140
35002,Blinkit,Mumbai,Maharashtra,19.059892,72.891906
31267,Blinkit,Navi Mumbai,Maharashtra,19.052181,73.081152
38409,Blinkit,Navi Mumbai,Maharashtra,19.072172,73.095974
42526,Blinkit,Mumbai,Maharashtra,19.055982,72.833024
34556,Blinkit,Mumbai,Maharashtra,19.070032,72.903257
41649,Blinkit,Mumbai,Maharashtra,19.081081,72.879752
38026,Blinkit,Navi Mumbai,Maharashtra,19.069320,73.076462
43897,Blinkit,Ahmednagar,Maharashtra,19.078537,74.728629
33918,Blinkit,Mumbai,Maharashtra,19.086381,72.838832
39094,Blinkit,Mumbai,Maharashtra,19.081737,72.855773
36044,Blinkit,Navi Mumbai,Maharashtra,19.090032,73.006032
30860,Blinkit,Mumbai,Maharashtra,19.085078,72.889745
33503,Blinkit,Mumbai,Maharashtra,19.083071,72.909967
31466,Blinkit,Pune,Maharashtra,18.565161,73.913974
36329,Blinkit,Mumbai,Maharashtra,19.100973,72.853406
41219,Blinkit,Mumbai,Maharashtra,19.099311,72.884733
35654,Blinkit,Mumbai,Maharashtra,19.100824,72.913750
34764,Blinkit,Mumbai,Maharashtra,19.104424,72.838832
37480,Blinkit,Mumbai,Maharashtra,19.114045,72.858145
41317,Blinkit,Ahmednagar,Maharashtra,19.117943,74.730166
43041,Blinkit,Mumbai,Maharashtra,19.122004,72.868903
43507,Blinkit,Mumbai,Maharashtra,19.139922,72.812253
38202,Blinkit,Mumbai,Maharashtra,19.118905,72.938687
35030,Blinkit,Mumbai,Maharashtra,19.111911,72.884400
31225,Blinkit,Mumbai,Maharashtra,19.118493,72.905172
34272,Blinkit,Mumbai,Maharashtra,19.124405,72.924780
36912,Blinkit,Navi Mumbai,Maharashtra,19.120142,72.991108
37478,Blinkit,Mumbai,Maharashtra,19.115666,72.888090
36517,Blinkit,Mumbai,Maharashtra,19.119381,72.843705
39346,Blinkit,Navi Mumbai,Maharashtra,19.143100,73.047644
46189,Blinkit,Nanded,Maharashtra,19.149601,77.324454
41542,Blinkit,Mumbai,Maharashtra,19.158191,72.856699
30710,Blinkit,Mumbai,Maharashtra,19.130971,72.871585
37814,Blinkit,Mumbai,Maharashtra,19.134532,72.825998
33684,Blinkit,Mumbai,Maharashtra,19.134340,72.836702
34652,Blinkit,Navi Mumbai,Maharashtra,19.141257,72.991505
39567,Blinkit,Mumbai,Maharashtra,19.142132,72.796581
34292,Blinkit,Mumbai,Maharashtra,19.142042,72.835870
34410,Blinkit,Mumbai,Maharashtra,19.148649,72.930345
44317,Blinkit,Thane,Maharashtra,19.154334,72.938545
30795,Blinkit,Mumbai,Maharashtra,19.157324,72.835333
35850,Blinkit,Dombivli,Maharashtra,19.155337,73.079077
41787,Blinkit,Badlapur,Maharashtra,19.158048,73.233131
31287,Blinkit,Thane,Maharashtra,19.162427,72.937750
36519,Blinkit,Mumbai,Maharashtra,19.172987,72.874634
39978,Blinkit,Navi Mumbai,Maharashtra,19.165863,73.034438
37692,Blinkit,Amarnath,Maharashtra,19.193685,73.202378
32072,Blinkit,Dombivli,Maharashtra,19.164565,73.072028
34116,Blinkit,Dombivli,Maharashtra,19.166438,73.115753
41016,Blinkit,Nanded,Maharashtra,19.179916,77.305461
34654,Blinkit,Mumbai,Maharashtra,19.178421,72.873974
35682,Blinkit,Mumbai,Maharashtra,19.175676,72.835227
37246,Blinkit,Mumbai,Maharashtra,19.175292,72.856798
35076,Blinkit,Thane,Maharashtra,19.170771,72.943247
40439,Blinkit,Navi Mumbai,Maharashtra,19.180751,72.995195
38964,Blinkit,Thane,Maharashtra,19.192912,72.966952
38274,Blinkit,Dombivli,Maharashtra,19.180280,73.086018
41789,Blinkit,Mumbai,Maharashtra,19.184239,72.858090
35020,Blinkit,Thane,Maharashtra,19.191471,72.959848
43043,Blinkit,Mumbai,Maharashtra,19.188911,72.838832
34532,Blinkit,Dombivli,Maharashtra,19.206934,73.098243
39455,Blinkit,Amarnath,Maharashtra,19.205420,73.160552
36728,Blinkit,Mumbai,Maharashtra,19.197138,72.816155
43505,Blinkit,Mumbai,Maharashtra,19.204441,72.826969
34784,Blinkit,Mumbai,Maharashtra,19.210085,72.869127
45937,Blinkit,Thane,Maharashtra,19.197937,72.955430
42931,Blinkit,Thane,Maharashtra,19.202703,72.999154
41737,Blinkit,Ulhasnagar,Maharashtra,19.205997,73.117142
36858,Blinkit,Mumbai,Maharashtra,19.213296,72.843061
34558,Blinkit,Mumbai,Maharashtra,19.208129,72.824257
44301,Blinkit,Mumbai,Maharashtra,19.220033,72.837924
43435,Blinkit,Mumbai,Maharashtra,19.219841,72.870737
39980,Blinkit,Thane,Maharashtra,19.219257,72.958336
34286,Blinkit,Kalyan,Maharashtra,19.224000,73.124685
44816,Blinkit,Amarnath,Maharashtra,19.219041,73.200209
30930,Blinkit,Mumbai,Maharashtra,19.221528,72.846399
41529,Blinkit,Thane,Maharashtra,19.237197,72.995591
36263,Blinkit,Thane,Maharashtra,19.239771,72.970476
37986,Blinkit,Dombivli,Maharashtra,19.226240,73.083777
37810,Blinkit,Kalyan,Maharashtra,19.240364,73.158559
33313,Blinkit,Mumbai,Maharashtra,19.252751,72.865122
39298,Blinkit,Mumbai,Maharashtra,19.240580,72.845942
36598,Blinkit,Kalyan,Maharashtra,19.247986,73.139108
35664,Blinkit,Mumbai,Maharashtra,19.253169,72.854327
34672,Blinkit,Thane,Maharashtra,19.249930,72.974385
35026,Blinkit,Thane,Maharashtra,19.265493,72.965304
36459,Blinkit,Kalyan,Maharashtra,19.259744,73.142642
42999,Blinkit,Kalyan,Maharashtra,19.263892,73.123007
39566,Blinkit,Mumbai,Maharashtra,19.270391,72.880815
37032,Blinkit,Bhayandar,Maharashtra,19.275740,72.864493
35376,Blinkit,Thane,Maharashtra,19.279490,72.955430
39974,Blinkit,Bhiwandi,Maharashtra,19.274029,73.042879
43805,Blinkit,Thane,Maharashtra,19.265940,72.979103
44315,Blinkit,Bhayandar,Maharashtra,19.278879,72.885126
39982,Blinkit,Kalyan,Maharashtra,19.297935,73.219727
44261,Blinkit,Bhayandar,Maharashtra,19.299269,72.843434
41661,Blinkit,Brahmapur,Odisha,19.302929,84.797619
42164,Blinkit,Bhayandar,Maharashtra,19.314894,72.858779
42937,Blinkit,Bhayandar,Maharashtra,19.364865,72.808306
37682,Blinkit,Bhayandar,Maharashtra,19.359803,72.851735
34282,Blinkit,Virar,Maharashtra,19.387535,72.828533
39564,Blinkit,Virar,Maharashtra,19.403186,72.847299
42304,Blinkit,Virar,Maharashtra,19.420390,72.814111
34036,Blinkit,Virar,Maharashtra,19.447388,72.802585
44309,Blinkit,Virar,Maharashtra,19.462024,72.803306
36046,Blinkit,Virar,Maharashtra,19.472104,72.805989
39372,Blinkit,Palghar,Maharashtra,19.693110,72.772494
45871,Blinkit,Shirdi,Maharashtra,19.771299,74.476444
36257,Blinkit,Bhayandar,Maharashtra,19.302009,72.869404
40188,Blinkit,Puri,Odisha,19.805322,85.831408
44179,Blinkit,Aurangabad,Maharashtra,19.848207,75.297693
45072,Blinkit,Aurangabad,Maharashtra,19.849900,75.237355
42456,Blinkit,Aurangabad,Maharashtra,19.844297,75.354278
38836,Blinkit,Aurangabad,Maharashtra,19.865599,75.329421
41983,Blinkit,Aurangabad,Maharashtra,19.877965,75.358657
41315,Blinkit,Aurangabad,Maharashtra,19.912861,75.353081
38460,Blinkit,Chandrapur,Maharashtra,19.959969,79.297795
41213,Blinkit,Nashik,Maharashtra,19.958974,73.836101
36682,Blinkit,Nashik,Maharashtra,19.960348,73.769276
44620,Blinkit,Nashik,Maharashtra,19.971298,73.745083
45588,Blinkit,Nashik,Maharashtra,19.999057,73.711143
36359,Blinkit,Nashik,Maharashtra,19.987613,73.789758
40668,Blinkit,Nashik,Maharashtra,20.016591,73.835047
44772,Blinkit,Nashik,Maharashtra,20.010918,73.738396
41453,Blinkit,Nashik,Maharashtra,20.033569,73.803538
39256,Blinkit,Bhubaneshwar,Odisha,20.162162,85.700403
38288,Blinkit,Bhubaneshwar,Odisha,20.254174,85.836805
45853,Blinkit,Silvassa,Dadra and Nagar Haveli,20.278562,73.001373
41159,Blinkit,Bhubaneshwar,Odisha,20.273261,85.760306
39408,Blinkit,Bhubaneshwar,Odisha,20.248570,85.795823
40864,Blinkit,Bhubaneshwar,Odisha,20.286380,85.820328
41727,Blinkit,Bhubaneshwar,Odisha,20.291606,85.862366
37750,Blinkit,Bhubaneshwar,Odisha,20.326902,85.813698
38108,Blinkit,Bhubaneshwar,Odisha,20.346864,85.814317
42182,Blinkit,Bhubaneshwar,Odisha,20.364098,85.831581
45268,Blinkit,Vapi,Gujarat,20.378378,72.917095
45702,Blinkit,Yavatmal,Maharashtra,20.391892,78.129482
38882,Blinkit,Vapi,Gujarat,20.388074,72.898890
39410,Blinkit,Cuttack,Odisha,20.462423,85.889443
44502,Blinkit,Cuttack,Odisha,20.477106,85.845376
45426,Blinkit,Valsad,Gujarat,20.605418,72.917839
38968,Blinkit,Akola,Maharashtra,20.699213,77.018095
44938,Blinkit,Wardha,Maharashtra,20.752232,78.600128
40731,Blinkit,Amravati,Maharashtra,20.910310,77.761357
37338,Blinkit,Jalalpur,Gujarat,20.945946,72.933379
40666,Blinkit,Amravati,Maharashtra,20.951714,77.765574
41517,Blinkit,Jalgaon,Maharashtra,20.996452,75.555353
44940,Blinkit,Nagpur,Maharashtra,21.040986,79.042951
37796,Blinkit,Nagpur,Maharashtra,21.089897,79.079799
36296,Blinkit,Nagpur,Maharashtra,21.084333,79.101627
43799,Blinkit,Nagpur,Maharashtra,21.106974,78.995288
36866,Blinkit,Nagpur,Maharashtra,21.106410,79.068904
42486,Blinkit,Nagpur,Maharashtra,21.104892,79.134444
37434,Blinkit,Nagpur,Maharashtra,21.112056,79.044367
41735,Blinkit,Nagpur,Maharashtra,21.117674,79.107784
36012,Blinkit,Nagpur,Maharashtra,21.137605,79.080951
46469,Blinkit,Nagpur,Maharashtra,21.135463,79.146043
35950,Blinkit,Surat,Gujarat,21.137893,72.796123
34688,Blinkit,Surat,Gujarat,21.143039,72.773429
43717,Blinkit,Sachin,Gujarat,21.141921,72.881543
42855,Blinkit,Nagpur,Maharashtra,21.157486,78.999215
42118,Blinkit,Nagpur,Maharashtra,21.139806,79.092607
45080,Blinkit,Nagpur,Maharashtra,21.138454,79.061118
39986,Blinkit,Nagpur,Maharashtra,21.141630,79.119383
35392,Blinkit,Surat,Gujarat,21.161789,72.800944
41601,Blinkit,Surat,Gujarat,21.187693,72.829474
37760,Blinkit,Durg,Chhattisgarh,21.164125,81.329757
37628,Blinkit,Durg,Chhattisgarh,21.171845,81.289905
40587,Blinkit,Surat,Gujarat,21.183000,72.879781
36588,Blinkit,Surat,Gujarat,21.189756,72.772053
37428,Blinkit,Surat,Gujarat,21.196456,72.860974
37634,Blinkit,Nagpur,Maharashtra,21.186499,79.067953
41779,Blinkit,Nagpur,Maharashtra,21.175676,79.034347
38200,Blinkit,Nagpur,Maharashtra,21.174351,79.085715
41521,Blinkit,Nagpur,Maharashtra,21.174612,79.126850
40811,Blinkit,Surat,Gujarat,21.199047,72.798219
39825,Blinkit,Raipur,Chhattisgarh,21.211974,81.664913
44944,Blinkit,Bhilai,Chhattisgarh,21.206449,81.357093
35550,Blinkit,Surat,Gujarat,21.201694,72.780129
39112,Blinkit,Utran,Gujarat,21.217714,72.885722
39936,Blinkit,Durg,Chhattisgarh,21.212951,81.324176
37166,Blinkit,Surat,Gujarat,21.230341,72.824257
35936,Blinkit,Surat,Gujarat,21.230457,72.779396
41697,Blinkit,Raipur,Chhattisgarh,21.221216,81.618920
37124,Blinkit,Utran,Gujarat,21.237288,72.874441
39360,Blinkit,Raipur,Chhattisgarh,21.247434,81.612337
37172,Blinkit,Raipur,Chhattisgarh,21.234868,81.653431
37624,Blinkit,Raipur,Chhattisgarh,21.254063,81.645991
37018,Blinkit,Raipur,Chhattisgarh,21.260750,81.672526
41151,Blinkit,Raipur,Chhattisgarh,21.278152,81.695900
45086,Blinkit,Raipur,Chhattisgarh,21.276136,81.670887
42160,Blinkit,Junagadh,Gujarat,21.518044,70.439855
40200,Blinkit,Ankleshwar,Gujarat,21.593104,73.026874
44313,Blinkit,Ankleshwar,Gujarat,21.628717,72.997115
42478,Blinkit,Bharuch,Gujarat,21.703812,72.986087
39216,Blinkit,Bhavnagar,Gujarat,21.764844,72.154745
44255,Blinkit,Bhavnagar,Gujarat,21.763775,72.123758
43047,Blinkit,Bilaspur,Chhattisgarh,22.093472,82.122975
43061,Blinkit,Bilaspur,Chhattisgarh,22.099511,82.158589
35018,Blinkit,Virar,Maharashtra,19.414239,72.825957
36457,Blinkit,Thane,Maharashtra,19.211518,72.982883
39100,Blinkit,Virar,Maharashtra,19.445946,72.816131
37622,Blinkit,Raipur,Chhattisgarh,21.242686,81.675990
31547,Blinkit,Navi Mumbai,Maharashtra,19.102952,72.998731
33722,Blinkit,Mumbai,Maharashtra,19.072245,72.867196
35566,Blinkit,Mumbai,Maharashtra,19.107151,72.901692
45280,Blinkit,Rajkot,Gujarat,22.251290,70.776977
40202,Blinkit,Rajkot,Gujarat,22.267490,70.801971
40582,Blinkit,Vadodara,Gujarat,22.247110,73.206370
35934,Blinkit,Rajkot,Gujarat,22.269502,70.761241
41655,Blinkit,Vadodara,Gujarat,22.270890,73.147042
36676,Blinkit,Vadodara,Gujarat,22.274937,73.190073
42052,Blinkit,Vadodara,Gujarat,22.286358,73.245525
34028,Blinkit,Padra,Gujarat,22.279638,73.129730
36483,Blinkit,Rajkot,Gujarat,22.285661,70.771910
43657,Blinkit,Rajkot,Gujarat,22.294481,70.759573
36084,Blinkit,Vadodara,Gujarat,22.293880,73.154260
36355,Blinkit,Vadodara,Gujarat,22.293991,73.203201
45516,Blinkit,Vaghodia,Gujarat,22.288031,73.356398
36255,Blinkit,Rajkot,Gujarat,22.295348,70.803627
37804,Blinkit,Rajkot,Gujarat,22.312332,70.761228
36030,Blinkit,Vadodara,Gujarat,22.317822,73.126103
42482,Blinkit,Vadodara,Gujarat,22.317373,73.144902
41873,Blinkit,Vadodara,Gujarat,22.308493,73.167381
43503,Blinkit,Vadodara,Gujarat,22.320425,73.207100
42316,Blinkit,Vadodara,Gujarat,22.305221,73.228836
44259,Blinkit,Vadodara,Gujarat,22.322819,73.253340
37952,Blinkit,Kharagpur,West Bengal,22.326601,87.317670
41209,Blinkit,Vadodara,Gujarat,22.344126,73.174052
39447,Blinkit,Vadodara,Gujarat,22.349680,73.202822
42114,Blinkit,Vadodara,Gujarat,22.293864,73.135373
34608,Blinkit,Baruipur,West Bengal,22.394794,88.419286
30446,Blinkit,Bishnupur,West Bengal,22.448866,88.300798
38720,Blinkit,Kolkata,West Bengal,22.443565,88.421259
30548,Blinkit,Baruipur,West Bengal,22.449872,88.390625
30801,Blinkit,Kolkata,West Bengal,22.466163,88.336209
31189,Blinkit,Kolkata,West Bengal,22.468666,88.373418
34726,Blinkit,Kolkata,West Bengal,22.464175,88.400881
43599,Blinkit,Kolkata,West Bengal,22.477721,88.362824
35542,Blinkit,Kolkata,West Bengal,22.479868,88.294563
35122,Blinkit,Kolkata,West Bengal,22.480247,88.315586
41262,Blinkit,Kolkata,West Bengal,22.480398,88.387133
35886,Blinkit,Kolkata,West Bengal,22.494346,88.333670
36554,Blinkit,Kolkata,West Bengal,22.482992,88.353705
36467,Blinkit,Kolkata,West Bengal,22.488503,88.390681
31316,Blinkit,Kolkata,West Bengal,22.486486,88.399879
40524,Blinkit,Anand,Gujarat,22.544664,72.968429
34728,Blinkit,Kolkata,West Bengal,22.495041,88.305294
35594,Blinkit,Kolkata,West Bengal,22.500485,88.389471
35794,Blinkit,Kolkata,West Bengal,22.506616,88.328443
34872,Blinkit,Kolkata,West Bengal,22.496591,88.366539
43107,Blinkit,Kolkata,West Bengal,22.500000,88.348765
35908,Blinkit,Kolkata,West Bengal,22.499290,88.410696
30752,Blinkit,Kolkata,West Bengal,22.514776,88.354817
36036,Blinkit,Bara Bazar,West Bengal,22.527054,88.327715
35082,Blinkit,Kolkata,West Bengal,22.511381,88.378697
30549,Blinkit,Kolkata,West Bengal,22.511192,88.416490
36680,Blinkit,Karamsad,Gujarat,22.545426,72.926951
40974,Blinkit,Kolkata,West Bengal,22.543281,88.285856
30817,Blinkit,Haora,West Bengal,22.531923,88.316966
41955,Blinkit,Kolkata,West Bengal,22.527027,88.377240
36531,Blinkit,Kolkata,West Bengal,22.520514,88.397644
35016,Blinkit,Kolkata,West Bengal,22.535528,88.355984
35994,Blinkit,Kolkata,West Bengal,22.537955,88.390580
40767,Blinkit,Kolkata,West Bengal,22.537599,88.365806
30551,Blinkit,Kolkata,West Bengal,22.549050,88.389315
35014,Blinkit,Kolkata,West Bengal,22.560678,88.510670
36868,Blinkit,Anand,Gujarat,22.564290,72.955853
37910,Blinkit,Haora,West Bengal,22.560558,88.309624
42040,Blinkit,Kolkata,West Bengal,22.551548,88.372576
34136,Blinkit,Kolkata,West Bengal,22.552531,88.355165
35308,Blinkit,Kolkata,West Bengal,22.570488,88.487145
30492,Blinkit,Kolkata,West Bengal,22.573290,88.400542
33547,Blinkit,Bara Bazar,West Bengal,22.570288,88.351597
41309,Blinkit,Kolkata,West Bengal,22.572931,88.458210
38258,Blinkit,Haora,West Bengal,22.587001,88.304897
42524,Blinkit,Bankra,West Bengal,22.587364,88.281073
31390,Blinkit,Kolkata,West Bengal,22.585474,88.404692
45470,Blinkit,Kolkata,West Bengal,22.578094,88.362592
31015,Blinkit,Kolkata,West Bengal,22.589265,88.375264
41365,Blinkit,Kolkata,West Bengal,22.594595,88.388989
35832,Blinkit,Kolkata,West Bengal,22.585659,88.424677
31076,Blinkit,Kolkata,West Bengal,22.581481,88.463116
46483,Blinkit,Indore,Madhya Pradesh,22.631420,75.802123
42470,Blinkit,Haora,West Bengal,22.599392,88.319496
33668,Blinkit,Bara Bazar,West Bengal,22.597887,88.346899
30668,Blinkit,Kolkata,West Bengal,22.606040,88.372168
31468,Blinkit,Kolkata,West Bengal,22.594025,88.431594
40866,Blinkit,Kolkata,West Bengal,22.589883,88.457280
29859,Blinkit,Kolkata,West Bengal,22.610367,88.406098
30872,Blinkit,Kolkata,West Bengal,22.606428,88.392205
36854,Blinkit,Kolkata,West Bengal,22.626006,88.353299
31404,Blinkit,Kolkata,West Bengal,22.610075,88.420546
35078,Blinkit,Kolkata,West Bengal,22.617863,88.444278
45472,Blinkit,Kolkata,West Bengal,22.611230,88.430445
33976,Blinkit,Kolkata,West Bengal,22.633013,88.467771
30819,Blinkit,Kolkata,West Bengal,22.624910,88.338177
35834,Blinkit,Kolkata,West Bengal,22.625925,88.381807
31059,Blinkit,Kolkata,West Bengal,22.629004,88.413962
36312,Blinkit,Indore,Madhya Pradesh,22.646715,75.833562
41461,Blinkit,Indore,Madhya Pradesh,22.676539,75.876960
33978,Blinkit,Kolkata,West Bengal,22.646466,88.379645
36226,Blinkit,Kolkata,West Bengal,22.630920,88.427174
41465,Blinkit,Kolkata,West Bengal,22.633777,88.439234
34656,Blinkit,Bali,West Bengal,22.665369,88.346412
34790,Blinkit,Kolkata,West Bengal,22.642030,88.420576
40775,Blinkit,Nadiad,Gujarat,22.690083,72.867041
40961,Blinkit,Indore,Madhya Pradesh,22.677711,75.849568
36056,Blinkit,Indore,Madhya Pradesh,22.693195,75.828368
46467,Blinkit,Indore,Madhya Pradesh,22.663261,75.914198
34270,Blinkit,Kolkata,West Bengal,22.669231,88.377149
38028,Blinkit,Kolkata,West Bengal,22.680352,88.296014
34668,Blinkit,Kolkata,West Bengal,22.660437,88.433861
36674,Blinkit,Madhyamgram,West Bengal,22.678304,88.460402
46115,Blinkit,Indore,Madhya Pradesh,22.696505,75.860243
33423,Blinkit,Indore,Madhya Pradesh,22.707796,75.922529
35322,Blinkit,Bengaluru,Karnataka,12.861995,77.684244
45819,Blinkit,Kolkata,West Bengal,22.511592,88.266363
31166,Blinkit,Kolkata,West Bengal,22.488669,88.372971
45476,Blinkit,Haora,West Bengal,22.571139,88.330402
34674,Blinkit,Kolkata,West Bengal,22.572463,88.432715
42056,Blinkit,Kolkata,West Bengal,22.626019,88.489435
38091,Blinkit,Kolkata,West Bengal,22.643340,88.465508
36367,Blinkit,Konnagar,West Bengal,22.702065,88.354811
37282,Blinkit,Kolkata,West Bengal,22.701984,88.382566
37636,Blinkit,Madhyamgram,West Bengal,22.700004,88.466609
43709,Blinkit,Indore,Madhya Pradesh,22.714060,75.904724
43713,Blinkit,Indore,Madhya Pradesh,22.717901,75.878506
43189,Blinkit,Khardah,West Bengal,22.724628,88.390137
31072,Blinkit,Khardah,West Bengal,22.716216,88.372012
34986,Blinkit,Barasat,West Bengal,22.720101,88.487393
40000,Blinkit,Indore,Madhya Pradesh,22.728445,75.829815
37024,Blinkit,Shrirampur,West Bengal,22.743243,88.345209
37632,Blinkit,Barasat,West Bengal,22.738275,88.463011
34778,Blinkit,Badlapur,Maharashtra,19.174477,73.239922
39884,Blinkit,Raipur,Chhattisgarh,21.262048,81.584041
37794,Blinkit,Bharuch,Gujarat,21.720245,73.020469
41109,Blinkit,Jamnagar,Gujarat,22.476663,70.050892
41103,Blinkit,Hyderabad,Telangana,17.318662,78.467591
42983,Blinkit,Nizamabad,Telangana,18.673564,78.092174
45272,Blinkit,Aurangabad,Maharashtra,19.846736,75.333440
41014,Blinkit,Hoshangabad,Madhya Pradesh,22.746432,77.749402
41531,Blinkit,Jugsalai,Jharkhand,22.755513,86.203435
45282,Blinkit,Pune,Maharashtra,18.513514,73.873642
33205,Blinkit,Indore,Madhya Pradesh,22.728111,75.879855
36333,Blinkit,Indore,Madhya Pradesh,22.753321,75.898739
43491,Blinkit,Indore,Madhya Pradesh,22.756119,75.930334
39926,Blinkit,Jamshedpur,Jharkhand,22.784750,86.257857
44383,Blinkit,Titagarh,West Bengal,22.755558,88.378031
33425,Blinkit,Indore,Madhya Pradesh,22.762632,75.911799
35228,Blinkit,Indore,Madhya Pradesh,22.756510,75.878090
33986,Blinkit,Barakpur,West Bengal,22.767656,88.368640
44377,Blinkit,Indore,Madhya Pradesh,22.776976,75.894145
41375,Blinkit,Jamshedpur,Jharkhand,22.801886,86.124830
41981,Blinkit,Baidyabati,West Bengal,22.777846,88.321696
38198,Blinkit,Indore,Madhya Pradesh,22.797297,75.855814
35580,Blinkit,Indore,Madhya Pradesh,22.796188,75.908646
43809,Blinkit,Jamshedpur,Jharkhand,22.796704,86.251827
41785,Blinkit,Morbi,Gujarat,22.811503,70.826380
36726,Blinkit,Jamshedpur,Jharkhand,22.803374,86.213951
36420,Blinkit,Jamshedpur,Jharkhand,22.826215,86.163253
44307,Blinkit,Jamshedpur,Jharkhand,22.814746,86.155769
40976,Blinkit,Shyamnagar,West Bengal,22.816753,88.373910
37742,Blinkit,Jamshedpur,Jharkhand,22.831600,86.222361
36345,Blinkit,Jamshedpur,Jharkhand,22.839388,86.208864
41653,Blinkit,Shyamnagar,West Bengal,22.846258,88.357692
45074,Blinkit,Bhatpara,West Bengal,22.862669,88.399383
45813,Blinkit,Hugli,West Bengal,22.893280,88.381900
38088,Blinkit,Naihati,West Bengal,22.893495,88.424127
45688,Blinkit,Ahmedabad,Gujarat,22.955551,72.650852
35042,Blinkit,Kanchrapara,West Bengal,22.977240,88.433861
35844,Blinkit,Ahmedabad,Gujarat,22.952198,72.593685
40086,Blinkit,Dewas,Madhya Pradesh,22.976602,76.054856
35848,Blinkit,Ahmedabad,Gujarat,22.977750,72.608552
34112,Blinkit,Ahmedabad,Gujarat,22.993523,72.501515
38022,Blinkit,Ahmedabad,Gujarat,22.998717,72.468124
35928,Blinkit,Ahmedabad,Gujarat,23.002264,72.516732
41357,Blinkit,Ahmedabad,Gujarat,23.002699,72.589766
41201,Blinkit,Ahmedabad,Gujarat,23.002354,72.619478
34260,Blinkit,Ahmedabad,Gujarat,22.995225,72.658640
34026,Blinkit,Ahmedabad,Gujarat,22.991665,72.603532
45478,Blinkit,Ahmedabad,Gujarat,23.022479,72.547561
35914,Blinkit,Ahmedabad,Gujarat,23.020609,72.565150
35586,Blinkit,Ahmedabad,Gujarat,23.006965,72.455851
41147,Blinkit,Ahmedabad,Gujarat,23.018298,72.471524
43647,Blinkit,Ahmedabad,Gujarat,23.024698,72.507349
35032,Blinkit,Ahmedabad,Gujarat,23.016802,72.519206
46317,Blinkit,Ahmedabad,Gujarat,23.014956,72.596345
44335,Blinkit,Ahmedabad,Gujarat,23.015432,72.673439
35528,Blinkit,Ahmedabad,Gujarat,23.046128,72.504075
30560,Blinkit,Ahmedabad,Gujarat,23.028002,72.524684
35906,Blinkit,Ahmedabad,Gujarat,23.038638,72.628777
36862,Blinkit,Ahmedabad,Gujarat,23.042194,72.663666
42853,Blinkit,Gandhidham,Gujarat,23.063934,70.131596
44385,Blinkit,Ahmedabad,Gujarat,23.034087,72.472998
35648,Blinkit,Ahmedabad,Gujarat,23.036418,72.522979
34296,Blinkit,Ahmedabad,Gujarat,23.036436,72.557532
34676,Blinkit,Ahmedabad,Gujarat,23.048271,72.589642
38604,Blinkit,Ahmedabad,Gujarat,23.045998,72.535582
39334,Blinkit,Gandhidham,Gujarat,23.075790,70.106512
36082,Blinkit,Ahmedabad,Gujarat,23.051256,72.480310
46239,Blinkit,Ahmedabad,Gujarat,23.059165,72.538941
43987,Blinkit,Ahmedabad,Gujarat,23.049549,72.514135
45016,Blinkit,Ahmedabad,Gujarat,23.072448,72.561910
45480,Blinkit,Ahmedabad,Gujarat,23.063624,72.651077
34024,Blinkit,Ahmedabad,Gujarat,23.064896,72.669153
36638,Blinkit,Ahmedabad,Gujarat,23.081081,72.500149
36852,Blinkit,Ahmedabad,Gujarat,23.081081,72.532034
39467,Blinkit,Ahmedabad,Gujarat,23.108753,72.631241
34030,Blinkit,Gandhinagar,Gujarat,23.110277,72.605635
39368,Blinkit,Ahmedabad,Gujarat,23.112155,72.658816
43762,Blinkit,Ahmedabad,Gujarat,23.084122,72.679691
35028,Blinkit,Gandhinagar,Gujarat,23.098889,72.542507
34258,Blinkit,Ahmedabad,Gujarat,23.088406,72.561910
29861,Blinkit,Gandhinagar,Gujarat,23.117211,72.563439
43495,Blinkit,Jabalpur,Madhya Pradesh,23.121622,79.969935
41108,Blinkit,Jabalpur,Madhya Pradesh,23.124919,79.928845
35836,Blinkit,Gandhinagar,Gujarat,23.130787,72.552118
41056,Blinkit,Mandideep,Madhya Pradesh,23.144099,77.488733
33998,Blinkit,Gandhinagar,Gujarat,23.147733,72.540688
40527,Blinkit,Gandhinagar,Gujarat,23.132611,72.581565
39992,Blinkit,Ujjain,Madhya Pradesh,23.157457,75.794755
41781,Blinkit,Khamaria,Madhya Pradesh,23.160123,79.873357
41535,Blinkit,Jabalpur,Madhya Pradesh,23.162935,79.944570
34666,Blinkit,Gandhinagar,Gujarat,23.162162,72.645524
38102,Blinkit,Jabalpur,Madhya Pradesh,23.158304,79.916700
33097,Blinkit,Bhopal,Madhya Pradesh,23.174279,77.433121
36339,Blinkit,Mandideep,Madhya Pradesh,23.179310,77.492153
46489,Blinkit,Mandideep,Madhya Pradesh,23.173035,77.476147
36678,Blinkit,Bhopal,Madhya Pradesh,23.181704,77.417530
35300,Blinkit,Gandhinagar,Gujarat,23.183831,72.630787
43191,Blinkit,Gandhinagar,Gujarat,23.190280,72.608059
46249,Blinkit,Ujjain,Madhya Pradesh,23.189872,75.777086
45338,Blinkit,Bhopal,Madhya Pradesh,23.200593,77.353861
33101,Blinkit,Bhopal,Madhya Pradesh,23.183184,77.462163
36327,Blinkit,Bhopal,Madhya Pradesh,23.192972,77.437167
40082,Blinkit,Jabalpur,Madhya Pradesh,23.196170,79.944006
38266,Blinkit,Jabalpur,Madhya Pradesh,23.192109,79.912049
45921,Blinkit,Jabalpur,Madhya Pradesh,23.202703,80.003380
37806,Blinkit,Gandhinagar,Gujarat,23.215095,72.648101
45632,Blinkit,Bhopal,Madhya Pradesh,23.217882,77.390512
43199,Blinkit,Bhopal,Madhya Pradesh,23.203305,77.459041
36323,Blinkit,Bhopal,Madhya Pradesh,23.229537,77.490909
40192,Blinkit,Bhopal,Madhya Pradesh,23.238531,77.436286
37862,Blinkit,Barddhaman,West Bengal,23.229730,87.867384
38886,Blinkit,Bhuj,Gujarat,23.241366,69.677787
46851,Blinkit,Bhuj,Gujarat,23.232216,69.642790
41305,Blinkit,Mahesana,Gujarat,23.234383,72.500160
38408,Blinkit,Gandhinagar,Gujarat,23.229730,72.618729
41537,Blinkit,Bhopal,Madhya Pradesh,23.251372,77.498928
35318,Blinkit,Bhopal,Madhya Pradesh,23.277421,77.372844
41739,Blinkit,Bhopal,Madhya Pradesh,23.262897,77.417815
44119,Blinkit,Bhopal,Madhya Pradesh,23.255297,77.471983
35688,Blinkit,Bhopal,Madhya Pradesh,23.270405,77.458415
45694,Blinkit,Bhopal,Madhya Pradesh,23.270522,77.331075
40100,Blinkit,Ranchi,Jharkhand,23.305291,85.313632
41825,Blinkit,Bhopal,Madhya Pradesh,23.302422,77.353937
42112,Blinkit,Bhopal,Madhya Pradesh,23.305024,77.412871
42484,Blinkit,Ratlam,Madhya Pradesh,23.328771,75.034900
40088,Blinkit,Ranchi,Jharkhand,23.344436,85.358246
37286,Blinkit,Ranchi,Jharkhand,23.342136,85.310325
43441,Blinkit,Ranchi,Jharkhand,23.356552,85.277696
35944,Blinkit,Ranchi,Jharkhand,23.363464,85.309102
36006,Blinkit,Ranchi,Jharkhand,23.355025,85.321778
35938,Blinkit,Ranchi,Jharkhand,23.364865,85.346936
36365,Blinkit,Ranchi,Jharkhand,23.373532,85.331612
40148,Blinkit,Ranchi,Jharkhand,23.380139,85.302213
37734,Blinkit,Ranchi,Jharkhand,23.392606,85.365063
39116,Blinkit,Kanke,Jharkhand,23.395117,85.331715
42314,Blinkit,Kanke,Jharkhand,23.419516,85.315668
45640,Blinkit,Kanke,Jharkhand,23.429620,85.428384
35948,Blinkit,Durgapur,West Bengal,23.513743,87.347812
43801,Blinkit,Durgapur,West Bengal,23.534181,87.309407
44183,Blinkit,Durgapur,West Bengal,23.559345,87.277998
39332,Blinkit,Visnagar,Gujarat,23.593908,72.381029
45869,Blinkit,Ramgarh,Jharkhand,23.632534,85.515495
37550,Blinkit,Chas,Jharkhand,23.652538,86.174052
41550,Blinkit,Chas,Jharkhand,23.654838,86.134422
46473,Blinkit,Bolpur,West Bengal,23.668719,87.694181
41963,Blinkit,Asansol,West Bengal,23.678573,86.978770
38876,Blinkit,Asansol,West Bengal,23.693930,86.942447
38878,Blinkit,Dhanbad,Jharkhand,23.789636,86.421039
38716,Blinkit,Dhanbad,Jharkhand,23.813093,86.459204
42810,Blinkit,Dhanbad,Jharkhand,23.822366,86.415179
41467,Blinkit,Hazaribagh,Jharkhand,23.995562,85.366497
45020,Blinkit,Palanpur,Gujarat,24.173722,72.423923
45801,Blinkit,Giridih,Jharkhand,24.189189,86.301923
42897,Blinkit,Jasidih,Jharkhand,24.490789,86.703028
36304,Blinkit,Udaipur,Rajasthan,24.547025,73.703321
41548,Blinkit,Rewa,Madhya Pradesh,24.541233,81.299702
36363,Blinkit,Udaipur,Rajasthan,24.564527,73.719463
41020,Blinkit,Satna,Madhya Pradesh,24.578260,80.830847
36980,Blinkit,Udaipur,Rajasthan,24.583423,73.666503
39569,Blinkit,Udaipur,Rajasthan,24.595275,73.769202
45692,Blinkit,Udaipur,Rajasthan,24.586210,73.699371
36349,Blinkit,Udaipur,Rajasthan,24.585959,73.719867
39834,Blinkit,Udaipur,Rajasthan,24.612662,73.704065
46024,Blinkit,Gaya,Bihar,24.773989,84.965911
39042,Blinkit,Gaya,Bihar,24.788931,85.000928
44576,Blinkit,Gaya,Bihar,24.792437,84.987477
35942,Blinkit,Kota,Rajasthan,25.131393,75.833035
40098,Blinkit,Kota,Rajasthan,25.181224,75.890849
46367,Blinkit,Mirzapur,Uttar Pradesh,25.139618,82.564521
34342,Blinkit,Kota,Rajasthan,25.147706,75.844191
38038,Blinkit,Kota,Rajasthan,25.219549,75.875339
36379,Blinkit,Kota,Rajasthan,25.201921,75.835237
44464,Blinkit,Bihar Sharif,Bihar,25.199276,85.516549
42522,Blinkit,Bhagalpur,Bihar,25.231758,86.969396
45925,Blinkit,Bhagalpur,Bihar,25.238639,86.938909
43803,Blinkit,Bhagalpur,Bihar,25.253501,87.025897
39612,Blinkit,Bhagalpur,Bihar,25.255863,86.985483
43707,Blinkit,Ramnagar,Uttar Pradesh,25.265354,82.973881
38216,Blinkit,Ramnagar,Uttar Pradesh,25.281907,82.997951
43501,Blinkit,Ramnagar,Uttar Pradesh,25.276140,82.979048
35922,Blinkit,Varanasi,Uttar Pradesh,25.294755,82.971567
41363,Blinkit,Varanasi,Uttar Pradesh,25.309540,82.956908
38290,Blinkit,Varanasi,Uttar Pradesh,25.311525,82.987717
44664,Blinkit,Varanasi,Uttar Pradesh,25.325002,83.006373
46923,Blinkit,Bhilwara,Rajasthan,25.350480,74.644009
37912,Blinkit,Varanasi,Uttar Pradesh,25.341288,82.980008
37016,Blinkit,Varanasi,Uttar Pradesh,25.358765,82.963535
43699,Blinkit,Varanasi,Uttar Pradesh,25.366653,82.994645
41319,Blinkit,Varanasi,Uttar Pradesh,25.358527,83.020319
44129,Blinkit,Jhansi,Uttar Pradesh,25.443256,78.576092
40813,Blinkit,Jhusi,Uttar Pradesh,25.400478,81.866238
42480,Blinkit,Jhusi,Uttar Pradesh,25.427747,81.910863
40403,Blinkit,Begusarai,Bihar,25.422827,86.130442
41544,Blinkit,Jhansi,Uttar Pradesh,25.441059,78.540700
36294,Blinkit,Prayagraj,Uttar Pradesh,25.432432,81.823407
42945,Blinkit,Prayagraj,Uttar Pradesh,25.440486,81.804967
37856,Blinkit,Jhansi,Uttar Pradesh,25.457586,78.611435
38214,Blinkit,Prayagraj,Uttar Pradesh,25.445946,81.777333
44391,Blinkit,Jhusi,Uttar Pradesh,25.448214,81.875900
37854,Blinkit,Jhansi,Uttar Pradesh,25.459666,78.562970
41551,Blinkit,Prayagraj,Uttar Pradesh,25.465382,81.847989
46413,Blinkit,Prayagraj,Uttar Pradesh,25.466007,81.826211
36469,Blinkit,Prayagraj,Uttar Pradesh,25.452859,81.858838
41451,Blinkit,Prayagraj,Uttar Pradesh,25.497009,81.860629
45789,Blinkit,Prayagraj,Uttar Pradesh,25.527678,81.856971
45793,Blinkit,Katihar,Bihar,25.540541,87.570638
40040,Blinkit,Patna,Bihar,25.572474,85.153103
46529,Blinkit,Ghazipur,Uttar Pradesh,25.580057,83.573962
39449,Blinkit,Khagaul,Bihar,25.576396,85.057820
38924,Blinkit,Patna,Bihar,25.583003,85.099236
45873,Blinkit,Patna,Bihar,25.584391,85.222322
40923,Blinkit,Patna,Bihar,25.586335,85.179758
39465,Blinkit,Patna,Bihar,25.584140,85.120244
43729,Blinkit,Patna,Bihar,25.600016,85.141497
39448,Blinkit,Khagaul,Bihar,25.600326,85.070650
36369,Blinkit,Khagaul,Bihar,25.605988,85.038761
36259,Blinkit,Danapur,Bihar,25.610821,85.049242
36343,Blinkit,Patna,Bihar,25.595743,85.163123
40878,Blinkit,Patna,Bihar,25.605013,85.191553
41603,Blinkit,Hajipur,Bihar,25.603917,85.216772
37874,Blinkit,Patna,Bihar,25.618002,85.119198
36418,Blinkit,Danapur,Bihar,25.616084,85.077952
39462,Blinkit,Patna,Bihar,25.609496,85.143997
37336,Blinkit,Patna,Bihar,25.624182,85.102161
39928,Blinkit,Patna,Bihar,25.606855,85.173515
44656,Blinkit,Danapur,Bihar,25.623401,85.041536
37670,Blinkit,Danapur,Bihar,25.628613,85.056026
43192,Blinkit,Patna,Bihar,25.626289,85.117602
39984,Blinkit,Danapur,Bihar,25.643732,85.083751
42298,Blinkit,Hajipur,Bihar,25.693465,85.215364
40963,Blinkit,Jaunpur,Uttar Pradesh,25.747119,82.678692
41054,Blinkit,Purnia,Bihar,25.775045,87.482723
46025,Blinkit,Samastipur,Bihar,25.857316,85.773247
41145,Blinkit,Fatehpur,Uttar Pradesh,25.925731,80.802714
46613,Blinkit,Azamgarh,Uttar Pradesh,26.061459,83.182730
45628,Blinkit,Muzaffarpur,Bihar,26.090085,85.391722
40363,Blinkit,Muzaffarpur,Bihar,26.124146,85.365405
38884,Blinkit,Muzaffarpur,Bihar,26.116380,85.397454
44774,Blinkit,Darbhanga,Bihar,26.121622,85.897847
45629,Blinkit,Guwahati,Assam,26.114234,91.714388
41703,Blinkit,Guwahati,Assam,26.120917,91.774531
40586,Blinkit,Guwahati,Assam,26.118613,91.807049
45630,Blinkit,Guwahati,Assam,26.151560,91.679452
45927,Blinkit,Guwahati,Assam,26.137538,91.788784
39828,Blinkit,Guwahati,Assam,26.139577,91.764540
39054,Blinkit,Guwahati,Assam,26.142663,91.815906
40002,Blinkit,Guwahati,Assam,26.144625,91.740918
43723,Blinkit,Muzaffarpur,Bihar,26.148649,85.391312
40870,Blinkit,Darbhanga,Bihar,26.153316,85.896696
37914,Blinkit,Guwahati,Assam,26.156586,91.782496
45286,Blinkit,Muzaffarpur,Bihar,26.144593,85.359360
41165,Blinkit,Guwahati,Assam,26.175186,91.739286
41713,Blinkit,Guwahati,Assam,26.161493,91.745837
43499,Blinkit,Guwahati,Assam,26.162494,91.770378
40588,Blinkit,Guwahati,Assam,26.170371,91.829788
43553,Blinkit,Gwalior,Madhya Pradesh,26.197565,78.156779
36026,Blinkit,Morar,Madhya Pradesh,26.205533,78.200564
38528,Blinkit,Raebareli,Uttar Pradesh,26.218641,81.254642
41729,Blinkit,Guwahati,Assam,26.184720,91.760242
37916,Blinkit,Guwahati,Assam,26.180495,91.773666
38520,Blinkit,Jodhpur,Rajasthan,26.226990,73.012678
45781,Blinkit,Guwahati,Assam,26.186018,91.702063
38407,Blinkit,Gwalior,Madhya Pradesh,26.217442,78.171223
36910,Blinkit,Jodhpur,Rajasthan,26.239506,72.979361
40966,Blinkit,Morar,Madhya Pradesh,26.231630,78.215273
39445,Blinkit,Morar,Madhya Pradesh,26.264283,78.216930
36768,Blinkit,Jodhpur,Rajasthan,26.265422,72.992379
35754,Blinkit,Jodhpur,Rajasthan,26.275067,73.029561
42300,Blinkit,Kanpur,Uttar Pradesh,26.423462,80.325581
36347,Blinkit,Kanpur,Uttar Pradesh,26.411406,80.367343
41367,Blinkit,Kanpur,Uttar Pradesh,26.429977,80.309076
42306,Blinkit,Kanpur,Uttar Pradesh,26.415213,80.383078
39214,Blinkit,Ajmer,Rajasthan,26.438460,74.651468
40723,Blinkit,Kanpur,Uttar Pradesh,26.442115,80.297735
31448,Blinkit,Kanpur,Uttar Pradesh,26.421304,80.394734
43059,Blinkit,Kanpur,Uttar Pradesh,26.444100,80.339266
43943,Blinkit,Ajmer,Rajasthan,26.474285,74.602859
35748,Blinkit,Ajmer,Rajasthan,26.491472,74.624134
41143,Blinkit,Nawabganj,Uttar Pradesh,26.465437,80.306660
43705,Blinkit,Nawabganj,Uttar Pradesh,26.465504,80.227449
33427,Blinkit,Nawabganj,Uttar Pradesh,26.484856,80.249606
43701,Blinkit,Nawabganj,Uttar Pradesh,26.486077,80.273913
34398,Blinkit,Nawabganj,Uttar Pradesh,26.472120,80.289212
34948,Blinkit,Nawabganj,Uttar Pradesh,26.482336,80.316213
41221,Blinkit,Kanpur,Uttar Pradesh,26.467337,80.329082
34912,Blinkit,Kanpur,Uttar Pradesh,26.471250,80.356135
37694,Blinkit,Kanpur,Uttar Pradesh,26.483878,80.390994
40819,Blinkit,Deoria,Uttar Pradesh,26.497763,83.773942
38089,Blinkit,Nawabganj,Uttar Pradesh,26.509101,80.248008
38834,Blinkit,Nawabganj,Uttar Pradesh,26.506472,80.278923
39160,Blinkit,Unnao,Uttar Pradesh,26.542886,80.480010
42222,Blinkit,Nawabganj,Uttar Pradesh,26.502138,80.311761
46193,Blinkit,Motihari,Bihar,26.649550,84.916074
45795,Blinkit,Siliguri,West Bengal,26.695235,88.376995
40919,Blinkit,Siliguri,West Bengal,26.703875,88.422946
45811,Blinkit,Siliguri,West Bengal,26.703750,88.452574
44668,Blinkit,Gorakhpur,Uttar Pradesh,26.709642,83.403486
44379,Blinkit,Siliguri,West Bengal,26.723133,88.384339
43693,Blinkit,Lucknow,Uttar Pradesh,26.755508,80.870494
40721,Blinkit,Gorakhpur,Uttar Pradesh,26.739364,83.426932
37802,Blinkit,Gorakhpur,Uttar Pradesh,26.736836,83.374430
44812,Blinkit,Siliguri,West Bengal,26.719517,88.429557
40686,Blinkit,Siliguri,West Bengal,26.730628,88.414207
46729,Blinkit,Siliguri,West Bengal,26.739892,88.438111
37292,Blinkit,Jaipur,Rajasthan,26.776405,75.866882
31220,Blinkit,Lucknow,Uttar Pradesh,26.762832,80.965806
36038,Blinkit,Lucknow,Uttar Pradesh,26.775695,80.945919
42993,Blinkit,Faizabad,Uttar Pradesh,26.773383,82.135548
37084,Blinkit,Gorakhpur,Uttar Pradesh,26.755522,83.361219
45586,Blinkit,Siliguri,West Bengal,26.764150,88.383512
44810,Blinkit,Siliguri,West Bengal,26.754695,88.416690
34604,Blinkit,Lucknow,Uttar Pradesh,26.763861,80.931112
38966,Blinkit,Ayodhya,Uttar Pradesh,26.775862,82.178438
44299,Blinkit,Siliguri,West Bengal,26.752571,88.444435
45024,Blinkit,Etawah,Uttar Pradesh,26.789540,79.021528
41545,Blinkit,Lucknow,Uttar Pradesh,26.778907,80.997255
30902,Blinkit,Lucknow,Uttar Pradesh,26.795339,80.880540
39833,Blinkit,Gorakhpur,Uttar Pradesh,26.779149,83.357559
41695,Blinkit,Gorakhpur,Uttar Pradesh,26.775233,83.408706
37420,Blinkit,Gorakhpur,Uttar Pradesh,26.783784,83.380135
46187,Blinkit,Bettiah,Bihar,26.797297,84.506528
35378,Blinkit,Jaipur,Rajasthan,26.821211,75.749542
33543,Blinkit,Jaipur,Rajasthan,26.801908,75.819209
34424,Blinkit,Lucknow,Uttar Pradesh,26.787485,80.909976
34662,Blinkit,Lucknow,Uttar Pradesh,26.779373,80.986871
42947,Blinkit,Lucknow,Uttar Pradesh,26.784221,80.925269
39938,Blinkit,Lucknow,Uttar Pradesh,26.806643,80.998985
46609,Blinkit,Basti,Uttar Pradesh,26.799902,82.733794
39098,Blinkit,Jaipur,Rajasthan,26.836342,75.655301
33928,Blinkit,Jaipur,Rajasthan,26.806189,75.860741
42949,Blinkit,Gorakhpur,Uttar Pradesh,26.803220,83.390982
34772,Blinkit,Jaipur,Rajasthan,26.817283,75.829060
36688,Blinkit,Lucknow,Uttar Pradesh,26.815091,80.904993
42805,Blinkit,Lucknow,Uttar Pradesh,26.835475,80.880625
38024,Blinkit,Jobner,Rajasthan,26.845115,75.569731
39102,Blinkit,Jaipur,Rajasthan,26.843241,75.630349
37030,Blinkit,Jaipur,Rajasthan,26.839689,75.698295
42813,Blinkit,Jaipur,Rajasthan,26.833468,75.768365
43941,Blinkit,Jaipur,Rajasthan,26.843879,75.804109
35642,Blinkit,Jaipur,Rajasthan,26.824553,75.855094
39998,Blinkit,Lucknow,Uttar Pradesh,26.827926,81.018472
44736,Blinkit,Jaipur,Rajasthan,26.842343,75.746408
35596,Blinkit,Jaipur,Rajasthan,26.848423,75.761893
36062,Blinkit,Jaipur,Rajasthan,26.841081,75.813730
35080,Blinkit,Jaipur,Rajasthan,26.852734,75.862983
35022,Blinkit,Lucknow,Uttar Pradesh,26.845391,80.876893
36004,Blinkit,Lucknow,Uttar Pradesh,26.840996,80.915099
35304,Blinkit,Lucknow,Uttar Pradesh,26.856489,80.953709
43655,Blinkit,Lucknow,Uttar Pradesh,26.849066,80.982590
36335,Blinkit,Lucknow,Uttar Pradesh,26.836545,81.002252
31931,Blinkit,Lucknow,Uttar Pradesh,26.841114,80.937214
42750,Blinkit,Jaipur,Rajasthan,26.865684,75.785793
35674,Blinkit,Jaipur,Rajasthan,26.856714,75.799584
43703,Blinkit,Lucknow,Uttar Pradesh,26.863032,80.914531
30485,Blinkit,Lucknow,Uttar Pradesh,26.853907,80.996860
39996,Blinkit,Lucknow,Uttar Pradesh,26.848674,81.006526
36300,Blinkit,Lucknow,Uttar Pradesh,26.853841,81.025243
34012,Blinkit,Lucknow,Uttar Pradesh,26.868341,81.035276
36253,Blinkit,Jaipur,Rajasthan,26.876195,75.775175
45698,Blinkit,Jaipur,Rajasthan,26.891178,75.888121
41311,Blinkit,Lucknow,Uttar Pradesh,26.796911,80.898693
44946,Blinkit,Jaipur,Rajasthan,26.888932,75.717928
30421,Blinkit,Jaipur,Rajasthan,26.883699,75.745763
34736,Blinkit,Jaipur,Rajasthan,26.885388,75.768365
38880,Blinkit,Jaipur,Rajasthan,26.888353,75.795531
36422,Blinkit,Lucknow,Uttar Pradesh,26.873675,80.871212
43727,Blinkit,Lucknow,Uttar Pradesh,26.877283,80.909254
42815,Blinkit,Lucknow,Uttar Pradesh,26.874695,80.933416
35536,Blinkit,Lucknow,Uttar Pradesh,26.886354,80.938136
30484,Blinkit,Lucknow,Uttar Pradesh,26.870927,80.959585
41549,Blinkit,Lucknow,Uttar Pradesh,26.875328,80.985426
31135,Blinkit,Lucknow,Uttar Pradesh,26.875467,81.003249
31275,Blinkit,Lucknow,Uttar Pradesh,26.883874,81.046112
36064,Blinkit,Goshainganj,Uttar Pradesh,26.892849,81.065285
44081,Blinkit,Jaipur,Rajasthan,26.924493,75.695098
35590,Blinkit,Jaipur,Rajasthan,26.901355,75.738632
30471,Blinkit,Jaipur,Rajasthan,26.901778,75.788455
30422,Blinkit,Jaipur,Rajasthan,26.907781,75.823954
33802,Blinkit,Lucknow,Uttar Pradesh,26.893442,80.926941
39292,Blinkit,Lucknow,Uttar Pradesh,26.890545,80.961499
33676,Blinkit,Lucknow,Uttar Pradesh,26.897691,80.965265
31000,Blinkit,Lucknow,Uttar Pradesh,26.900747,80.997659
43725,Blinkit,Lucknow,Uttar Pradesh,26.893347,81.007988
36028,Blinkit,Jaipur,Rajasthan,26.909178,75.716139
37686,Blinkit,Jaipur,Rajasthan,26.912075,75.793712
36314,Blinkit,Lucknow,Uttar Pradesh,26.909569,80.945187
44321,Blinkit,Lucknow,Uttar Pradesh,26.907559,80.958386
37756,Blinkit,Nawabganj,Uttar Pradesh,26.928619,81.190188
31068,Blinkit,Jaipur,Rajasthan,26.921533,75.732285
44181,Blinkit,Jaipur,Rajasthan,26.922602,75.797938
35380,Blinkit,Lucknow,Uttar Pradesh,26.933647,80.914567
30998,Blinkit,Lucknow,Uttar Pradesh,26.929773,80.974382
36353,Blinkit,Jaipur,Rajasthan,26.947648,75.712918
34222,Blinkit,Jaipur,Rajasthan,26.935104,75.796724
36052,Blinkit,Jaipur,Rajasthan,26.942683,75.839280
31396,Blinkit,Lucknow,Uttar Pradesh,26.935437,80.947853
31588,Blinkit,Jaipur,Rajasthan,26.945661,75.747164
33209,Blinkit,Jaipur,Rajasthan,26.955053,75.776186
35698,Blinkit,Lucknow,Uttar Pradesh,26.959917,81.000222
41777,Blinkit,Lucknow,Uttar Pradesh,26.866451,81.020599
37028,Blinkit,Jaipur,Rajasthan,26.987294,75.755201
37672,Blinkit,Jaipur,Rajasthan,27.032947,75.897234
34738,Blinkit,Lucknow,Uttar Pradesh,26.866383,80.904332
44125,Blinkit,Agra,Uttar Pradesh,27.125002,78.040186
46731,Blinkit,Shikohabad,Uttar Pradesh,27.109990,78.589368
41709,Blinkit,Lucknow,Uttar Pradesh,26.868521,81.014616
39374,Blinkit,Agra,Uttar Pradesh,27.164724,78.007337
40288,Blinkit,Firozabad,Uttar Pradesh,27.159333,78.396422
40672,Blinkit,Gonda,Uttar Pradesh,27.138598,81.956707
43895,Blinkit,Agra,Uttar Pradesh,27.153960,78.058359
36058,Blinkit,Agra,Uttar Pradesh,27.187806,77.977720
33920,Blinkit,Agra,Uttar Pradesh,27.202703,77.950498
45859,Blinkit,Bharatpur,Rajasthan,27.215232,77.504069
43945,Blinkit,Dayal Bagh,Uttar Pradesh,27.206067,78.042033
44371,Blinkit,Agra,Uttar Pradesh,27.195401,78.009298
36784,Blinkit,Agra,Uttar Pradesh,27.212501,77.959261
42162,Blinkit,Mainpuri,Uttar Pradesh,27.224812,79.036342
35916,Blinkit,Dayal Bagh,Uttar Pradesh,27.228778,77.996883
34412,Blinkit,Dayal Bagh,Uttar Pradesh,27.209896,78.009196
41215,Blinkit,Farrukhabad,Uttar Pradesh,27.387212,79.588711
42658,Blinkit,Hardoi,Uttar Pradesh,27.394547,80.138754
40096,Blinkit,Gokul,Uttar Pradesh,27.433124,77.697633
39830,Blinkit,Mathura,Uttar Pradesh,27.497826,77.653218
45550,Blinkit,Mathura,Uttar Pradesh,27.491632,77.682342
39661,Blinkit,Alwar,Rajasthan,27.535551,76.606206
44131,Blinkit,Mathura,Uttar Pradesh,27.521350,77.666390
39835,Blinkit,Sitapur,Uttar Pradesh,27.566387,80.677229
44982,Blinkit,Vrindavan,Uttar Pradesh,27.571828,77.650728
38518,Blinkit,Vrindavan,Uttar Pradesh,27.567034,77.671563
41463,Blinkit,Sikar,Rajasthan,27.608611,75.136408
35912,Blinkit,Alwar,Rajasthan,27.572976,76.614457
39250,Blinkit,Sikar,Rajasthan,27.622570,75.155094
39162,Blinkit,Aligarh,Uttar Pradesh,27.868642,78.074902
42808,Blinkit,Shahjahanpur,Uttar Pradesh,27.886282,79.914656
44375,Blinkit,Aligarh,Uttar Pradesh,27.906905,78.102014
37752,Blinkit,Aligarh,Uttar Pradesh,27.896916,78.090057
44187,Blinkit,Aligarh,Uttar Pradesh,27.903267,78.050977
39932,Blinkit,Aligarh,Uttar Pradesh,27.931668,78.087577
39836,Blinkit,Lakhimpur,Uttar Pradesh,27.953241,80.777618
37244,Blinkit,Behror,Rajasthan,27.972973,76.410343
39348,Blinkit,Bikaner,Rajasthan,28.013878,73.332711
40289,Blinkit,Bikaner,Rajasthan,28.025419,73.299887
35700,Blinkit,Dharuhera,Haryana,28.155699,76.817750
39210,Blinkit,Palwal,Haryana,28.136518,77.325214
39829,Blinkit,Rewari,Haryana,28.152651,76.633270
35958,Blinkit,Rewari,Haryana,28.187532,76.622963
36298,Blinkit,Dharuhera,Haryana,28.203606,76.828737
36292,Blinkit,Gurugram,Haryana,28.250949,77.070182
34950,Blinkit,Gurugram,Haryana,28.280634,77.067503
42863,Blinkit,Greater Noida,Uttar Pradesh,28.310152,77.552152
37754,Blinkit,Bareilly,Uttar Pradesh,28.352290,79.421560
45028,Blinkit,Bareilly,Uttar Pradesh,28.335987,79.400051
38608,Blinkit,Faridabad,Haryana,28.339702,77.331894
33682,Blinkit,Faridabad,Haryana,28.371665,77.297355
33419,Blinkit,Faridabad,Haryana,28.361649,77.352006
34786,Blinkit,Gurugram,Haryana,28.364865,76.946840
35564,Blinkit,Gurugram,Haryana,28.361707,77.071188
35010,Blinkit,Gurugram,Haryana,28.353358,76.970614
45266,Blinkit,Faridabad,Haryana,28.363379,77.325728
37342,Blinkit,Bareilly,Uttar Pradesh,28.377006,79.454624
36230,Blinkit,Faridabad,Haryana,28.370596,77.324764
43850,Blinkit,Bareilly,Uttar Pradesh,28.378378,79.410854
33407,Blinkit,Gurugram,Haryana,28.390917,76.939485
36521,Blinkit,Gurugram,Haryana,28.386422,77.021797
31307,Blinkit,Gurugram,Haryana,28.380668,76.963498
35632,Blinkit,Gurugram,Haryana,28.384747,76.979441
42098,Blinkit,Gurugram,Haryana,28.391546,76.953687
35426,Blinkit,Gurugram,Haryana,28.391371,77.057099
34836,Blinkit,Faridabad,Haryana,28.404026,77.272250
33537,Blinkit,Gurugram,Haryana,28.391892,77.067957
35708,Blinkit,Bareilly,Uttar Pradesh,28.384771,79.435941
34126,Blinkit,Gurugram,Haryana,28.395645,77.030827
33431,Blinkit,Gurugram,Haryana,28.406267,77.091495
32571,Blinkit,Faridabad,Haryana,28.404451,77.347115
31252,Blinkit,Faridabad,Haryana,28.394632,77.305539
42388,Blinkit,Faridabad,Haryana,28.394538,77.330681
34414,Blinkit,Greater Noida,Uttar Pradesh,28.427163,77.509084
35588,Blinkit,Gurugram,Haryana,28.414645,76.916140
33243,Blinkit,Gurugram,Haryana,28.402450,76.960812
36048,Blinkit,Gurugram,Haryana,28.409784,77.032945
31004,Blinkit,Gurugram,Haryana,28.402256,77.045473
35904,Blinkit,Gurugram,Haryana,28.405405,77.106392
45380,Blinkit,Gurugram,Haryana,28.396905,77.071276
30725,Blinkit,Faridabad,Haryana,28.412932,77.319232
45865,Blinkit,Faridabad,Haryana,28.417293,77.357441
33393,Blinkit,Gurugram,Haryana,28.424291,76.931540
43993,Blinkit,Gurugram,Haryana,28.421776,77.037797
36523,Blinkit,Gurugram,Haryana,28.412955,77.042694
31719,Blinkit,Gurugram,Haryana,28.413211,77.072554
42096,Blinkit,Gurugram,Haryana,28.424888,77.105635
34110,Blinkit,Gurugram,Haryana,28.424596,77.146752
31306,Blinkit,Faridabad,Haryana,28.417967,77.286133
45274,Blinkit,Faridabad,Haryana,28.433625,77.311010
34108,Blinkit,Greater Noida,Uttar Pradesh,28.438203,77.478761
45468,Blinkit,Greater Noida,Uttar Pradesh,28.454137,77.578424
42989,Blinkit,Gurugram,Haryana,28.445946,76.973557
43401,Blinkit,Gurugram,Haryana,28.435266,77.034068
31717,Blinkit,Gurugram,Haryana,28.426559,77.045594
33027,Blinkit,Gurugram,Haryana,28.449598,77.000735
35334,Blinkit,Gurugram,Haryana,28.425964,77.065522
33980,Blinkit,Gurugram,Haryana,28.439969,77.103893
32819,Blinkit,Gurugram,Haryana,28.442209,77.094671
41877,Blinkit,Faridabad,Haryana,28.450319,77.183745
31967,Blinkit,Gurugram,Haryana,28.437224,77.072668
35638,Blinkit,Faridabad,Haryana,28.437229,77.297696
36946,Blinkit,Faridabad,Haryana,28.433757,77.321867
33539,Blinkit,Greater Noida,Uttar Pradesh,28.455239,77.519503
34996,Blinkit,Gurugram,Haryana,28.452663,77.023718
33395,Blinkit,Gurugram,Haryana,28.450914,77.048796
34218,Blinkit,Gurugram,Haryana,28.445946,77.061389
40959,Blinkit,Gurugram,Haryana,28.441472,77.076138
34032,Blinkit,Gurugram,Haryana,28.452586,76.979468
30322,Blinkit,Faridabad,Haryana,28.453315,77.313671
43239,Blinkit,Faridabad,Haryana,28.462188,77.300200
39096,Blinkit,Greater Noida,Uttar Pradesh,28.452224,77.506362
34992,Blinkit,Gurugram,Haryana,28.472973,77.003695
43005,Blinkit,Gurugram,Haryana,28.464404,76.991350
39463,Blinkit,Gurugram,Haryana,28.462792,77.080097
33964,Blinkit,Gurugram,Haryana,28.468791,77.014715
35792,Blinkit,Gurugram,Haryana,28.464750,77.060347
31357,Blinkit,Gurugram,Haryana,28.460923,77.041333
31552,Blinkit,Gurugram,Haryana,28.474895,76.962221
35634,Blinkit,Gurugram,Haryana,28.472373,77.135951
34142,Blinkit,Gurugram,Haryana,28.463461,77.093905
42218,Blinkit,Gurugram,Haryana,28.462657,77.104173
34346,Blinkit,Greater Noida,Uttar Pradesh,28.482067,77.480873
39990,Blinkit,Greater Noida,Uttar Pradesh,28.475542,77.541406
34018,Blinkit,Greater Noida,Uttar Pradesh,28.466240,77.562174
38078,Blinkit,Gurugram,Haryana,28.422634,77.076256
31398,Blinkit,Gurugram,Haryana,28.470444,77.044821
33315,Blinkit,Gurugram,Haryana,28.472196,77.083469
43483,Blinkit,Gurugram,Haryana,28.468895,77.024464
41541,Blinkit,Gurugram,Haryana,28.473036,77.070948
32607,Blinkit,New Delhi,Delhi,28.495024,77.184880
30782,Blinkit,Gurugram,Haryana,28.476944,77.094124
44171,Blinkit,Gurugram,Haryana,28.481071,77.095514
36481,Blinkit,New Delhi,Delhi,28.496470,77.196971
31394,Blinkit,Faridabad,Haryana,28.473292,77.296511
37066,Blinkit,Faridabad,Haryana,28.492118,77.292121
42738,Blinkit,Faridabad,Haryana,28.478143,77.325017
31454,Blinkit,Faridabad,Haryana,28.479266,77.307989
31661,Blinkit,Greater Noida,Uttar Pradesh,28.477948,77.508019
43111,Blinkit,Greater Noida,Uttar Pradesh,28.475601,77.524414
33541,Blinkit,Gurugram,Haryana,28.489715,76.999905
30786,Blinkit,Gurugram,Haryana,28.484733,77.094654
30375,Blinkit,Gurugram,Haryana,28.490459,77.096365
33397,Blinkit,Gurugram,Haryana,28.502107,77.069411
38268,Blinkit,Gurugram,Haryana,28.479273,77.024664
34408,Blinkit,Gurugram,Haryana,28.490245,77.104095
41205,Blinkit,Gurugram,Haryana,28.498016,77.144907
38450,Blinkit,Noida,Uttar Pradesh,28.493201,77.414056
34130,Blinkit,Noida,Uttar Pradesh,28.501572,77.389724
45078,Blinkit,Noida,Uttar Pradesh,28.500656,77.375370
30320,Blinkit,Greater Noida,Uttar Pradesh,28.498006,77.528225
35592,Blinkit,Gurugram,Haryana,28.501482,77.050947
34990,Blinkit,Gurugram,Haryana,28.495632,77.020408
42664,Blinkit,Gurugram,Haryana,28.499744,77.095840
34732,Blinkit,Gurugram,Haryana,28.510294,76.987306
33680,Blinkit,New Delhi,Delhi,28.509697,77.200830
35374,Blinkit,Noida,Uttar Pradesh,28.501657,77.245975
33353,Blinkit,Noida,Uttar Pradesh,28.507290,77.231916
30940,Blinkit,Noida,Uttar Pradesh,28.500000,77.290804
35918,Blinkit,Noida,Uttar Pradesh,28.500000,77.323079
45552,Blinkit,Noida,Uttar Pradesh,28.509184,77.416303
41657,Blinkit,Greater Noida,Uttar Pradesh,28.513514,77.470940
30415,Blinkit,Greater Noida,Uttar Pradesh,28.496335,77.425676
34354,Blinkit,Dharuhera,Haryana,28.189283,76.815347
29650,Blinkit,Gurugram,Haryana,28.515075,77.015903
43951,Blinkit,Gurugram,Haryana,28.508066,77.047696
36455,Blinkit,Gurugram,Haryana,28.514879,77.115083
42058,Blinkit,New Delhi,Delhi,28.512986,77.161727
34596,Blinkit,New Delhi,Delhi,28.525028,77.232654
32681,Blinkit,New Delhi,Delhi,28.519852,77.164181
34264,Blinkit,New Delhi,Delhi,28.514873,77.206516
34686,Blinkit,New Delhi,Delhi,28.516146,77.177400
33433,Blinkit,Noida,Uttar Pradesh,28.535826,77.270060
35582,Blinkit,Noida,Uttar Pradesh,28.521606,77.386832
34600,Blinkit,Greater Noida,Uttar Pradesh,28.521559,77.530657
35460,Blinkit,Gurugram,Haryana,28.530980,77.086578
34554,Blinkit,Gurugram,Haryana,28.524236,77.135436
42466,Blinkit,New Delhi,Delhi,28.528639,77.151959
42048,Blinkit,New Delhi,Delhi,28.530908,77.219586
41301,Blinkit,New Delhi,Delhi,28.522320,77.214608
30900,Blinkit,Noida,Uttar Pradesh,28.537698,77.300472
33099,Blinkit,Noida,Uttar Pradesh,28.523793,77.366874
39988,Blinkit,Noida,Uttar Pradesh,28.527220,77.384792
34418,Blinkit,Gurugram,Haryana,28.558657,77.050436
42812,Blinkit,New Delhi,Delhi,28.549279,77.132898
31178,Blinkit,New Delhi,Delhi,28.540972,77.129202
42120,Blinkit,New Delhi,Delhi,28.541354,77.203214
33401,Blinkit,Noida,Uttar Pradesh,28.542715,77.257136
44381,Blinkit,Noida,Uttar Pradesh,28.544325,77.262503
46020,Blinkit,Noida,Uttar Pradesh,28.545515,77.289906
33982,Blinkit,New Delhi,Delhi,28.537279,77.207403
36267,Blinkit,New Delhi,Delhi,28.536487,77.226253
39118,Blinkit,Noida,Uttar Pradesh,28.551202,77.355801
38092,Blinkit,Noida,Uttar Pradesh,28.539665,77.340152
34730,Blinkit,Greater Noida,Uttar Pradesh,28.559904,77.451462
31446,Blinkit,Noida,Uttar Pradesh,28.540541,77.369874
41959,Blinkit,New Delhi,Delhi,28.591011,76.994091
40585,Blinkit,New Delhi,Delhi,28.554054,77.172648
34280,Blinkit,New Delhi,Delhi,28.572113,77.159787
31606,Blinkit,New Delhi,Delhi,28.551000,77.204969
30942,Blinkit,New Delhi,Delhi,28.555608,77.248986
36908,Blinkit,Noida,Uttar Pradesh,28.562582,77.286435
35156,Blinkit,New Delhi,Delhi,28.546128,77.213300
33674,Blinkit,Noida,Uttar Pradesh,28.550731,77.301140
34278,Blinkit,New Delhi,Delhi,28.556021,77.238164
44580,Blinkit,Noida,Uttar Pradesh,28.551557,77.340955
33417,Blinkit,Noida,Uttar Pradesh,28.554503,77.375402
35038,Blinkit,Noida,Uttar Pradesh,28.565906,77.400742
46149,Blinkit,Charkhi Dadri,Haryana,28.594595,76.270457
36060,Blinkit,New Delhi,Delhi,28.572703,77.071602
31645,Blinkit,New Delhi,Delhi,28.574269,77.176414
30708,Blinkit,Noida,Uttar Pradesh,28.570883,77.275792
38364,Blinkit,New Delhi,Delhi,28.565776,77.199958
30724,Blinkit,New Delhi,Delhi,28.562948,77.211033
35554,Blinkit,New Delhi,Delhi,28.565700,77.240884
34360,Blinkit,Noida,Uttar Pradesh,28.578117,77.344867
43995,Blinkit,New Delhi,Delhi,28.570164,77.224030
36357,Blinkit,Noida,Uttar Pradesh,28.571983,77.328533
34118,Blinkit,Noida,Uttar Pradesh,28.581719,77.323213
39924,Blinkit,Noida,Uttar Pradesh,28.562969,77.362618
35702,Blinkit,Noida,Uttar Pradesh,28.567914,77.383237
43937,Blinkit,Ghaziabad,Uttar Pradesh,28.569693,77.444466
35012,Blinkit,Greater Noida,Uttar Pradesh,28.570479,77.485813
34404,Blinkit,New Delhi,Delhi,28.577104,77.048206
38832,Blinkit,New Delhi,Delhi,28.597591,77.134772
32748,Blinkit,New Delhi,Delhi,28.587404,77.068131
36302,Blinkit,New Delhi,Delhi,28.583183,77.168599
30908,Blinkit,New Delhi,Delhi,28.573135,77.228043
34220,Blinkit,New Delhi,Delhi,28.574618,77.180898
30779,Blinkit,New Delhi,Delhi,28.576446,77.255454
40004,Blinkit,New Delhi,Delhi,28.583179,77.244843
33411,Blinkit,Noida,Uttar Pradesh,28.581081,77.371592
31490,Blinkit,Noida,Uttar Pradesh,28.580219,77.391274
36864,Blinkit,Noida,Uttar Pradesh,28.578912,77.384684
32611,Blinkit,Ghaziabad,Uttar Pradesh,28.575952,77.438758
33545,Blinkit,Ghaziabad,Uttar Pradesh,28.577618,77.448215
35330,Blinkit,New Delhi,Delhi,28.589710,77.029288
41977,Blinkit,New Delhi,Delhi,28.600404,77.082331
42046,Blinkit,New Delhi,Delhi,28.595439,77.094671
41321,Blinkit,New Delhi,Delhi,28.595479,77.068136
36778,Blinkit,New Delhi,Delhi,28.602100,77.186479
34180,Blinkit,Bahadurgarh,Haryana,28.612393,76.988841
43001,Blinkit,New Delhi,Delhi,28.616066,77.032954
34420,Blinkit,New Delhi,Delhi,28.609092,77.033159
36070,Blinkit,New Delhi,Delhi,28.606442,77.052093
33529,Blinkit,New Delhi,Delhi,28.608108,77.071892
41979,Blinkit,New Delhi,Delhi,28.611647,77.109246
41018,Blinkit,New Delhi,Delhi,28.623836,77.155422
35798,Blinkit,Noida,Uttar Pradesh,28.613471,77.303894
34748,Blinkit,New Delhi,Delhi,28.628332,77.220722
37812,Blinkit,Noida,Uttar Pradesh,28.610882,77.362702
44662,Blinkit,Noida,Uttar Pradesh,28.613688,77.341299
31260,Blinkit,Noida,Uttar Pradesh,28.612321,77.330242
33914,Blinkit,Noida,Uttar Pradesh,28.604950,77.381486
36068,Blinkit,Ghaziabad,Uttar Pradesh,28.611568,77.446453
37280,Blinkit,Noida,Uttar Pradesh,28.592700,77.397432
34070,Blinkit,Ghaziabad,Uttar Pradesh,28.609094,77.430900
38152,Blinkit,Ghaziabad,Uttar Pradesh,28.633365,77.475955
31377,Blinkit,Ghaziabad,Uttar Pradesh,28.614880,77.455285
46022,Blinkit,Pilibhit,Uttar Pradesh,28.630796,79.809462
45288,Blinkit,Noida,Uttar Pradesh,28.601654,77.314355
43939,Blinkit,Noida,Uttar Pradesh,28.595386,77.299521
36432,Blinkit,Noida,Uttar Pradesh,28.597892,77.335470
44257,Blinkit,Noida,Uttar Pradesh,28.594334,77.348464
32647,Blinkit,Ghaziabad,Uttar Pradesh,28.599285,77.448200
42302,Blinkit,Ghaziabad,Uttar Pradesh,28.591419,77.452487
35320,Blinkit,Noida,Uttar Pradesh,28.592012,77.362154
36782,Blinkit,New Delhi,Delhi,28.622570,77.278766
38042,Blinkit,Noida,Uttar Pradesh,28.597258,77.386167
41217,Blinkit,Noida,Uttar Pradesh,28.628707,77.302423
45032,Blinkit,Noida,Uttar Pradesh,28.622480,77.354183
43997,Blinkit,Ghaziabad,Uttar Pradesh,28.625384,77.415547
39611,Blinkit,Noida,Uttar Pradesh,28.621622,77.378075
38254,Blinkit,Dasna,Uttar Pradesh,28.642311,77.489459
37288,Blinkit,Ghaziabad,Uttar Pradesh,28.623482,77.425046
30912,Blinkit,Ghaziabad,Uttar Pradesh,28.626581,77.440767
34020,Blinkit,New Delhi,Delhi,28.639344,77.069401
34422,Blinkit,New Delhi,Delhi,28.639989,77.120924
36319,Blinkit,New Delhi,Delhi,28.639676,77.032948
35390,Blinkit,New Delhi,Delhi,28.634592,77.104876
32038,Blinkit,New Delhi,Delhi,28.629340,77.075655
35840,Blinkit,New Delhi,Delhi,28.635135,77.091462
31589,Blinkit,New Delhi,Delhi,28.622427,77.057320
30790,Blinkit,New Delhi,Delhi,28.644845,77.201404
41973,Blinkit,New Delhi,Delhi,28.646520,77.167545
46237,Blinkit,New Delhi,Delhi,28.644054,77.185529
36424,Blinkit,New Delhi,Delhi,28.630343,77.137050
35540,Blinkit,New Delhi,Delhi,28.642689,77.231223
31372,Blinkit,New Delhi,Delhi,28.641232,77.282923
42584,Blinkit,Noida,Uttar Pradesh,28.634785,77.326896
42528,Blinkit,Noida,Uttar Pradesh,28.633585,77.356158
31408,Blinkit,Noida,Uttar Pradesh,28.635173,77.309540
33672,Blinkit,Noida,Uttar Pradesh,28.639750,77.353441
31498,Blinkit,Ghaziabad,Uttar Pradesh,28.641783,77.374219
37588,Blinkit,Noida,Uttar Pradesh,28.636074,77.361352
45322,Blinkit,Ghaziabad,Uttar Pradesh,28.633545,77.436407
32750,Blinkit,Ghaziabad,Uttar Pradesh,28.628153,77.442726
34988,Blinkit,Dasna,Uttar Pradesh,28.650648,77.510932
30987,Blinkit,New Delhi,Delhi,28.642502,77.105101
36426,Blinkit,New Delhi,Delhi,28.641198,77.079378
41223,Blinkit,New Delhi,Delhi,28.646877,77.131975
44578,Blinkit,New Delhi,Delhi,28.652325,77.130531
31045,Blinkit,New Delhi,Delhi,28.645977,77.177918
36690,Blinkit,New Delhi,Delhi,28.654908,77.274237
33391,Blinkit,New Delhi,Delhi,28.651434,77.283504
42032,Blinkit,New Delhi,Delhi,28.645662,77.187356
36034,Blinkit,Noida,Uttar Pradesh,28.648083,77.302275
30865,Blinkit,Noida,Uttar Pradesh,28.641529,77.334436
41701,Blinkit,Ghaziabad,Uttar Pradesh,28.646650,77.364898
35158,Blinkit,Ghaziabad,Uttar Pradesh,28.648097,77.383424
31118,Blinkit,Noida,Uttar Pradesh,28.664228,77.328170
42104,Blinkit,Ghaziabad,Uttar Pradesh,28.651416,77.412871
34290,Blinkit,Ghaziabad,Uttar Pradesh,28.655593,77.400742
31392,Blinkit,Ghaziabad,Uttar Pradesh,28.663312,77.461334
42294,Blinkit,Ghaziabad,Uttar Pradesh,28.662360,77.436613
35838,Blinkit,New Delhi,Delhi,28.668477,77.102221
43551,Blinkit,Bahadurgarh,Haryana,28.690779,76.943726
34144,Blinkit,New Delhi,Delhi,28.681551,77.058749
30693,Blinkit,New Delhi,Delhi,28.676053,77.089971
30985,Blinkit,New Delhi,Delhi,28.654944,77.118239
33758,Blinkit,New Delhi,Delhi,28.654978,77.138396
35584,Blinkit,New Delhi,Delhi,28.660586,77.149249
35298,Blinkit,New Delhi,Delhi,28.658964,77.202962
42811,Blinkit,New Delhi,Delhi,28.672402,77.216548
31245,Blinkit,New Delhi,Delhi,28.650760,77.160149
36383,Blinkit,New Delhi,Delhi,28.657419,77.184587
42574,Blinkit,New Delhi,Delhi,28.663779,77.278933
31322,Blinkit,New Delhi,Delhi,28.657855,77.289856
29581,Blinkit,Loni,Uttar Pradesh,28.674908,77.315075
41459,Blinkit,Ghaziabad,Uttar Pradesh,28.660725,77.376552
34724,Blinkit,Bahadurgarh,Haryana,28.695643,76.920803
36387,Blinkit,New Delhi,Delhi,28.686438,77.157751
42746,Blinkit,New Delhi,Delhi,28.678919,77.097451
31086,Blinkit,New Delhi,Delhi,28.673484,77.122715
43099,Blinkit,New Delhi,Delhi,28.670638,77.176202
30775,Blinkit,New Delhi,Delhi,28.686561,77.195195
34830,Blinkit,New Delhi,Delhi,28.692841,77.263645
35008,Blinkit,New Delhi,Delhi,28.675676,77.287600
30303,Blinkit,Loni,Uttar Pradesh,28.678016,77.339748
41149,Blinkit,Ghaziabad,Uttar Pradesh,28.680351,77.379225
41969,Blinkit,Ghaziabad,Uttar Pradesh,28.678057,77.357159
33515,Blinkit,Ghaziabad,Uttar Pradesh,28.676251,77.424844
34416,Blinkit,Ghaziabad,Uttar Pradesh,28.677796,77.475055
40530,Blinkit,Bahadurgarh,Haryana,28.708443,76.889108
37014,Blinkit,New Delhi,Delhi,28.695071,77.109246
33421,Blinkit,New Delhi,Delhi,28.690568,77.134602
44666,Blinkit,New Delhi,Delhi,28.700870,77.163358
43101,Blinkit,New Delhi,Delhi,28.695469,77.171430
37586,Blinkit,Loni,Uttar Pradesh,28.692630,77.291466
34762,Blinkit,New Delhi,Delhi,28.675676,77.207763
31648,Blinkit,Loni,Uttar Pradesh,28.695378,77.310016
37740,Blinkit,Loni,Uttar Pradesh,28.687011,77.325436
31522,Blinkit,Ghaziabad,Uttar Pradesh,28.699941,77.418507
43197,Blinkit,Ghaziabad,Uttar Pradesh,28.700754,77.426619
35660,Blinkit,New Delhi,Delhi,28.727345,77.054758
35324,Blinkit,New Delhi,Delhi,28.706110,77.100279
31348,Blinkit,New Delhi,Delhi,28.703718,77.115874
41975,Blinkit,New Delhi,Delhi,28.709411,77.065737
45845,Blinkit,New Delhi,Delhi,28.704414,77.142226
33996,Blinkit,New Delhi,Delhi,28.714017,77.211270
44539,Blinkit,New Delhi,Delhi,28.712202,77.175566
44327,Blinkit,New Delhi,Delhi,28.697456,77.191298
38610,Blinkit,Loni,Uttar Pradesh,28.711217,77.289798
35998,Blinkit,Loni,Uttar Pradesh,28.715269,77.331402
45704,Blinkit,Loni,Uttar Pradesh,28.705115,77.308582
35302,Blinkit,Ghaziabad,Uttar Pradesh,28.706952,77.425555
32036,Blinkit,New Delhi,Delhi,28.722185,77.079559
35636,Blinkit,New Delhi,Delhi,28.725549,77.089257
30175,Blinkit,New Delhi,Delhi,28.717770,77.160412
41297,Blinkit,New Delhi,Delhi,28.716216,77.114188
30850,Blinkit,New Delhi,Delhi,28.715246,77.134755
34300,Blinkit,New Delhi,Delhi,28.720609,77.167545
35658,Blinkit,Loni,Uttar Pradesh,28.729407,77.220430
31084,Blinkit,New Delhi,Delhi,28.708874,77.190545
35328,Blinkit,Loni,Uttar Pradesh,28.718695,77.266061
35576,Blinkit,Ghaziabad,Uttar Pradesh,28.721444,77.453444
39046,Blinkit,Hapur,Uttar Pradesh,28.729730,77.766889
30299,Blinkit,New Delhi,Delhi,28.748067,77.132115
35690,Blinkit,New Delhi,Delhi,28.745435,77.198170
35160,Blinkit,New Delhi,Delhi,28.620266,77.040558
36451,Blinkit,New Delhi,Delhi,28.739915,77.115808
34527,Blinkit,New Delhi,Delhi,28.624128,77.029518
44776,Blinkit,New Delhi,Delhi,28.617719,77.068884
42997,Blinkit,New Delhi,Delhi,28.743595,77.122420
45817,Blinkit,Loni,Uttar Pradesh,28.735625,77.262606
37026,Blinkit,New Delhi,Delhi,28.574060,77.238706
33912,Blinkit,New Delhi,Delhi,28.612282,77.088869
46797,Blinkit,New Delhi,Delhi,28.763584,77.184203
43561,Blinkit,Muradnagar,Uttar Pradesh,28.777039,77.506983
39212,Blinkit,Rampur,Uttar Pradesh,28.797297,79.020035
41211,Blinkit,Bhiwani,Haryana,28.803182,76.134634
46791,Blinkit,New Delhi,Delhi,28.797297,77.135874
44325,Blinkit,Bhiwani,Haryana,28.811954,76.145713
41105,Blinkit,Moradabad,Uttar Pradesh,28.822105,78.778981
39565,Blinkit,Niwari,Uttar Pradesh,28.830495,77.573041
43200,Blinkit,Moradabad,Uttar Pradesh,28.825627,78.703151
37334,Blinkit,Moradabad,Uttar Pradesh,28.837056,78.738049
39886,Blinkit,New Delhi,Delhi,28.858379,77.087887
35656,Blinkit,Ghaziabad,Uttar Pradesh,28.601326,77.442420
42995,Blinkit,Rohtak,Haryana,28.874309,76.643489
45706,Blinkit,Amroha,Uttar Pradesh,28.896981,78.464702
43989,Blinkit,Rohtak,Haryana,28.890122,76.597897
34682,Blinkit,New Delhi,Delhi,28.910156,77.109246
45386,Blinkit,Rohtak,Haryana,28.892346,76.642853
40152,Blinkit,Moradabad,Uttar Pradesh,28.877152,78.747537
35006,Blinkit,Rohtak,Haryana,28.893495,76.581743
34680,Blinkit,Rohtak,Haryana,28.892754,76.617120
42462,Blinkit,Rohtak,Haryana,28.911482,76.591163
35890,Blinkit,Sonipat,Haryana,28.922285,77.059840
43198,Blinkit,Meerut,Uttar Pradesh,28.963501,77.640947
33972,Blinkit,Meerut,Uttar Pradesh,28.959459,77.683450
44574,Blinkit,Sonipat,Haryana,28.998255,77.083301
38404,Blinkit,Meerut,Uttar Pradesh,28.955223,77.752647
31344,Blinkit,Meerut,Uttar Pradesh,28.968122,77.735962
37860,Blinkit,Kichha,Uttarakhand,28.982136,79.402338
40821,Blinkit,Sonipat,Haryana,28.991108,77.009292
38040,Blinkit,Kichha,Uttarakhand,28.980773,79.386852
34340,Blinkit,Sonipat,Haryana,28.990066,77.037648
43947,Blinkit,Meerut,Uttar Pradesh,28.990326,77.658688
45424,Blinkit,Meerut,Uttar Pradesh,28.974671,77.720827
36325,Blinkit,Meerut,Uttar Pradesh,29.003490,77.763171
39350,Blinkit,Meerut,Uttar Pradesh,28.994579,77.706813
44814,Blinkit,Sonipat,Haryana,29.001635,77.022696
35338,Blinkit,Meerut,Uttar Pradesh,29.032562,77.675418
34358,Blinkit,Daurala,Uttar Pradesh,29.042436,77.706813
46849,Blinkit,Baraut,Uttar Pradesh,29.098474,77.259389
44331,Blinkit,Daurala,Uttar Pradesh,29.067732,77.709229
45036,Blinkit,Hisar,Haryana,29.155923,75.722285
36525,Blinkit,Hisar,Haryana,29.135575,75.738856
42736,Blinkit,Haldwani,Uttarakhand,29.175676,79.493089
39458,Blinkit,Hisar,Haryana,29.173165,75.724137
42178,Blinkit,Kashipur,Uttarakhand,29.210070,78.962270
40399,Blinkit,Haldwani,Uttarakhand,29.219854,79.475617
37816,Blinkit,Haldwani,Uttarakhand,29.204172,79.505728
39464,Blinkit,Jind,Haryana,29.314238,76.322207
38794,Blinkit,Panipat,Haryana,29.380188,76.993029
42660,Blinkit,Bijnor,Uttar Pradesh,29.381019,78.138324
36286,Blinkit,Panipat,Haryana,29.386340,76.956764
43643,Blinkit,Panipat,Haryana,29.398686,76.974315
38842,Blinkit,Panipat,Haryana,29.425973,76.979749
37758,Blinkit,Muzaffarnagar,Uttar Pradesh,29.469546,77.707649
39358,Blinkit,Sirsa,Haryana,29.533479,75.037503
35932,Blinkit,Karnal,Haryana,29.662571,77.007900
42748,Blinkit,Karnal,Haryana,29.684958,76.978073
42220,Blinkit,Karnal,Haryana,29.707442,77.004224
40970,Blinkit,Kotdwara,Uttarakhand,29.743243,78.514541
39614,Blinkit,Kaithal,Haryana,29.805659,76.407197
41543,Blinkit,Roorkee,Uttarakhand,29.833171,77.883947
36054,Blinkit,Roorkee,Uttarakhand,29.876748,77.882782
39444,Blinkit,Sri Ganganagar,Rajasthan,29.914351,73.876217
35706,Blinkit,Haridwar,Uttarakhand,29.925243,78.136437
37290,Blinkit,Haridwar,Uttarakhand,29.921297,78.111642
43277,Blinkit,Saharanpur,Uttar Pradesh,29.944427,77.543773
42422,Blinkit,Thanesar,Haryana,29.948641,76.824636
36477,Blinkit,Haridwar,Uttarakhand,29.972623,78.047674
43633,Blinkit,Haridwar,Uttarakhand,29.980772,78.182226
38456,Blinkit,Thanesar,Haryana,29.973984,76.859614
40531,Blinkit,Saharanpur,Uttar Pradesh,29.985017,77.554536
45945,Blinkit,Dehradun,Uttarakhand,30.061011,78.233955
41723,Blinkit,Rishikesh,Uttarakhand,30.073789,78.275230
46737,Blinkit,Rishikesh,Uttarakhand,30.113264,78.285043
41967,Blinkit,Yamunanagar,Haryana,30.136344,77.264613
38458,Blinkit,Yamunanagar,Haryana,30.146201,77.289712
43399,Blinkit,Dehradun,Uttarakhand,30.182712,78.140436
38478,Blinkit,Bathinda,Punjab,30.200233,74.925937
35710,Blinkit,Bathinda,Punjab,30.218275,74.947858
40769,Blinkit,Sangrur,Punjab,30.251003,75.843667
41295,Blinkit,Raipur,Uttarakhand,30.257974,78.091830
35314,Blinkit,Dehradun,Uttarakhand,30.288442,78.029648
42166,Blinkit,Dehradun,Uttarakhand,30.266762,77.999646
42170,Blinkit,Raipur,Uttarakhand,30.281512,78.060301
33798,Blinkit,Dehradun,Uttarakhand,30.293749,77.998564
41203,Blinkit,Raipur,Uttarakhand,30.297297,78.074185
43635,Blinkit,Dehradun,Uttarakhand,30.300248,78.050438
43899,Blinkit,Dehradun,Uttarakhand,30.300315,78.024789
34530,Blinkit,Patiala,Punjab,30.326927,76.390689
34770,Blinkit,Patiala,Punjab,30.345541,76.437708
37866,Blinkit,Ambala,Haryana,30.332233,76.852296
33924,Blinkit,Dehradun,Uttarakhand,30.327158,77.995790
33796,Blinkit,Dehradun,Uttarakhand,30.322914,78.060789
39453,Blinkit,Dehradun,Uttarakhand,30.339743,78.015384
39460,Blinkit,Dehradun,Uttarakhand,30.357123,77.852103
36066,Blinkit,Dehradun,Uttarakhand,30.337252,78.055479
35996,Blinkit,Patiala,Punjab,30.363651,76.402517
40084,Blinkit,Ambala,Haryana,30.379923,76.772141
36640,Blinkit,Raipur,Uttarakhand,30.376907,78.109008
40194,Blinkit,Nabha,Punjab,30.380013,76.161885
37162,Blinkit,Dehradun,Uttarakhand,30.393702,78.074557
45851,Blinkit,Dehradun,Uttarakhand,30.468410,77.765112
40872,Blinkit,Rajpura,Punjab,30.474536,76.589802
36774,Blinkit,Dehradun,Uttarakhand,30.305426,78.001053
41869,Blinkit,Mohali,Punjab,30.662872,76.675391
36600,Blinkit,Basi,Punjab,30.634722,76.790172
40196,Blinkit,Mohali,Punjab,30.635458,76.758428
34758,Blinkit,Basi,Punjab,30.629755,76.826805
45590,Blinkit,Amloh,Punjab,30.662508,76.295376
34774,Blinkit,Basi,Punjab,30.638665,76.817526
36189,Blinkit,Basi,Punjab,30.661515,76.881101
34016,Blinkit,Basi,Punjab,30.654897,76.850829
45807,Blinkit,Faridkot,Punjab,30.675676,74.761372
43653,Blinkit,Mohali,Punjab,30.656238,76.739926
34760,Blinkit,Mohali,Punjab,30.669309,76.731429
33063,Blinkit,Basi,Punjab,30.647191,76.821629
40484,Blinkit,Chandigarh,Chandigarh,30.669254,76.814507
36604,Blinkit,Mohali,Punjab,30.676773,76.748612
32959,Blinkit,Chandigarh,Chandigarh,30.683234,76.844748
42054,Blinkit,Basi,Punjab,30.671944,76.854164
39610,Blinkit,Khanna,Punjab,30.707010,76.217520
42582,Blinkit,Mohali,Punjab,30.694907,76.675789
33962,Blinkit,Mohali,Punjab,30.701001,76.709720
38034,Blinkit,Mohali,Punjab,30.694574,76.734119
34120,Blinkit,Chandigarh,Chandigarh,30.709894,76.759858
30868,Blinkit,Chandigarh,Chandigarh,30.711666,76.805969
35306,Blinkit,Kharar,Punjab,30.719944,76.652715
36086,Blinkit,Mohali,Punjab,30.715803,76.716129
36076,Blinkit,Chandigarh,Chandigarh,30.708036,76.838570
42468,Blinkit,Chandigarh,Chandigarh,30.692715,76.852246
42094,Blinkit,Chandigarh,Chandigarh,30.728050,76.749835
37678,Blinkit,Chandigarh,Chandigarh,30.721656,76.767164
43545,Blinkit,Chandigarh,Chandigarh,30.725810,76.804914
44936,Blinkit,Chandigarh,Chandigarh,30.715189,76.850998
37680,Blinkit,Kharar,Punjab,30.727853,76.672890
36306,Blinkit,Mohali,Punjab,30.729730,76.727055
44770,Blinkit,Chandigarh,Chandigarh,30.733346,76.778851
32993,Blinkit,Kharar,Punjab,30.742929,76.656608
34536,Blinkit,Kharar,Punjab,30.756155,76.636084
33922,Blinkit,Chandigarh,Chandigarh,30.739223,76.747578
42464,Blinkit,Chandigarh,Chandigarh,30.747155,76.759451
31406,Blinkit,Chandigarh,Chandigarh,30.741106,76.787137
36529,Blinkit,Kharar,Punjab,30.759376,76.611662
37416,Blinkit,Kharar,Punjab,30.766180,76.625730
35750,Blinkit,Kharar,Punjab,30.762237,76.665469
38142,Blinkit,Chandigarh,Chandigarh,30.767333,76.753717
43241,Blinkit,Chandigarh,Chandigarh,30.769951,76.796842
38186,Blinkit,Chandigarh,Chandigarh,30.817874,76.738551
41012,Blinkit,Moga,Punjab,30.822789,75.171810
42656,Blinkit,Pinjaur,Haryana,30.807752,76.916678
35668,Blinkit,Ludhiana,Punjab,30.865489,75.865324
43851,Blinkit,Ludhiana,Punjab,30.866015,75.842976
43849,Blinkit,Ludhiana,Punjab,30.855627,75.901338
34352,Blinkit,Ludhiana,Punjab,30.877273,75.798965
31090,Blinkit,Ludhiana,Punjab,30.879232,75.847025
45278,Blinkit,Ludhiana,Punjab,30.889633,75.827732
33804,Blinkit,Ludhiana,Punjab,30.903245,75.891027
36479,Blinkit,Ludhiana,Punjab,30.901214,75.829841
37068,Blinkit,Ludhiana,Punjab,30.913310,75.867881
31092,Blinkit,Ludhiana,Punjab,30.915245,75.814021
44329,Blinkit,Ludhiana,Punjab,30.891892,75.930876
39655,Blinkit,Solan,Himachal Pradesh,30.908024,77.090603
44389,Blinkit,Ludhiana,Punjab,30.911333,75.766726
43549,Blinkit,Ludhiana,Punjab,30.926243,75.834557
38144,Blinkit,Ludhiana,Punjab,30.939042,75.869452
39656,Blinkit,Baddi,Himachal Pradesh,30.944994,76.803175
45284,Blinkit,Phagwara,Punjab,31.211114,75.772929
36080,Blinkit,Jalandhar,Punjab,31.262713,75.585414
37080,Blinkit,Phagwara,Punjab,31.255852,75.695491
37082,Blinkit,Jalandhar,Punjab,31.304770,75.593468
43651,Blinkit,Jalandhar,Punjab,31.314939,75.578893
34114,Blinkit,Jalandhar,Punjab,31.332947,75.613400
44504,Blinkit,Jalandhar,Punjab,31.357575,75.583769
39050,Blinkit,Kapurthala,Punjab,31.378944,75.389420
39837,Blinkit,Una,Himachal Pradesh,31.472191,76.272143
39252,Blinkit,Hoshiarpur,Punjab,31.528536,75.906736
32925,Blinkit,Amritsar,Punjab,31.617842,74.894779
35384,Blinkit,Amritsar,Punjab,31.631106,74.830482
35004,Blinkit,Amritsar,Punjab,31.641849,74.871231
43637,Blinkit,Amritsar,Punjab,31.628865,74.893877
32889,Blinkit,Amritsar,Punjab,31.663029,74.844792
36290,Blinkit,Amritsar,Punjab,31.653028,74.891023
43639,Blinkit,Amritsar,Punjab,31.665423,74.867266
39654,Blinkit,Hamirpur,Himachal Pradesh,31.693946,76.513174
41307,Blinkit,Batala,Punjab,31.817708,75.200889
40401,Blinkit,Dharmsala,Himachal Pradesh,32.204935,76.325551
39356,Blinkit,Pathankot,Punjab,32.270270,75.651767
43901,Blinkit,Bishnah,Kashmir,32.672853,74.832421
39452,Blinkit,Bishnah,Kashmir,32.667997,74.894667
40632,Blinkit,Jammu,Kashmir,32.683024,74.855089
44265,Blinkit,Jammu,Kashmir,32.676520,74.914562
37378,Blinkit,Jammu,Kashmir,32.697054,74.875364
40729,Blinkit,Jammu,Kashmir,32.712277,74.897183
44263,Blinkit,Jammu,Kashmir,32.730503,74.821004
40727,Blinkit,Jammu,Kashmir,32.738904,74.859981
46203,Blinkit,Jammu,Kashmir,32.744689,74.826926
37380,Blinkit,Jammu,Kashmir,32.766852,74.830797
39342,Blinkit,Pune,Maharashtra,18.502439,73.802336
34396,Blinkit,Patiala,Punjab,30.363315,76.371656
34616,Blinkit,Basi,Punjab,30.587602,76.857677
38526,Blinkit,Mohali,Punjab,30.681242,76.692045
42116,Blinkit,Mohali,Punjab,30.683121,76.717158
44337,Blinkit,Chandigarh,Chandigarh,30.714523,76.751787
42174,Blinkit,Kharar,Punjab,30.735255,76.646683
44980,Blinkit,Kharar,Punjab,30.732326,76.696381
44902,Blinkit,Kharar,Punjab,30.738972,76.665349
37738,Blinkit,Pinjaur,Haryana,30.765009,76.912249
38370,Blinkit,Ludhiana,Punjab,30.857113,75.802224
34122,Blinkit,Jalandhar,Punjab,31.294593,75.575114
36040,Blinkit,Jalandhar,Punjab,31.323012,75.564318
45276,Blinkit,Amritsar,Punjab,31.606200,74.931242
34400,Blinkit,Gurugram,Haryana,28.517318,77.037384
41957,Blinkit,Haridwar,Uttarakhand,29.927581,78.066726
39660,Blinkit,Sundarnagar,Himachal Pradesh,31.525630,76.888985
36261,Blinkit,Jalandhar,Punjab,31.352701,75.555828
34752,Blinkit,Bengaluru,Karnataka,12.867961,77.663088
31108,Blinkit,Bengaluru,Karnataka,12.870747,77.576013
41096,Blinkit,Bengaluru,Karnataka,12.909645,77.602881
31530,Blinkit,Bengaluru,Karnataka,12.915128,77.635381
34350,Blinkit,Bengaluru,Karnataka,12.927480,77.609135
36730,Blinkit,Bengaluru,Karnataka,12.905570,77.696839
43557,Blinkit,Bengaluru,Karnataka,12.939751,77.723527
45326,Blinkit,Bengaluru,Karnataka,12.942874,77.625487
37688,Blinkit,Bengaluru,Karnataka,12.964376,77.757096
30558,Blinkit,Bengaluru,Karnataka,13.000329,77.744091
43443,Blinkit,Bengaluru,Karnataka,13.042636,77.738976
34184,Blinkit,Hyderabad,Telangana,17.409062,78.450127
40876,Blinkit,Hyderabad,Telangana,17.456683,78.371179
36269,Blinkit,Mumbai,Maharashtra,19.154160,72.843915
38524,Blinkit,Mumbai,Maharashtra,19.154320,72.887705
34492,Blinkit,Mumbai,Maharashtra,19.190227,72.841615
35640,Blinkit,Mumbai,Maharashtra,19.226168,72.860104
33628,Blinkit,Bhayandar,Maharashtra,19.281008,72.876927
41058,Blinkit,Bhayandar,Maharashtra,19.288280,72.864631
42806,Blinkit,Lucknow,Uttar Pradesh,26.890998,80.947614
36428,Blinkit,Gurugram,Haryana,28.429019,77.099613
36341,Blinkit,Gurugram,Haryana,28.439846,77.052837
34870,Blinkit,Gurugram,Haryana,28.446876,77.087724
31014,Blinkit,Gurugram,Haryana,28.419350,77.090893
33389,Blinkit,Gurugram,Haryana,28.453321,77.082146
34782,Blinkit,Gurugram,Haryana,28.475309,77.084200
37870,Blinkit,Gurugram,Haryana,28.475443,77.061105
31264,Blinkit,New Delhi,Delhi,28.500346,77.185430
30474,Blinkit,New Delhi,Delhi,28.525100,77.154403
30836,Blinkit,New Delhi,Delhi,28.533714,77.218896
42576,Blinkit,New Delhi,Delhi,28.569677,77.247154
33990,Blinkit,New Delhi,Delhi,28.590984,77.076588
35644,Blinkit,Noida,Uttar Pradesh,28.610815,77.288773
45232,Blinkit,New Delhi,Delhi,28.683817,77.135104
40529,Blinkit,Noida,Uttar Pradesh,28.557176,77.253649
35568,Blinkit,Bengaluru,Karnataka,12.951256,77.715004
35680,Blinkit,Bengaluru,Karnataka,13.008873,77.759557
40523,Blinkit,Bengaluru,Karnataka,12.899331,77.719240
37208,Blinkit,Bengaluru,Karnataka,12.970660,77.654142
39364,Blinkit,Firozpur,Punjab,30.957523,74.610241
37332,Blinkit,Bengaluru,Karnataka,12.862630,77.615538
36818,Blinkit,Bengaluru,Karnataka,12.864219,77.651269
44169,Blinkit,Hoshiarpur,Punjab,31.511566,75.931778
34746,Blinkit,Noida,Uttar Pradesh,28.522550,77.261398
37818,Blinkit,Haldwani,Uttarakhand,29.232742,79.527072
35316,Blinkit,Dehradun,Uttarakhand,30.341261,77.956629
38464,Blinkit,Dehradun,Uttarakhand,30.391591,77.969159
36772,Blinkit,Kharar,Punjab,30.813169,76.702109
45863,Blinkit,Chennai,Tamil Nadu,12.956252,80.237868
44862,Blinkit,Bengaluru,Karnataka,12.981184,77.757949
45631,Blinkit,Bengaluru,Karnataka,12.966992,77.743229
45768,Blinkit,Bengaluru,Karnataka,12.990910,77.721434
30622,Blinkit,Bengaluru,Karnataka,12.989907,77.687914
43053,Blinkit,Mumbai,Maharashtra,19.162722,72.841387
41519,Blinkit,Gurugram,Haryana,28.436958,77.102067
35574,Blinkit,Noida,Uttar Pradesh,28.540367,77.242730
31494,Blinkit,New Delhi,Delhi,28.557777,77.205618
31642,Blinkit,New Delhi,Delhi,28.572789,77.159026
43645,Blinkit,Basi,Punjab,30.639851,76.823832
44622,Blinkit,Kolkata,West Bengal,22.573447,88.413795
38036,Blinkit,Jalandhar,Punjab,31.286704,75.646333
46667,Blinkit,Bengaluru,Karnataka,12.812743,77.511555
cd810e0e-6373-4ae8-b18d-c040393a4191,Zepto,Chennai,Tamil Nadu,12.930555,80.232566
5c849951-0ba3-4878-9b29-eb2d3ef252eb,Zepto,Surat,Gujarat,21.173552,72.823647
8a93c269-b281-4e2d-98b8-cce217827cd0,Zepto,Ghaziabad,Uttar Pradesh,28.680958,77.345362
1fc29afb-f9cf-4819-8af5-dc02edf25642,Zepto,Jalandhar,Punjab,31.267663,75.587053
8303b80f-8aea-4d15-9c54-ef1b3c12b6e5,Zepto,Hyderabad,Telangana,17.526528,78.512944
973a6df0-7634-4291-be0d-cd48a816516b,Zepto,Mumbai,Maharashtra,19.042160,72.843124
ae43241e-255b-4c36-8275-c775b91b4028,Zepto,Bengaluru,Karnataka,12.884929,77.540949
ea7bcce0-6cbf-4a46-a731-3cc66449e073,Zepto,Nagpur,Maharashtra,21.180912,79.060128
b9641f44-b385-4cbd-816e-6dceeff911b0,Zepto,Hyderabad,Telangana,17.368778,78.576139
04c98d7c-c6bf-41f6-8d43-dc50e7c0edb1,Zepto,Faridabad,Haryana,28.327081,77.335742
ee6f8d8a-94dc-47c7-a4c5-7ea1efe3031b,Zepto,Chennai,Tamil Nadu,13.001967,80.256009
c56338b2-6871-4193-b594-445cdb7706b3,Zepto,Jaipur,Rajasthan,26.814305,75.763155
5dbd7e40-75db-452c-bd76-7dac3d7c0c0b,Zepto,New Delhi,Delhi,28.554289,77.243605
e65fe048-7b72-4698-8aac-03359d3171a3,Zepto,Bengaluru,Karnataka,13.004788,77.662997
9f128d50-def8-471b-bc47-b041d95b885a,Zepto,Noida,Uttar Pradesh,28.618837,77.378237
4ab9ad5d-75ba-4cca-93cd-9f40062825c7,Zepto,Chennai,Tamil Nadu,12.960510,80.246800
2a607d6c-27cf-4475-a804-e99a363919c4,Zepto,Ludhiana,Punjab,30.911503,75.868477
1a2ba310-07de-4a70-946c-b54f2a487646,Zepto,Bengaluru,Karnataka,12.986121,77.745089
3422fce9-9587-44a5-8cff-8ee60c65617d,Zepto,Noida,Uttar Pradesh,28.556297,77.350386
c1490eb7-318a-4ee3-b14c-37e943e3b44a,Zepto,Lucknow,Uttar Pradesh,26.794554,80.881897
7435fb66-e8cd-436b-9471-199862cc9fa1,Zepto,Chennai,Tamil Nadu,12.821420,80.204770
efe487f5-0138-496c-9360-ba76a80cd46f,Zepto,Chennai,Tamil Nadu,13.046140,80.117440
c2279e92-0a29-4470-861e-28a8798e031f,Zepto,Mumbai,Maharashtra,18.992282,72.848056
97a88d32-5435-4ba1-b678-b881529ce97d,Zepto,Pune,Maharashtra,18.518958,73.769905
0ea53a34-8b00-4f97-b9c1-9cab4eba4f40,Zepto,Ghaziabad,Uttar Pradesh,28.698249,77.486097
0053a04d-aeb4-46b5-99fe-d740491e3843,Zepto,Bengaluru,Karnataka,13.066625,77.609270
884a853d-1386-4114-a4eb-d60cc898406f,Zepto,Mumbai,Maharashtra,19.149922,73.043912
6c3a340a-8c23-4518-95ff-4e7aebe0ff6a,Zepto,Gurugram,Haryana,28.252300,77.071300
be1ccc2b-a9dd-4372-82da-e831188bcb55,Zepto,Indore,Madhya Pradesh,22.667490,75.813480
9c01eb65-1a76-4b02-985f-1eae1b8c2ca2,Zepto,Hyderabad,Telangana,17.397111,78.367250
e8906fc6-3925-4713-bca4-3388408415d9,Zepto,Ahmedabad,Gujarat,23.044102,72.672668
2abca56f-4918-4aa7-b110-34068bd40d7e,Zepto,Madurai,Tamil Nadu,9.914887,78.094715
65505923-68ad-4bd1-8258-cbff0d32e938,Zepto,Chennai,Tamil Nadu,13.133006,80.192203
0f63c763-901b-4a64-8c53-da415735616b,Zepto,Chennai,Tamil Nadu,12.730437,79.997378
7e7b4df8-a5a1-4acb-9aa4-b5ecf86a6f2b,Zepto,New Delhi,Delhi,28.684013,77.196556
e92b6e46-2f9f-46b5-99ab-56d2db0a90a6,Zepto,Mumbai,Maharashtra,19.070581,73.098137
2b28a8f0-7027-4c5b-8a0b-63c748e5e29d,Zepto,Nagpur,Maharashtra,21.192690,79.070630
c05fc241-12e3-417b-aa15-a13ecfc60122,Zepto,Panipat,Haryana,29.438420,76.972760
4c79b92b-aa06-420e-8af9-c385a233be62,Zepto,Hyderabad,Telangana,17.467595,78.367511
ecd420a4-fb9a-4d21-b002-fafa41a685ff,Zepto,Jaipur,Rajasthan,26.803806,75.872943
5678bc9a-0e9e-4d5e-a78c-4b418df692eb,Zepto,Bengaluru,Karnataka,12.868370,77.618720
cf384ecd-5e1f-47e9-9194-8e9dc940e8c3,Zepto,Bengaluru,Karnataka,12.941703,77.580188
84e7185d-375b-4386-ad42-ae55139e9e0f,Zepto,Mumbai,Maharashtra,19.420981,72.818757
7d1a958f-c3c0-498d-ac4f-1482550f08d4,Zepto,Dehradun,Uttarakhand,30.329400,78.011630
d2020a3b-0420-4886-8c55-3128f6a3f592,Zepto,Surat,Gujarat,21.193900,72.786324
594e08e1-87d1-4502-9e92-182e895a6c0c,Zepto,Ahmedabad,Gujarat,23.016747,72.566938
82dffafa-bf7f-4752-a0b2-561dc1349c4a,Zepto,Gurugram,Haryana,28.410107,77.051341
83561210-ebc8-42d7-b63f-1cb5e3117b08,Zepto,Pune,Maharashtra,18.597253,73.765000
c9b29da7-6062-41cf-9c31-ddd073e447ba,Zepto,Rewari,Haryana,28.179775,76.628566
7a6201d1-93ae-4a45-bdb1-fbf73c1255a8,Zepto,Ambala,Haryana,30.337112,76.864876
27f14bc8-3989-446f-b877-52a87b4f39fb,Zepto,Chennai,Tamil Nadu,12.877048,80.198829
5369c87b-f60c-40ad-a57d-8729da87e72f,Zepto,Hyderabad,Telangana,17.486470,78.561830
d50a3a1a-4ab0-4a0e-b87d-e032776daff9,Zepto,Mumbai,Maharashtra,19.204725,72.827235
dd520c1a-80de-4060-9e8a-7b2156223efe,Zepto,Pune,Maharashtra,18.445108,73.885344
553c9cfa-5a00-4b98-a1d5-152c813e12d2,Zepto,Kolkata,West Bengal,22.594774,88.434785
3b579acc-ff7e-4e12-8b96-8e144cff0aa7,Zepto,Mumbai,Maharashtra,18.957252,72.819486
261b9c45-eb5b-4398-be1c-909ccde6f629,Zepto,New Delhi,Delhi,28.697833,77.114542
5690bc28-515a-4020-96a6-1e33718b8fb3,Zepto,Ahmedabad,Gujarat,23.131250,72.552170
2132443f-a32b-487a-b774-ce86e7184578,Zepto,Prayagraj,Uttar Pradesh,25.426179,81.784963
6e8bac7d-b774-43ae-9fba-3a2c9ce4637a,Zepto,Coimbatore,Tamil Nadu,11.004333,77.029363
53e2e572-473e-4948-a71f-02590a60f747,Zepto,Gurugram,Haryana,28.447820,77.068409
8c5cc6a4-843f-4ace-a59d-4547a9ff9e8a,Zepto,Chennai,Tamil Nadu,12.890704,80.066877
94ec12c0-9fd4-45fe-aea4-1e41e70413fb,Zepto,Ludhiana,Punjab,30.916811,75.805462
0bb92297-286f-45a2-8b94-40bb25c86e55,Zepto,Lucknow,Uttar Pradesh,26.922149,80.970396
adec0623-e83c-46cc-9eef-d33b4486d054,Zepto,Hyderabad,Telangana,17.373297,78.543314
f503f309-0f93-4388-850f-1091f44232e0,Zepto,Chennai,Tamil Nadu,12.990941,80.190823
a466fff3-62f1-4065-bfab-4ed019c39afc,Zepto,Hyderabad,Telangana,17.526245,78.428032
f44aaa81-4dd2-4f45-8695-57b7faa3e66e,Zepto,Lucknow,Uttar Pradesh,26.807750,80.996222
f2c5a570-9b33-4094-9b3b-614319c81f8e,Zepto,Nagpur,Maharashtra,21.146639,79.054293
d809f060-1074-46a3-b914-345f30df60b9,Zepto,Saharanpur,Uttar Pradesh,29.951775,77.550741
76763e89-ac03-4897-b7c4-f2569eb37f35,Zepto,Pune,Maharashtra,18.468772,73.900352
edf1aca4-600d-45b6-b7f8-8d83157bb84f,Zepto,Mumbai,Maharashtra,19.196175,72.945934
0be324c2-79de-426d-8d78-24b4d50cd9b4,Zepto,Bareilly,Uttar Pradesh,28.390543,79.454531
1bbb2d45-ee2a-40b6-9f0b-c451b7960651,Zepto,Vadodra,Gujarat,22.316244,73.131185
0da49a11-dc9d-46d6-aff6-c33d197f8992,Zepto,Hyderabad,Telangana,17.367187,78.520746
2036c1f6-0885-407c-a607-6a237897ae33,Zepto,Jaipur,Rajasthan,26.885461,75.749982
4e507e91-6be7-4f3c-8dfe-aaa051a6d0c8,Zepto,Bengaluru,Karnataka,12.961913,77.716785
2c5f4d5e-e4b5-40d2-9230-d35756cfd601,Zepto,Pune,Maharashtra,18.470524,73.862885
6047c8fe-15ed-4c61-8d3e-060e800702f5,Zepto,Bengaluru,Karnataka,13.047533,77.578373
ea69a325-0bcd-41d5-84cd-fb1863043812,Zepto,Mumbai,Maharashtra,19.452023,72.803967
19196ae9-a62a-4eee-a6c3-b6243c9b3f01,Zepto,Gurugram,Haryana,28.455115,76.990607
4e9be954-763d-417a-94b5-04c7a7dc27d4,Zepto,Lucknow,Uttar Pradesh,26.917683,80.937691
4b54927e-5c54-4564-8c9f-1e518e6488e3,Zepto,New Delhi,Delhi,28.556305,77.173222
3c4c217e-1efd-4915-ada7-22f94230bae6,Zepto,Belagavi,Karnataka,15.879611,74.526861
9cdc6807-1add-4e75-887d-8c8b32b7fc7e,Zepto,Hisar,Haryana,29.137094,75.737902
2607025a-3900-4f19-a9b9-d158be8b4858,Zepto,Dehradun,Uttarakhand,30.301613,78.051037
97a25366-1a8e-4834-9d57-a976e76af3dc,Zepto,Mumbai,Maharashtra,19.409930,72.833610
f9e3aef6-a8b9-4bb4-9177-a7ca316dfd71,Zepto,Mumbai,Maharashtra,19.100689,72.853258
e3846f73-ac5c-4b6f-a467-946a66a6704c,Zepto,Udaipur,Rajasthan,24.600647,73.709322
14f1a8ec-192a-49d1-95fd-514b5e14f919,Zepto,Gurugram,Haryana,28.386210,77.021980
4889c148-d24c-4837-888b-fbb7c0d86a91,Zepto,SAS Nagar,Punjab,30.672933,76.727499
007c5273-56fd-4f81-a8e6-69d2e0db52b4,Zepto,Vadodra,Gujarat,22.341301,73.203760
48ff71eb-60ab-412e-937c-cdef9b1d3a33,Zepto,Warangal,Telangana,17.956337,79.600845
0f2d3f82-cf97-45e8-bd80-759fe5dfbf6c,Zepto,Bengaluru,Karnataka,12.902657,77.661323
40382f4d-61eb-4e99-9a0f-201fd9926f40,Zepto,Bengaluru,Karnataka,12.911780,77.603199
684a75ae-c944-480c-a64f-76a1a9cfa393,Zepto,Mumbai,Maharashtra,19.058604,72.879546
559d99e4-56b4-4659-9022-07abdf9329b2,Zepto,Pune,Maharashtra,18.572237,73.753758
56b34f56-7705-43b0-8fee-64125becba91,Zepto,Kolkata,West Bengal,22.448824,88.301147
0f8103ff-a85c-40ac-8658-ffecaa4fb853,Zepto,Chennai,Tamil Nadu,13.138587,80.288094
bcfaff62-217e-4fab-b8cd-a89d81ccfc4a,Zepto,Gurugram,Haryana,28.422124,77.090524
d4826474-66a7-4a03-98a6-950ae93a634d,Zepto,Noida,Uttar Pradesh,28.454972,77.519796
4bbfd2a7-633f-40bf-91e3-3cfdd08fd6cc,Zepto,Lucknow,Uttar Pradesh,26.867190,81.016110
443fffe1-024b-4c04-9b3a-eaf3af01c83d,Zepto,Chennai,Tamil Nadu,12.979998,80.136620
8851f149-0658-4c0f-9995-1fcf9ca5404b,Zepto,Nagpur,Maharashtra,21.138921,79.125938
9ab4aaf2-f0b5-477c-b633-b3a555b0db42,Zepto,Mumbai,Maharashtra,19.050330,72.909500
ed887f36-42af-4fcb-92b8-e626ff12058b,Zepto,Hyderabad,Telangana,17.383792,78.341412
4b7a4e49-97dc-4bab-a168-52fcc8711105,Zepto,Pune,Maharashtra,18.470199,73.891835
1aeea608-4e80-48a1-9c8a-0d0ac28eb876,Zepto,Faridabad,Haryana,28.411383,77.347755
99949ff5-2335-4704-bbdf-b8f86a90c811,Zepto,Bengaluru,Karnataka,13.106778,77.580361
56b257df-32c7-482f-9963-01ec865624c3,Zepto,Chennai,Tamil Nadu,12.927900,80.200170
a7a8db9f-5860-4635-9e4b-8b3aba6526e4,Zepto,New Delhi,Delhi,28.608631,77.098019
41b702ce-4302-4b24-8997-c9bd507d5ea7,Zepto,New Delhi,Delhi,28.607881,77.033508
34774f44-f41c-4bde-993b-8e93684ff94f,Zepto,Bengaluru,Karnataka,13.042330,77.547780
fae50483-1e9b-491c-a62a-5e7216cb7f57,Zepto,Noida,Uttar Pradesh,28.504494,77.414444
8ffc7380-5ace-4a2b-b8c9-f4e85364d14c,Zepto,Hyderabad,Telangana,17.539930,78.366087
e4a9d9d2-dcea-46bb-b683-83dda1e9e6d6,Zepto,Bengaluru,Karnataka,12.989395,77.609946
6500290b-eea8-460e-a447-14e27bbfe116,Zepto,Hyderabad,Telangana,17.409723,78.394611
24161f96-e91b-451f-ae76-79a5c7469496,Zepto,Hosur,Tamil Nadu,12.721440,77.823116
ab5b8567-c808-4008-8793-b83489a3c6fa,Zepto,Mumbai,Maharashtra,19.179661,72.865097
ea49abf1-77df-4575-8022-fbcf9e25b3b4,Zepto,Bengaluru,Karnataka,12.894204,77.584495
fab4fc54-b957-4a4b-9e1b-eb5642c9e224,Zepto,Mumbai,Maharashtra,19.015055,72.838066
36924e6d-5307-4b1e-af42-2143e748a664,Zepto,Nashik,Maharashtra,19.978547,73.827885
ed394930-f138-4f33-a3dc-51910eb68f59,Zepto,Palakkad,Kerala,10.789932,76.649991
dbd8cb1b-0dd8-476d-8c3c-0b2be12536b2,Zepto,Indore,Madhya Pradesh,22.695321,75.859981
044b3951-b27e-4dc4-b831-5698618b65d0,Zepto,Patiala,Punjab,30.320601,76.384230
960c0c9b-3602-42c5-bea7-b9f8a737e68f,Zepto,Mumbai,Maharashtra,19.032974,72.878194
20c47a85-2b47-41d8-a02f-8a9b34c8bb4b,Zepto,Lucknow,Uttar Pradesh,26.832820,80.857640
30cbdf99-c43b-4a4f-8754-7399625ce08c,Zepto,Mumbai,Maharashtra,19.692890,72.771077
bd54e57b-7052-4b6f-a52d-64f90447f943,Zepto,Noida,Uttar Pradesh,28.428470,77.507910
4a23af0e-df8c-46c5-a68f-78fe1e0909f3,Zepto,Kochi,Kerala,9.931492,76.263654
1a13c8ef-91b4-462b-b27d-45451693f7a2,Zepto,Hyderabad,Telangana,17.505611,78.391472
2aea52a3-d15a-4e0c-b97d-4670bd600eaf,Zepto,Mumbai,Maharashtra,19.021018,73.101272
da931d01-2519-4d80-89ae-9d74dbb71918,Zepto,Nashik,Maharashtra,19.974521,73.787602
cd6c08c9-56dc-4f63-8aee-c53fbd38927b,Zepto,Hyderabad,Telangana,17.432703,78.597353
b2b682f4-7010-4945-b0bf-6e55df78f39d,Zepto,Hyderabad,Telangana,17.424047,78.412773
8c84e7ae-6e94-48f2-b4c8-af6c199aef1b,Zepto,Hyderabad,Telangana,17.393000,78.376462
74eedd8a-1705-46c3-8dd3-bbfcc0289ec3,Zepto,Kochi,Kerala,10.037119,76.315822
1b66cb9f-a71a-4a96-896f-a420974a2b32,Zepto,Gurugram,Haryana,28.435337,77.078114
c833cd5c-df44-42c9-865f-2035f4aa3c4e,Zepto,Jaipur,Rajasthan,26.923404,75.730658
551d5b20-6c19-465c-aaf8-0624166cbf93,Zepto,Mumbai,Maharashtra,19.223570,72.851720
8988d40f-12d3-42d5-9a8e-243712f8e37f,Zepto,Mumbai,Maharashtra,19.128244,72.937878
07b1b3f7-203d-4d37-9297-1ea22235fe2c,Zepto,Jaipur,Rajasthan,26.933465,75.797009
d0e7fabd-57c5-4073-9c43-dc5bbdf3d8fd,Zepto,Dehradun,Uttarakhand,30.287845,78.028913
90f2f25e-b21f-4999-957f-a96a81f01dfb,Zepto,Gurugram,Haryana,28.444382,77.056480
a44922a3-06b3-4840-959b-f3f0623c983e,Zepto,Meerut,Uttar Pradesh,29.054990,77.708420
66343bcf-0c12-4c87-b3b8-5e582e518ca7,Zepto,Mumbai,Maharashtra,19.085757,72.998737
5dce0ecb-2c78-4578-92b8-b76780ec63bd,Zepto,Hyderabad,Telangana,17.444633,78.462866
4f1a8aec-600b-429b-81e8-c9ecebf9b5da,Zepto,Chennai,Tamil Nadu,12.928669,80.115487
c221bd15-b6c3-407e-a195-7f714e91db4c,Zepto,Mumbai,Maharashtra,19.011666,73.023654
5ec071fd-78df-41f6-b3ae-7298d9f96a3d,Zepto,Bengaluru,Karnataka,12.925095,77.637091
631ed664-2717-487d-9979-1e294b7a1b4e,Zepto,Bengaluru,Karnataka,12.882117,77.673328
2a82431b-9c30-453e-a6b9-4dc586ae5e75,Zepto,Chennai,Tamil Nadu,13.098921,80.108276
30a65b0b-3941-4a5f-a0e4-8d0626b37c89,Zepto,Kanpur,Uttar Pradesh,26.436009,80.296192
fb0d381c-e38f-4bcc-a5f8-872e3e033e62,Zepto,Chennai,Tamil Nadu,12.976920,80.215130
93891814-819c-4e05-95a9-48ba1696f039,Zepto,Bengaluru,Karnataka,12.984160,77.767000
18073c2e-7d0d-4096-b0e0-c8b5f7454446,Zepto,Hyderabad,Telangana,17.492910,78.352789
4db16931-a992-4b6a-805d-be5d594941ba,Zepto,Gurugram,Haryana,28.496030,77.109233
9b74fd73-1753-4b1c-a6df-6b8d01bd168c,Zepto,Dehradun,Uttarakhand,30.372331,78.098837
2e591664-44a8-491a-9add-0af20446f0cc,Zepto,Gurugram,Haryana,28.443440,77.095680
17532e16-28d2-4271-bbac-c48b9b3f8dd1,Zepto,Kolkata,West Bengal,22.671539,88.378418
ad87f09e-6b7e-40d4-99e7-2776aaf587a1,Zepto,Hyderabad,Telangana,17.525841,78.319258
308d5afe-f44d-443b-ab47-5f6e43f3fcbd,Zepto,Vijayawada,Andhra Pradesh,16.532303,80.592049
93cd2e82-b141-41bc-91c5-2805396da43d,Zepto,New Delhi,Delhi,28.537425,77.296626
48018697-39cd-458a-a2dc-b6ac22e6b5c0,Zepto,Mumbai,Maharashtra,19.067859,72.898622
75ce4477-9307-4db7-b750-a640a90e0e51,Zepto,Lucknow,Uttar Pradesh,26.902775,81.002369
e3b48c7c-765f-4ae8-a150-7d982b2d75d9,Zepto,Chandigarh,Chandigarh,30.710210,76.842460
d9b656fe-41ad-4645-9fad-af3bf1cf7d8f,Zepto,New Delhi,Delhi,28.573441,77.072534
917d20a7-58e4-4574-95dd-dfe3513dd1b2,Zepto,Bengaluru,Karnataka,13.010808,77.540878
43dc610a-b80c-43e1-ac35-2d899d88795d,Zepto,Bengaluru,Karnataka,12.928663,77.738082
d955c760-9c2f-4001-b7bd-24b8b4ce38b0,Zepto,Ghaziabad,Uttar Pradesh,28.681333,77.359861
993f0320-ff43-4904-aca7-570e60b128bd,Zepto,Chennai,Tamil Nadu,13.081003,80.256295
ac34d1f4-7a17-4238-8ee1-6472d277a1e9,Zepto,Mysuru,Karnataka,12.293760,76.602720
0e3197dd-32d8-47f6-88ce-bf4e94bbd0f8,Zepto,Chennai,Tamil Nadu,12.897810,80.142832
62648dc2-e2ea-48d9-8d26-314169b943ac,Zepto,Surat,Gujarat,21.242441,72.852010
a0cf8634-2b62-4ead-8cd7-5ee6c5d11192,Zepto,Mumbai,Maharashtra,19.086253,72.901833
1a96b304-c2cb-4a59-88cc-8e3496e1b525,Zepto,Kanpur,Uttar Pradesh,26.427685,80.321483
a704a05d-0f16-42da-a511-627c9f613d33,Zepto,Prayagraj,Uttar Pradesh,25.470258,81.855923
2d36aa4d-f410-4fd9-8b9b-cbfd02460e51,Zepto,Bengaluru,Karnataka,13.038599,77.645913
9a51d2b1-9708-4648-a294-0f5a5909cf5a,Zepto,Gurugram,Haryana,28.402110,77.059000
72a5dc2f-b97c-406d-b3e4-090e99736baf,Zepto,Nashik,Maharashtra,20.020824,73.834427
95bc5024-3ef7-49b5-80a9-9c9df49638dc,Zepto,Hyderabad,Telangana,17.403365,78.592185
baa090fc-be13-4b34-87c5-2aea256fd4c4,Zepto,Gurugram,Haryana,28.506127,77.069438
5116a0c5-42bc-487c-ac82-37af432606b0,Zepto,Mumbai,Maharashtra,19.109309,73.009048
b359ba27-8fe9-4c95-85f0-0939de00f5a4,Zepto,Kota,Rajasthan,25.203900,75.836000
f4bba239-1eaa-447f-bca5-8ac8d536cec1,Zepto,Lucknow,Uttar Pradesh,26.778890,80.999244
c2c05ffc-0eb1-4164-86cc-49cb1271d92a,Zepto,New Delhi,Delhi,28.654999,77.143668
f275b3c5-5538-46b4-940f-82d9358dba84,Zepto,Hyderabad,Telangana,17.394825,78.500345
f0d7e6e8-969c-4cdb-8505-3fa1e55790b1,Zepto,Hyderabad,Telangana,17.467098,78.308601
7e5a1821-59ed-4d8a-8431-a3705afb22d2,Zepto,Bengaluru,Karnataka,12.911833,77.643984
4ba4eee4-2869-4f08-8ba8-ccf06a2b4e3c,Zepto,Pune,Maharashtra,18.565983,73.792230
dc47f38a-1d35-4144-a6b2-d1470a32faf3,Zepto,Bengaluru,Karnataka,13.032739,77.580540
52278321-e20a-4a88-b24c-613fafa720e0,Zepto,Mumbai,Maharashtra,19.225634,73.165896
2d89c87c-884c-41c3-89bb-12f9dcddc03f,Zepto,Mumbai,Maharashtra,19.039498,73.067738
b8f93707-6d8d-4c31-8b58-627f09ba83cf,Zepto,Mumbai,Maharashtra,19.240750,72.835917
0e027a98-e51d-488b-af9b-f81381bb9837,Zepto,Noida,Uttar Pradesh,28.583612,77.371656
ca648d74-89e2-415d-98d5-7ff5c233898c,Zepto,Hyderabad,Telangana,17.502757,78.545923
7a85bcbe-fbfc-4ad8-be93-9da42c05a380,Zepto,Hyderabad,Telangana,17.530935,78.296639
ae984dc5-d33f-49cd-914c-d95d51f9e0ca,Zepto,Mumbai,Maharashtra,19.118582,72.992032
f7f23e4a-92a3-4b7a-b913-28df57301982,Zepto,Chennai,Tamil Nadu,12.912454,80.105023
ebc97fa4-aae3-4ece-9ce9-8025aa679e49,Zepto,Gurugram,Haryana,28.421887,76.934209
54c72546-0ffd-4491-b075-faadc90e4cb0,Zepto,Kanpur,Uttar Pradesh,26.422324,80.390759
2a3b1c03-c42a-484e-bdd9-bc853efd6fca,Zepto,Hyderabad,Telangana,17.325639,78.450028
e842cdf7-9206-4281-9724-f8ac8bf69cdc,Zepto,Chennai,Tamil Nadu,12.968377,80.105767
7b2176ce-862d-4e58-9d5e-6373e729c2a6,Zepto,SAS Nagar,Punjab,30.637550,76.814070
50928523-a4f4-42ad-8c57-e2eedf5f19cd,Zepto,Bengaluru,Karnataka,13.069573,77.558989
311ccac4-761e-4862-beeb-f41ba7e37bec,Zepto,Kolkata,West Bengal,22.660400,88.429240
fa4d495a-c01f-4132-9be3-89c4cf72dd7b,Zepto,Karimnagar,Telangana,18.422550,79.134385
96348a97-316b-4e61-963d-05f9827366de,Zepto,Gurugram,Haryana,28.425944,77.065083
852818aa-dfa5-4943-b2b5-1cd51c26bdd5,Zepto,New Delhi,Delhi,28.653296,77.118330
7e376b5b-070a-4df3-9d78-125c12bb0745,Zepto,Mumbai,Maharashtra,19.164090,73.116310
be8c29f7-cb07-48e2-8239-5df581ba541b,Zepto,Ahmedabad,Gujarat,23.117458,72.563427
b38414a7-3fac-439c-a764-2133973bf49e,Zepto,Hyderabad,Telangana,17.529276,78.357285
f737581f-b7f3-450a-8cf7-f5fb6e6184a0,Zepto,Pune,Maharashtra,18.599583,73.908752
4be1c14d-98a6-42a7-aea9-488538abd03c,Zepto,Nashik,Maharashtra,19.982591,73.762428
354e4def-47bd-4c5c-bbff-e408cfc0de6c,Zepto,Pune,Maharashtra,18.561199,73.914504
63e5a81f-f326-48df-8250-1f28417a8ebc,Zepto,Puducherry,Puducherry,11.953354,79.818137
5bbd5e39-81de-4d1a-9706-25cbe2cb58af,Zepto,Nagpur,Maharashtra,21.128561,79.104620
57fbfbc2-6ec0-4465-aff3-81e771faf303,Zepto,New Delhi,Delhi,28.690002,77.134438
5c59e348-7c63-47e6-92e8-ad748aa75242,Zepto,Noida,Uttar Pradesh,28.497747,77.524504
809ea1fc-cf81-4257-b2b5-7d53a911cae0,Zepto,Chandigarh,Chandigarh,30.742671,76.787421
06031ad9-0300-4c0d-bc7d-cc16959c7467,Zepto,Davanagere,Karnataka,14.444203,75.928955
e6020704-f789-4a3f-9f3a-1f289bcb343f,Zepto,Kolkata,West Bengal,22.538822,88.376654
f0fa4a29-bff9-43fa-bbbf-8c843ce7b579,Zepto,Tumkuru,Karnataka,13.341513,77.103305
699290c8-7009-4704-82c7-e90e8ba1be3e,Zepto,Ludhiana,Punjab,30.864435,75.806340
6fdc556b-2daf-480a-b272-b48c18e4460c,Zepto,Hyderabad,Telangana,17.522182,78.374764
a98b17a7-c155-4e4e-8b87-bfb5ac1a44a2,Zepto,Hyderabad,Telangana,17.436101,78.429056
4565fffb-f4fa-4808-91e1-31e69f6ac9df,Zepto,Hyderabad,Telangana,17.419323,78.572074
a09f04ca-3c1d-4523-8606-386ce213a7ae,Zepto,Bengaluru,Karnataka,12.887243,77.458680
2398d252-ec15-485b-bd2f-2b03432ea794,Zepto,Faridabad,Haryana,28.389159,77.362540
6893b298-d63b-4c4f-b155-2e4a0ca502d5,Zepto,Hyderabad,Telangana,17.459307,78.423602
885c5a49-6ecc-47fa-ac1e-87310b08de65,Zepto,Ahmedabad,Gujarat,23.046357,72.504213
db68a1c5-3c18-49d4-bd83-87b4f580fd45,Zepto,New Delhi,Delhi,28.560985,77.251856
0a5e41a0-7252-43f6-9e8f-9a1e5d48ddd3,Zepto,Bengaluru,Karnataka,13.015649,77.709430
f69d994e-7d4d-4a5f-bc76-db7b26027ef0,Zepto,Dehradun,Uttarakhand,30.274212,78.060638
7cd6cb01-f62f-4c1a-8b2c-21c20b17526a,Zepto,Chennai,Tamil Nadu,13.036754,80.199379
819d4daf-ab7a-4291-be40-3070ebb46cec,Zepto,Hyderabad,Telangana,17.514275,78.489768
534be34c-5cc2-4882-b34a-ddb1ece9eaf1,Zepto,Chennai,Tamil Nadu,12.850272,80.051653
5858e2d0-74e9-4250-bdca-c6949282438b,Zepto,Gurugram,Haryana,28.512795,77.012309
40632fc7-b3f8-4ebc-b2e7-db803accef4e,Zepto,Gurugram,Haryana,28.353741,76.971153
e791004e-f7d8-4a2b-9e05-ac0a95bd2706,Zepto,Bengaluru,Karnataka,13.026500,77.558028
2c224926-8b10-4295-9710-004f8e7b3880,Zepto,Chandigarh,Chandigarh,30.722150,76.767810
4094e2e2-e495-4375-843d-1376747202c5,Zepto,Chennai,Tamil Nadu,12.927312,80.144457
d5da3809-1327-4050-b59b-43342ea74482,Zepto,Bengaluru,Karnataka,12.906050,77.697337
afc14c75-c874-46d8-9877-e66bfa0c7299,Zepto,Bengaluru,Karnataka,12.870097,77.583724
ffb97d6d-e865-4bf7-a4e4-4b95ebc3b7d9,Zepto,Chennai,Tamil Nadu,13.061200,80.184319
83e33858-a13f-4c67-a016-07de0cce8043,Zepto,Hyderabad,Telangana,17.365683,78.421281
1c6c1528-3f93-42f0-8640-66ba46e9dace,Zepto,Kochi,Kerala,10.037460,76.341296
b2b8106d-74fa-4f6c-8edb-e491da91ddf1,Zepto,Hyderabad,Telangana,17.399693,78.542595
aa0cbb4d-1d2d-4ec6-9ed9-bc998260760f,Zepto,Lucknow,Uttar Pradesh,26.759327,80.951681
3f391c43-b41c-43e8-b378-34f272c6296c,Zepto,Hyderabad,Telangana,17.431777,78.373414
b4be4358-8c60-4b61-9d4c-0a2f44c1b2cc,Zepto,Lucknow,Uttar Pradesh,26.867813,80.905173
f68f6daf-2bba-450e-9a05-082e29e9129d,Zepto,Pune,Maharashtra,18.581989,73.740139
455d4f27-20fa-488a-ab60-54cb113e4f26,Zepto,Jaipur,Rajasthan,26.806125,75.834290
ab3bee45-6ef0-4dbe-bf5f-253d0817ceb5,Zepto,Kolkata,West Bengal,22.627592,88.423750
84bf9085-f4e6-4c8c-9cf6-9876beafada3,Zepto,Ahmedabad,Gujarat,22.992198,72.653526
9bfb7127-8a86-4de2-968a-e7cd9d1b8d51,Zepto,Gurugram,Haryana,28.515994,77.038629
49e49285-a768-494f-9429-89a6cf673007,Zepto,Agra,Uttar Pradesh,27.189279,77.984588
97acd88b-1a82-499b-acf1-c7e365eab5ce,Zepto,Bengaluru,Karnataka,12.974680,77.697002
2d8ae8c3-c7c3-4826-8802-e386af7f5385,Zepto,Hyderabad,Telangana,17.470379,78.359283
1db5fffc-4eca-4f44-8ba6-14c5c107e81f,Zepto,Noida,Uttar Pradesh,28.590710,77.381058
3a44ca1a-adde-4f8e-9e0c-613a98d348b7,Zepto,Bengaluru,Karnataka,12.984970,77.710660
accc8ada-86f9-48fe-9d7a-098000985bee,Zepto,Valsad,Gujarat,20.592284,72.944332
e4bfd8b0-11a9-475c-b34e-a4c43cbafe65,Zepto,Ahmedabad,Gujarat,22.997339,72.467201
4de81c28-7ac9-4ad6-80e4-b812ed475261,Zepto,New Delhi,Delhi,28.695932,77.058317
1df7d024-3938-424e-a351-0c61f146c944,Zepto,Lucknow,Uttar Pradesh,26.898298,80.944145
848af961-1a54-410e-b220-59a42507d39a,Zepto,Amritsar,Punjab,31.664247,74.844847
e58fff62-7695-44c2-aba0-6bc96074bc64,Zepto,Bengaluru,Karnataka,12.999667,77.746472
cf3c7b38-d1af-4f20-ba14-8f1386ea3c45,Zepto,Hyderabad,Telangana,17.352074,78.554349
54358b29-1ad2-4c8c-a4cb-95af6d0eabc2,Zepto,Noida,Uttar Pradesh,28.499879,77.541621
3eced897-a793-4b9d-bc3b-1772a883d8af,Zepto,Noida,Uttar Pradesh,28.575489,77.395161
90fc9dad-9c9d-4a35-8cda-ef07da7811ef,Zepto,Bengaluru,Karnataka,12.946167,77.549333
8c0bdb95-9f6b-4cd1-bd88-c304f5fce8e2,Zepto,Chennai,Tamil Nadu,13.118442,80.158874
f640034b-60ca-4426-8b7b-edcf408846ec,Zepto,Kochi,Kerala,10.017925,76.289590
f48e88cb-0bbb-4ce1-9ce3-8005cc76c1e6,Zepto,Mumbai,Maharashtra,18.992952,72.822077
da5125c1-14c6-4407-b8a3-7e2749ecbc51,Zepto,New Delhi,Delhi,28.755682,77.148151
6fee31f5-1ec7-43e1-9d2f-1bc462d5fee9,Zepto,Indore,Madhya Pradesh,22.775073,75.895575
58c5b67d-32d8-494a-8451-a720173b6b8e,Zepto,Bengaluru,Karnataka,13.103074,77.630134
fe6fabb1-7063-4dba-b83a-6cb00e8a26e2,Zepto,Noida,Uttar Pradesh,28.614677,77.455696
d096ba7c-7e56-41ec-adc1-8b71b0107da1,Zepto,Karimnagar,Telangana,18.433156,79.113048
68c16fa4-b598-4f88-a656-a573186596c7,Zepto,Bengaluru,Karnataka,13.074063,77.519827
e09e8bac-2aad-4634-9d2c-d19833956f3a,Zepto,Gurugram,Haryana,28.394882,76.933179
08d249a3-3f40-428b-8ec5-cd9beb33ed41,Zepto,New Delhi,Delhi,28.641917,77.282270
75946a5e-942e-4db1-9e7c-5fe2eb85088b,Zepto,Bengaluru,Karnataka,12.996169,77.691035
01084781-096d-4da8-bc1c-cd56769e8d87,Zepto,Kanpur,Uttar Pradesh,26.508984,80.294056
77acda94-75cc-4146-952c-813f5bd745dd,Zepto,Hyderabad,Telangana,17.414844,78.451137
3072e208-7b9a-4821-a000-e121ba8a43fa,Zepto,New Delhi,Delhi,28.500805,77.235137
2ed5a568-da07-4497-b5c7-29237e478a38,Zepto,Bengaluru,Karnataka,13.005998,77.569579
8eec86a7-817c-4719-b317-7e2118611b1e,Zepto,Mumbai,Maharashtra,19.280871,72.876775
b1403534-cd6b-49d0-a7cd-ce20e6497768,Zepto,Bengaluru,Karnataka,12.966376,77.606921
3099e4ba-785d-4de5-81e1-f4a9f8707beb,Zepto,Hyderabad,Telangana,17.458441,78.303854
d390ee2b-1c8f-4236-9c8b-b60173fd330a,Zepto,Mumbai,Maharashtra,19.189633,72.838889
4f8f3e7f-09f6-4bea-924e-c29764c91e48,Zepto,Noida,Uttar Pradesh,28.611330,77.446472
e94ce78f-6b7b-4c04-b125-d52e1669f97d,Zepto,Chhatrapati Sambhajinagar,Maharashtra,19.884301,75.322868
06bc0cca-b09b-4c18-b6c5-8358f91c7201,Zepto,Dehradun,Uttarakhand,30.277167,77.989784
ebc8fa1c-02ba-4a0a-a544-0854ce8beead,Zepto,Surat,Gujarat,21.210187,72.795128
fe7c8d05-02c0-4358-a794-1d5f862d74e8,Zepto,Mumbai,Maharashtra,19.163821,73.076180
178dbe40-5ad9-4ddf-99ec-18192cb71db7,Zepto,Mumbai,Maharashtra,19.164591,72.995479
44cd48b8-13b4-47a2-b689-11128d52c932,Zepto,Bhiwadi,Rajasthan,28.189369,76.819283
560c2c80-71e4-4cba-bfdc-a228a6174054,Zepto,Puducherry,Puducherry,11.931241,79.809527
0975536b-fda2-455c-89cd-c7d4b0149fd8,Zepto,Nashik,Maharashtra,20.006069,73.801349
5a9291a1-3743-44ad-9c10-9d458d5b6325,Zepto,Chennai,Tamil Nadu,12.843303,80.227891
5a1efe1d-fe99-4c6a-a79f-fe807d6ea14d,Zepto,Chennai,Tamil Nadu,13.077016,80.168452
695b2cc3-3e79-4e8e-99dc-85ddfb90d256,Zepto,Noida,Uttar Pradesh,28.595046,77.330379
8bbd3120-1502-4ab1-a042-10b6191176df,Zepto,Madurai,Tamil Nadu,9.903673,78.101439
ed86e5ce-e9c9-489b-8371-b4c1543b8758,Zepto,Ahmedabad,Gujarat,23.109884,72.550660
aed3e474-bd2f-4577-bd79-b74b53ce9e4e,Zepto,Hyderabad,Telangana,17.482980,78.541726
5bc98314-fe7f-490b-a41c-cb478ab34dd9,Zepto,Ghaziabad,Uttar Pradesh,28.643889,77.349417
6671859b-cb7c-4dc7-bba6-d6554b27b7b2,Zepto,Hyderabad,Telangana,17.366977,78.492063
8628a7a0-4fb1-4002-95d3-f5ab2061181f,Zepto,New Delhi,Delhi,28.545230,77.291519
2240913f-e14f-46cc-94e8-ff6f5c32ffab,Zepto,Bengaluru,Karnataka,12.819985,77.662770
5c85fffa-7130-43f2-9b34-0decc06beddc,Zepto,Bengaluru,Karnataka,13.038049,77.617309
8f1d26b5-d168-42b5-9aa2-fc76bbd55a9f,Zepto,Pune,Maharashtra,18.641493,73.756669
b51017b6-8aed-4bff-a391-ba12ec8f9cee,Zepto,Chennai,Tamil Nadu,12.944697,80.140698
f79f191f-80eb-430f-b855-448625ab2243,Zepto,Palakkad,Kerala,10.774390,76.638360
0b45bb12-e3bd-415b-b298-ee97db10a222,Zepto,Mumbai,Maharashtra,19.465660,72.803450
10a970cf-668a-4633-9641-bd1e37fba249,Zepto,Mumbai,Maharashtra,18.965916,73.022176
d9c0b720-ce7d-4571-9df2-5d2069c2f8b4,Zepto,Noida,Uttar Pradesh,28.475083,77.523722
5d8ec059-9f5f-4867-8520-b232a1ebde3d,Zepto,New Delhi,Delhi,28.640934,77.121151
db4ee2ab-1f56-4e37-9969-3407620c48f5,Zepto,Pune,Maharashtra,18.448546,73.836352
14dd523d-d177-479e-ad17-8d1185f3e185,Zepto,Mysuru,Karnataka,12.281113,76.630269
46582e95-02a7-4eb6-b80a-526a5e73c6ae,Zepto,SAS Nagar,Punjab,30.761650,76.665950
351f1ba8-e6e4-4f44-97bc-40f0a23568f2,Zepto,Hyderabad,Telangana,17.393263,78.359834
29d47abc-4861-444d-baf6-b32eb28f98a6,Zepto,Udaipur,Rajasthan,24.600782,73.689251
abed156e-9d65-4438-86b9-5c5c4696cbb6,Zepto,Kanpur,Uttar Pradesh,26.406639,80.333056
5a8602ea-7595-466b-bb0d-8ab128a663e0,Zepto,Noida,Uttar Pradesh,28.520733,77.385277
2cad2a10-1a07-4006-971e-6b305738e8e4,Zepto,Surat,Gujarat,21.135340,72.795048
1794eede-9e42-4a9c-b132-0be5b0e4e4a4,Zepto,Nashik,Maharashtra,20.012347,73.748048
856b33b6-5cfb-4b67-8702-62b49fc5db26,Zepto,Bengaluru,Karnataka,12.864232,77.770155
bd5c7fca-c35a-404c-a803-ce735acbeea5,Zepto,Meerut,Uttar Pradesh,28.969224,77.735525
300a1056-ad32-430e-b5e4-41624b0494ed,Zepto,Bengaluru,Karnataka,12.960098,77.559489
73731b71-1ef1-403c-b1e0-e214f7c78b20,Zepto,Meerut,Uttar Pradesh,29.011046,77.749799
ba537e2f-5d2b-460c-8e18-adedaea3a91f,Zepto,Bengaluru,Karnataka,12.966575,77.671721
4d3f28cf-646c-49cb-833b-0dbce82498d5,Zepto,Kolkata,West Bengal,22.528737,88.351810
250d0a67-ee4b-4cdd-ac75-0c5e65c25ee9,Zepto,Mumbai,Maharashtra,19.115646,72.883028
936f8969-5c1b-4ebc-976b-ee4324c0accb,Zepto,Hyderabad,Telangana,17.436627,78.643496
2b293e1e-3e46-4377-aa87-b860c58730c9,Zepto,Hyderabad,Telangana,17.404861,78.407028
8e706906-0373-4de9-b9f7-cbfcc5ab2bca,Zepto,Chennai,Tamil Nadu,13.034808,80.169856
ba4957a9-6519-443e-9919-8c71440d61dc,Zepto,Pune,Maharashtra,18.585103,73.991260
a25f2e2f-5336-4195-93f1-a7cd6d1be9d1,Zepto,Chennai,Tamil Nadu,12.807574,80.222920
9e330266-5ce4-4408-af82-5614f2b3b001,Zepto,Haridwar,Uttarakhand,29.994993,78.191154
b1f236d6-edfd-47eb-a6fe-dd5bbca86e4d,Zepto,Jaipur,Rajasthan,26.907474,75.830045
5c012bfa-7eab-4aa6-9285-60683ed3107c,Zepto,Ghaziabad,Uttar Pradesh,28.646249,77.334833
b85a5165-14eb-433e-b1c9-bcc435f89d26,Zepto,Noida,Uttar Pradesh,28.611323,77.397793
13ffc117-24d6-4854-a53e-a51d7330973e,Zepto,Hyderabad,Telangana,17.451413,78.390113
0fbf57e9-75ca-499b-94d5-479f33b564ea,Zepto,Chennai,Tamil Nadu,12.788993,80.020219
596b77f1-86e7-4246-ad37-f87897a9779a,Zepto,Pune,Maharashtra,18.533569,73.885368
561f9537-1e81-4654-a9e0-6144a15caa90,Zepto,Warangal,Telangana,17.991972,79.593639
61d4ef22-b293-4f2b-a1ef-faa0f49c4322,Zepto,Indore,Madhya Pradesh,22.718288,75.893881
55b244f4-1068-4dfc-be57-0aee061bc311,Zepto,Hyderabad,Telangana,17.355972,78.503853
5c0e30fc-969b-4051-a30a-e9e5be4affdd,Zepto,Bengaluru,Karnataka,13.079771,77.643756
c8f9f22d-b083-4eb1-894d-47b4daeeb2b5,Zepto,Chennai,Tamil Nadu,13.023149,80.226517
21217c69-8530-4f00-9366-e96ab493bfe8,Zepto,Surat,Gujarat,21.170115,72.780632
f9e3fcb4-fe52-4901-b9d8-f8817d8f9045,Zepto,Hyderabad,Telangana,17.485402,78.389528
cc72f206-e146-43c5-a01b-56ddc8d11464,Zepto,Mumbai,Maharashtra,19.086710,72.836165
a06b81f7-ce53-499c-bcd0-768ec804abae,Zepto,Karimnagar,Telangana,18.451298,79.120394
3516f4f6-dec8-4e36-abb0-77f26d0f4a16,Zepto,Pune,Maharashtra,18.664297,73.768168
eae819e6-830f-4bc1-95ef-514cab9dbdbd,Zepto,Chennai,Tamil Nadu,13.101777,80.193378
751c003c-bbe4-453d-ae3d-404380528149,Zepto,Mumbai,Maharashtra,19.118347,72.905042
01c75445-012e-4df6-b075-6856318038cc,Zepto,Chennai,Tamil Nadu,13.095466,80.233032
5cad640b-fe79-43bb-aac2-849733defb55,Zepto,New Delhi,Delhi,28.575639,77.242667
266fb1d0-6495-4f65-9bcd-f03b54724799,Zepto,New Delhi,Delhi,28.522760,77.261513
fe4a16ca-6c7c-4f1a-88a7-fecda52d8057,Zepto,Pune,Maharashtra,18.603900,73.791804
b5c0eebd-0709-4d34-9530-d4540f4db62f,Zepto,New Delhi,Delhi,28.707439,77.100993
9d0db896-5c44-4fcb-9cdb-b88d01aed7e1,Zepto,Noida,Uttar Pradesh,28.483608,77.506043
96e97213-52da-4e71-a1c3-b3a95e2edf43,Zepto,SAS Nagar,Punjab,30.728460,76.649391
ae16b84f-5364-4a24-86b7-d42d13891838,Zepto,Gorakhpur,Uttar Pradesh,26.784556,83.357278
2fd0f3ca-d788-41bc-be14-a18850bf78cc,Zepto,Bengaluru,Karnataka,12.899348,77.678337
e9c206f4-5e36-40ea-9d34-071b0c016be3,Zepto,Hyderabad,Telangana,17.335276,78.552555
adff0588-4405-4d2c-ba0f-059a9e563839,Zepto,Jalandhar,Punjab,31.295910,75.559380
f39c8468-8ad4-41c4-b159-1b0d9a2d0a6f,Zepto,Guntur,Andhra Pradesh,16.298523,80.452981
fdc84bec-ec86-4b5d-b18b-84daca52c609,Zepto,Mumbai,Maharashtra,19.199237,73.199370
b0caee9f-aa50-45bf-92bb-b533d55b50a0,Zepto,Lucknow,Uttar Pradesh,26.931493,80.907628
b54c01f1-4f46-47d6-a3e7-bd040d3e8548,Zepto,Mumbai,Maharashtra,19.208603,73.196536
3c87aea3-d63e-4765-bf86-2fd7a8c1ebff,Zepto,Chennai,Tamil Nadu,12.911353,80.182789
73b0c599-728d-4642-a0e3-1e5b68836327,Zepto,New Delhi,Delhi,28.573257,77.228054
102af115-4cad-419f-9bd5-567159eefc5c,Zepto,Mumbai,Maharashtra,19.202022,73.102571
4b085c97-667a-4149-ade7-d61c8a7fa42f,Zepto,Bengaluru,Karnataka,13.014820,77.627780
44cc43cf-500a-44a1-967f-36164e30d124,Zepto,Mumbai,Maharashtra,19.222393,73.121840
3dbc1d3e-adfe-47b7-92f8-511a7007b9b7,Zepto,Noida,Uttar Pradesh,28.571107,77.486582
456f820f-097c-49b2-8b2b-8f9dc11addd3,Zepto,Vijayawada,Andhra Pradesh,16.488389,80.672444
fec59a85-00e2-4551-a354-869500f18e23,Zepto,Mumbai,Maharashtra,19.079023,73.015605
5f97e876-bbea-4c00-8df2-2005db7db8dc,Zepto,Bengaluru,Karnataka,13.026290,77.643640
5a365997-32ca-4016-a42c-7108b5701d65,Zepto,Bengaluru,Karnataka,12.958532,77.479896
06f57b41-596b-4486-b641-46d309fc4262,Zepto,Noida,Uttar Pradesh,28.521839,77.530144
961f1f02-65c5-403a-a32f-edaf705eadfd,Zepto,Ghaziabad,Uttar Pradesh,28.680484,77.379311
e5eedfad-51fc-488d-9061-f56ebaed8440,Zepto,Vadodra,Gujarat,22.332141,73.144335
0c865653-8eac-4a33-900c-d2ed7f3c0477,Zepto,New Delhi,Delhi,28.608852,77.293610
aa16c37d-46a9-4e32-84b3-0e2401bd196f,Zepto,Chennai,Tamil Nadu,13.077161,80.208621
471b6b1b-6289-47bf-ac72-a61684f86181,Zepto,Vijayawada,Andhra Pradesh,16.520896,80.637548
37abf3a3-594f-4498-97df-be8059e950d4,Zepto,Ahmedabad,Gujarat,23.079456,72.507302
9e3001c8-62f6-4305-87fc-7280c8028beb,Zepto,Mysuru,Karnataka,12.265086,76.636803
0c0d1420-27e4-46b9-84d5-b7337e19154a,Zepto,Hyderabad,Telangana,17.464459,78.345602
c4ae2b4d-5005-4d2e-869a-f340fd7e595b,Zepto,Noida,Uttar Pradesh,28.537469,77.364891
34404f78-ff38-402a-a367-29b31e477ca3,Zepto,Bengaluru,Karnataka,13.024750,77.537306
9b1181f5-a8d1-4009-ad89-e1a9696a4cfb,Zepto,Mumbai,Maharashtra,19.113939,72.899010
225cd095-2106-490a-81c8-de5faa97ac65,Zepto,Gurugram,Haryana,28.425148,77.105662
9e82a26c-9e78-4ea5-93a7-b0b077538621,Zepto,Chandigarh,Chandigarh,30.724541,76.806376
dc8d6b1b-1d01-46bd-809c-606fca125ab1,Zepto,New Delhi,Delhi,28.704421,77.195459
52e787a0-2b5c-4184-8ba9-437d1d3408d8,Zepto,Lucknow,Uttar Pradesh,26.899500,80.966841
743eb98c-c506-4a2c-b9d4-ee218bb5b202,Zepto,Mumbai,Maharashtra,18.963986,72.840103
92a53fbb-3e34-4c74-9362-faff5a5cf154,Zepto,Bengaluru,Karnataka,13.018138,77.659725
fabff813-eb3d-499a-8f9d-691ab28251fc,Zepto,Noida,Uttar Pradesh,28.502476,77.390168
4ef0ca3e-626a-4770-8efe-9eda4c147b0b,Zepto,Ahmedabad,Gujarat,23.110214,72.605195
7fbf2dd5-101c-4f92-802d-728264804add,Zepto,Chennai,Tamil Nadu,13.045230,80.193274
81822dd8-20a3-4da0-b460-671c9d1f6d27,Zepto,Mumbai,Maharashtra,18.951893,72.794844
50ec3eef-df88-4e0d-94d3-2e120efa7655,Zepto,Hubballi,Karnataka,15.360007,75.148231
77f731b8-a268-437a-b89c-7356dda3e298,Zepto,Kurukshetra,Haryana,29.965591,76.840957
7de4838b-ae7c-44d0-bf24-fb2040666654,Zepto,Bengaluru,Karnataka,12.962298,77.645909
3f1d2280-a5ff-48c0-a1fa-470988df7803,Zepto,Bengaluru,Karnataka,12.931722,77.682389
0ee686e2-fe05-4ea1-9740-46835a298b6b,Zepto,Noida,Uttar Pradesh,28.563075,77.448311
e28ae9bc-cda0-445f-a13a-a2ebe0260fef,Zepto,Bareilly,Uttar Pradesh,28.375635,79.421319
05c5bd1a-d9b2-4ea3-848c-d8ae96b1d04a,Zepto,New Delhi,Delhi,28.642622,77.104239
b099eada-6069-4faf-91fb-8faa600884c3,Zepto,Mumbai,Maharashtra,19.794585,72.753159
20e1fb39-8704-49ca-8bf1-6de8f4040084,Zepto,Mahesana,Gujarat,23.592901,72.381096
e0277dfe-53d9-484f-9d68-2356bcffa5f8,Zepto,Mysuru,Karnataka,12.342156,76.644994
cb822812-1d29-440c-8759-b33d31f78248,Zepto,Pune,Maharashtra,18.581723,73.767667
3a15115a-c99e-4421-bfcc-5b97a2716da5,Zepto,Pune,Maharashtra,18.563967,73.954381
02e94766-b296-4233-b2ec-4989686163ec,Zepto,Coimbatore,Tamil Nadu,10.995934,77.002709
ffa16021-e499-4c0b-80b1-aabca4b46cfd,Zepto,Surat,Gujarat,21.237752,72.910027
ac3f4c36-1bc5-4305-b093-f3100f7877ed,Zepto,Belagavi,Karnataka,15.834776,74.502617
22cd61da-18f7-490b-9394-24abc3780214,Zepto,Chennai,Tamil Nadu,13.056818,80.258459
5400933d-3c5d-4015-a767-daed27781a0d,Zepto,Bengaluru,Karnataka,12.961701,77.499015
d54cc989-bc58-4cb9-9c2e-3a3468546c3f,Zepto,Hyderabad,Telangana,17.531276,78.394006
8b5992ad-b397-4fdb-be52-0d780c7cc501,Zepto,Kanpur,Uttar Pradesh,26.462204,80.297236
ead42923-cfd0-4a7d-bb71-b879631773f1,Zepto,New Delhi,Delhi,28.648976,77.302663
7644b7fa-98d0-4bdd-a093-965dac5a807b,Zepto,Pune,Maharashtra,18.617898,73.857255
96a968d7-aca7-4b78-9302-ef72fbb1cc57,Zepto,New Delhi,Delhi,28.544371,77.128642
3ed41d5c-5bb0-4ea9-b041-4d40c2b1f963,Zepto,Noida,Uttar Pradesh,28.583361,77.319949
23a32270-0c20-470b-bff3-fb21ab1ad02e,Zepto,Kolkata,West Bengal,22.572547,88.457614
83f44cd9-3310-40dc-9ccb-e3ed8c988fd7,Zepto,Chhatrapati Sambhajinagar,Maharashtra,19.852539,75.316302
2916f784-3ab0-4749-896b-702f58275041,Zepto,Gorakhpur,Uttar Pradesh,26.722849,83.434282
1e32417a-1c1c-4f1c-972e-9852a27904d0,Zepto,Chennai,Tamil Nadu,13.078271,80.180817
dd73c1bc-4757-4993-896b-cc949247ba76,Zepto,Pune,Maharashtra,18.599417,73.735630
3732acbe-d428-40f6-9d42-0a11976d0207,Zepto,Varanasi,Uttar Pradesh,25.360750,83.018611
c970d888-4dd3-4658-bb86-07830d78296c,Zepto,Hyderabad,Telangana,17.407417,78.482472
8f4404df-c3e2-4a76-9e9c-ade81e757c3e,Zepto,Faridabad,Haryana,28.412155,77.314736
68072b30-73d7-493c-8d6f-a61998fba1d8,Zepto,Panchkula,Haryana,30.669965,76.860206
4942530d-03e3-44f5-ba28-30c05c238e24,Zepto,Coimbatore,Tamil Nadu,11.033708,76.948121
6de9aaa0-268d-44a5-8e39-aa2130d5354a,Zepto,Kolkata,West Bengal,22.441372,88.393199
4a511ca9-e290-426b-8e0a-942d3f309896,Zepto,SAS Nagar,Punjab,30.728968,76.673619
839c4631-7b88-4c92-b55f-fe1fd4a12303,Zepto,Chennai,Tamil Nadu,13.053661,80.245320
08c4b285-4a72-4fe8-b25d-6d4b24982703,Zepto,Ghaziabad,Uttar Pradesh,28.655726,77.401024
bc299560-8f6b-43ba-b146-879f3594ea7e,Zepto,Nashik,Maharashtra,19.960409,73.771445
35225fcb-30cc-4ab8-939b-a0a5e0887285,Zepto,Ahmedabad,Gujarat,23.034127,72.472844
fb48fc60-af3a-421b-9cce-928e2c0cb95f,Zepto,Faridabad,Haryana,28.420583,77.287403
72b84119-233b-4472-9e3c-651bd462d16f,Zepto,Lucknow,Uttar Pradesh,26.759374,80.932982
291264cf-55b8-4ae3-93b2-cb23fd795054,Zepto,Mumbai,Maharashtra,18.998936,73.111480
5f5e8200-1796-4df9-9da6-3c80b0e3c6ce,Zepto,Mumbai,Maharashtra,19.161437,72.936781
085097a9-564c-45fe-98d8-23d7fd268328,Zepto,Jaipur,Rajasthan,26.839724,75.871016
4d6a1ca0-2dde-48ae-9524-d0a2bf803f7c,Zepto,Mumbai,Maharashtra,19.188577,73.094163
cb64eb92-03c1-452a-b98d-2582d7818f74,Zepto,Gurugram,Haryana,28.487138,77.099425
411fefdc-6597-4e1e-ad2c-1cd7cdeadb5a,Zepto,Mysuru,Karnataka,12.326933,76.661029
bfbe7463-5e2b-4358-9899-2dd0f8a631dd,Zepto,Jalandhar,Punjab,31.330721,75.563309
7ed513e4-0a4c-453d-9446-7ab609bafdbf,Zepto,Hyderabad,Telangana,17.362577,78.463435
fe32a518-baf9-4645-9232-f3db7f77c5db,Zepto,Pune,Maharashtra,18.550326,73.944034
266f0f16-dcf8-4ab0-bbfb-2860b57c3c9b,Zepto,Bengaluru,Karnataka,13.059021,77.581332
7ecd44a0-e376-4404-ba72-0210469bce81,Zepto,Bengaluru,Karnataka,12.938726,77.539149
04b8b5aa-15dd-49f9-ada0-df4d94f119a4,Zepto,Pune,Maharashtra,18.567690,73.907710
f2e8316d-0937-4104-bae3-a24d608bb09c,Zepto,New Delhi,Delhi,28.722540,77.087963
eeea2403-3a6e-49b7-874b-3d8743ef3cd8,Zepto,Bengaluru,Karnataka,12.865913,77.596274
a16e98dd-a208-4aa2-9627-69eef07e8d69,Zepto,Bengaluru,Karnataka,12.978121,77.516433
aff88637-57fd-492a-91a6-52c08d65b44b,Zepto,Chennai,Tamil Nadu,13.020427,80.202178
1cd83478-5874-45ea-8d9a-d2ac95d461e3,Zepto,Hyderabad,Telangana,17.402487,78.381784
dbce85ee-e3de-44b6-994d-72bc38c63389,Zepto,Gurugram,Haryana,28.361335,76.949587
c42a2c0f-9fd7-4843-8b42-7c71b32be093,Zepto,Lucknow,Uttar Pradesh,26.852197,80.999507
31a7478c-9eed-4599-881a-9616df850bfe,Zepto,Nagpur,Maharashtra,21.084562,79.103836
d3b1134c-67ad-483b-ae21-de0d090cd4df,Zepto,Hyderabad,Telangana,17.357058,78.385492
57d17930-01e0-4657-a792-57a1b7edf762,Zepto,Mumbai,Maharashtra,19.155345,73.238740
3a9d3627-e56b-4584-ab9f-ed78e1903ed4,Zepto,Ghaziabad,Uttar Pradesh,28.722370,77.322010
34420157-825b-4822-acc8-9f20ae822fe3,Zepto,New Delhi,Delhi,28.677253,77.308197
e4a1792d-8ffa-4015-a415-e91fe2f01493,Zepto,Jaipur,Rajasthan,26.891841,75.770729
416b9549-1413-435d-b08b-1d150131f6cd,Zepto,Bengaluru,Karnataka,12.852020,77.652249
d605b9c6-d32b-4771-a7db-87c450a5f34c,Zepto,Chennai,Tamil Nadu,13.126177,80.148302
9c668882-09c3-4d40-8a71-de5200ded97e,Zepto,Amritsar,Punjab,31.627670,74.808610
30dc951d-cd0e-4703-9f84-583ef7de1794,Zepto,Kolkata,West Bengal,22.598938,88.423108
5ca7734d-e625-4328-8588-a4a102966b36,Zepto,Hyderabad,Telangana,17.445297,78.355924
58c8d052-7d22-4240-a853-91638fbc3736,Zepto,Bengaluru,Karnataka,12.917032,77.498913
cd3f5394-9700-484e-97d7-7d68e3a620af,Zepto,Ghaziabad,Uttar Pradesh,28.667490,77.331115
3c0de1fa-d7b5-4cef-b867-cad33562463c,Zepto,Vadodra,Gujarat,22.313687,73.238083
cbb87b63-9d7e-44bc-a5e5-38972f48f45e,Zepto,Chennai,Tamil Nadu,12.936705,80.252221
1edbc6f5-f8dd-4dd0-9555-a8a5d90dd2d7,Zepto,New Delhi,Delhi,28.731067,77.133079
8f97a712-462e-4382-a597-32da737f7260,Zepto,Hyderabad,Telangana,17.382806,78.433750
9a06ad35-7abd-4a32-bb2d-ae5a46fb3620,Zepto,Bengaluru,Karnataka,13.122636,77.623448
70587079-1b46-4f4e-85fa-e84acebcd919,Zepto,Bengaluru,Karnataka,13.010203,77.667713
7bd58b6d-6d2d-4056-8d6e-830f6d9f6e09,Zepto,Ludhiana,Punjab,30.866365,75.843149
71e632bb-df6a-45e2-9fa2-08fa0f5cdbe9,Zepto,Ahmedabad,Gujarat,23.016902,72.518877
6db09732-73a0-424c-b528-1778ad7ba7e5,Zepto,Chennai,Tamil Nadu,13.118581,80.228310
6e46b50c-08d0-49c8-a89a-4d29ce4ed370,Zepto,Ahmedabad,Gujarat,23.150297,72.540991
24419582-74c5-42eb-b56b-2ae54181e752,Zepto,Faridabad,Haryana,28.347248,77.336472
d4183ad0-d407-4321-89ff-c1ee36a05553,Zepto,Hyderabad,Telangana,17.507607,78.336183
b91aec1b-7f2b-45a0-b047-bf7750d4d193,Zepto,Madurai,Tamil Nadu,9.896385,78.118977
56c431da-a864-4121-be49-15e003139701,Zepto,New Delhi,Delhi,28.743214,77.123118
45ad8335-4678-452f-bd65-ac17a60e54c7,Zepto,Palakkad,Kerala,10.771389,76.671293
700d1509-0a10-4ca8-87b9-f8c3e612fb5c,Zepto,Hyderabad,Telangana,17.566056,78.480222
146ab60b-09e2-4856-8aa2-2f7c1a6977e6,Zepto,Ludhiana,Punjab,30.902358,75.910689
ebad4c79-770a-495f-88bf-6d99b2acc4e8,Zepto,Hyderabad,Telangana,17.439687,78.396484
662012a6-9b5c-4471-8051-f83675b0d84c,Zepto,Mumbai,Maharashtra,19.145392,72.932539
bb713aac-cd12-4b4d-9026-704e3deaaac3,Zepto,Hyderabad,Telangana,17.394537,78.426308
aa4c6307-c5ae-46c8-8c4d-9750b2bf193f,Zepto,Ghaziabad,Uttar Pradesh,28.658135,77.377902
252ed3f4-d99b-4793-951e-ae673cb9ebbf,Zepto,Pune,Maharashtra,18.511277,73.944511
ac3b884c-75d1-48a6-b477-0a0782cf19b4,Zepto,New Delhi,Delhi,28.611998,76.989068
cf7f18ae-84f3-429a-a19d-f35f08e97c58,Zepto,Mumbai,Maharashtra,19.276453,72.958112
b463b5a9-6661-4ee9-b58b-03b285ac536e,Zepto,Faridabad,Haryana,28.404080,77.299424
edbcfecc-a753-4fc8-ab8a-eb7b7d3dfbd7,Zepto,Pune,Maharashtra,18.585758,73.684356
4778fa3d-0494-484a-b488-e2b40088ddd7,Zepto,Bengaluru,Karnataka,12.960476,77.519569
a711add6-8a26-4dde-b204-d68ea1e9386a,Zepto,Hyderabad,Telangana,17.441291,78.563521
0af692ee-167f-4903-bf7c-959643e47899,Zepto,Kolkata,West Bengal,22.582489,88.462810
52917883-e475-4632-9fa3-9c99ba0f4b78,Zepto,Mumbai,Maharashtra,19.034275,73.029037
1b997590-99e0-4da0-96a6-4eeeaf13ca2e,Zepto,Hyderabad,Telangana,17.489139,78.413573
c647bfb4-1b5a-433d-ba29-0c75c2da883e,Zepto,Bengaluru,Karnataka,12.798037,77.663112
51e91140-ab27-4854-959e-b8e0b9b50b3b,Zepto,Karnal,Haryana,29.668816,77.008948
d613f8a4-718e-44e8-b3a3-cad4d092bfe2,Zepto,Kolkata,West Bengal,22.465847,88.335683
e7cfb807-6977-42cb-90de-2a3a2527d6c3,Zepto,Surat,Gujarat,21.186440,72.858620
06629b33-6f9f-4e0d-a919-bacd9c88661c,Zepto,Hyderabad,Telangana,17.462199,78.563756
2bf9f3ff-7b68-4ac5-a814-1059b71840cf,Zepto,SAS Nagar,Punjab,30.765833,76.625556
3fdf2ec3-0ac0-4e8d-a7f0-e184ef12fbe6,Zepto,Bengaluru,Karnataka,13.002646,77.599461
e85e67f1-ab37-4e67-be93-1a2d5ab95185,Zepto,Ghaziabad,Uttar Pradesh,28.742790,77.287610
01e98a7e-46d7-48f1-bbcd-8e864116e992,Zepto,New Delhi,Delhi,28.514304,77.164948
fccfee31-fe80-4c19-bde6-986f2e01cd84,Zepto,Bengaluru,Karnataka,12.903155,77.511918
760bb995-e9d4-4372-8a03-6d34c08cec8d,Zepto,Gurugram,Haryana,28.394653,77.073013
63a0ab1c-b753-47cb-83a6-5362d31f5d17,Zepto,Lucknow,Uttar Pradesh,26.931303,80.943974
d5350a6a-f6d4-454f-9c53-205dfefec328,Zepto,Pune,Maharashtra,18.533524,73.942330
689c5ff8-e8ad-4289-a5a5-4b48c0e31114,Zepto,Varanasi,Uttar Pradesh,25.282241,82.996338
285e3359-d42c-4b88-9edb-35550d7f3b41,Zepto,Kolkata,West Bengal,22.634222,88.459911
08562d04-1972-4d6f-819c-4111321529e6,Zepto,New Delhi,Delhi,28.603142,77.057077
6d1f09eb-28f1-48b4-86c8-bcfa246c70fa,Zepto,Kochi,Kerala,10.015076,76.356353
7e586f3d-8e30-4859-8851-4476b8a965f4,Zepto,New Delhi,Delhi,28.567889,77.189055
e1befcff-e3d0-4fce-929c-50b9b6ae296f,Zepto,New Delhi,Delhi,28.687703,77.195064
1ac44aad-7c9b-46ca-9df0-d0908355de55,Zepto,Bengaluru,Karnataka,13.090409,77.539520
fd647cf6-e1e8-417e-b2ce-e3f9cb4fbb4f,Zepto,Gurugram,Haryana,28.503209,77.031636
ada60f46-a0a6-4737-9ed4-614f58c1b6ed,Zepto,Hyderabad,Telangana,17.435793,78.483413
eb94a416-fd5b-4c8d-a9c2-a5d93a3069d9,Zepto,Noida,Uttar Pradesh,28.435224,77.479131
656bef79-0f91-45cd-9f93-8fedf1a932ce,Zepto,New Delhi,Delhi,28.661810,77.152869
f625ba3c-a01b-4fb4-992e-18498a745538,Zepto,SAS Nagar,Punjab,30.633292,76.825098
7fda3ccf-78cb-4aa8-a910-b1046fd0baf0,Zepto,Mumbai,Maharashtra,19.209924,72.823695
226297cf-9bae-4e84-9aa6-294d8ef080a3,Zepto,Noida,Uttar Pradesh,28.561056,77.366484
5afbd13c-b8be-4b40-a643-b0322e48117e,Zepto,Hyderabad,Telangana,17.514847,78.288220
29f978f1-5bc3-4358-a811-4b817ebebfcb,Zepto,Hyderabad,Telangana,17.558528,78.361262
b8aed0f4-59e0-4387-825d-406800150b71,Zepto,New Delhi,Delhi,28.689378,77.273315
2450ecfc-98bd-4179-adc1-067f7f73d984,Zepto,Hubballi,Karnataka,15.350889,75.109444
51c21317-e191-44cc-8af2-9a25f9146b8c,Zepto,Mumbai,Maharashtra,19.249465,72.974547
1abad930-6541-4216-afbe-fa376cf5bc72,Zepto,Prayagraj,Uttar Pradesh,25.420596,81.923845
7f29c0fa-d7a3-4171-8b8b-36f9df214049,Zepto,Hyderabad,Telangana,17.468776,78.545844
3ad99f22-61be-4afe-8f58-d2958dae7f39,Zepto,Chennai,Tamil Nadu,12.988306,80.203389
50cf7835-361c-4c3f-822a-9fc9be0d2d33,Zepto,Mumbai,Maharashtra,19.165237,72.963299
5ee3f39d-3d7b-44b2-bbeb-b17e8457dc4e,Zepto,New Delhi,Delhi,28.501718,77.185871
22c1e59e-db0c-4fc4-b5f0-82b6c33ff15f,Zepto,Kolkata,West Bengal,22.615649,88.411764
36cd2c76-4ad6-4cb7-8ee2-beebba1d15ad,Zepto,Hyderabad,Telangana,17.413680,78.377369
425e3ad2-0f08-4dbb-b90b-c892dc41be83,Zepto,Faridabad,Haryana,28.375138,77.327767
d4185d5e-735d-441d-99bb-1ed22f277e6d,Zepto,SAS Nagar,Punjab,30.658766,76.856497
3d277bf6-7a5f-498a-a956-56fd8ab9ef82,Zepto,Faridabad,Haryana,28.385889,77.289551
562cb7b1-abca-43e3-a6c9-051c96f50712,Zepto,Lucknow,Uttar Pradesh,26.873428,80.869517
5e770e6a-d0c6-4c35-b3b3-090a9d1f157b,Zepto,Jalandhar,Punjab,31.316497,75.591066
2c911eaa-a276-47bc-92d8-447d166f2dfa,Zepto,Mumbai,Maharashtra,19.220213,72.986282
6272824c-8e49-42e1-a31d-19f76894bf74,Zepto,Kanpur,Uttar Pradesh,26.489420,80.253803
89c66d8a-45f7-48b3-adc9-9271cb4684f6,Zepto,Dehradun,Uttarakhand,30.300604,78.001368
4ba5f414-34e0-442c-938e-ef76fc9804bf,Zepto,New Delhi,Delhi,28.639074,77.129784
84f9975d-cc19-4d21-aa76-43e3aab9779a,Zepto,New Delhi,Delhi,28.544900,77.262300
48a75423-507c-4e6d-8eaa-603c77f48b05,Zepto,Gurugram,Haryana,28.454820,77.038630
9cc80a80-f39d-4da4-9ce6-14fad42e470e,Zepto,Kolkata,West Bengal,22.512722,88.417444
42d58798-26cc-429a-aea6-92dbbecae776,Zepto,New Delhi,Delhi,28.624069,77.118918
836c17f0-d2b2-4ec1-9a02-5365d6cac742,Zepto,Rajkot,Gujarat,22.318789,70.768574
a0e51d17-0a52-4222-a1ff-777b700e5b30,Zepto,SAS Nagar,Punjab,30.587090,76.847152
c2e46a52-b65f-4fbe-8332-06856db49e25,Zepto,Gurugram,Haryana,28.442967,77.010654
7000d78e-6700-49e6-94ac-b4caa221a0f1,Zepto,Bengaluru,Karnataka,12.923554,77.493067
53aeab86-e3e6-4183-bc51-da47cf967c24,Zepto,Pune,Maharashtra,18.612474,73.913376
ca7b9f78-e53b-480a-8e1b-11ebd8cde4e2,Zepto,Pune,Maharashtra,18.521018,73.935957
5e8d4098-c224-4159-b6a3-6f6086e5ba96,Zepto,Chennai,Tamil Nadu,13.041139,80.238083
1c31b7f9-1213-49ea-8346-4879856906a4,Zepto,Gurugram,Haryana,28.463311,77.094320
8275a3ee-3b08-4201-9be3-6e12aed69ea9,Zepto,Hyderabad,Telangana,17.394308,78.486485
ddd350df-f43c-408e-9d70-03fbf4417600,Zepto,Udaipur,Rajasthan,24.562284,73.718927
2809502a-1c2c-4305-9b1d-f00d75bf65c3,Zepto,Gurugram,Haryana,28.453091,77.082383
6a871d62-f77e-41ca-bd6e-b9754de4a90b,Zepto,Faridabad,Haryana,28.461109,77.283160
9aeff763-d5ea-4f7e-a2fd-a4b6e9e9e8eb,Zepto,Chennai,Tamil Nadu,13.137366,80.217570
eac97b88-bf27-4af5-95ed-15d85d8236c8,Zepto,Bengaluru,Karnataka,13.051424,77.607561
133688fc-cadd-4750-bb5f-f595c5eca821,Zepto,Jaipur,Rajasthan,26.958593,75.778522
dc25c005-8cd2-4be9-ae80-3cf6e5b80481,Zepto,Prayagraj,Uttar Pradesh,25.390997,81.877741
13d9641e-8c4f-4bca-b2e9-a1f6ceaa55dd,Zepto,Mumbai,Maharashtra,19.110294,72.886793
6f08827d-5bea-4c32-8bea-ba8a34ae7ed9,Zepto,Bengaluru,Karnataka,12.983662,77.548792
68e86539-d883-4fc2-b735-0ab599643721,Zepto,Pune,Maharashtra,18.457239,73.787182
9a0f103e-1350-4c05-9e96-e01e02e758e6,Zepto,Chennai,Tamil Nadu,12.984894,80.128378
c30df9f0-06c1-4d33-97ff-10ed99190a4d,Zepto,Bengaluru,Karnataka,13.137499,77.563280
a935152c-9baa-46c1-b2ac-37701a227a19,Zepto,Kolkata,West Bengal,22.508072,88.353527
796c71f3-568e-4d6d-8767-87285ad4f23a,Zepto,Bengaluru,Karnataka,12.925042,77.617409
fee654ba-4ae4-4295-89f0-fbd9116eb24a,Zepto,Prayagraj,Uttar Pradesh,25.491823,81.874504
c48dd700-4314-4cc1-bffa-e1344e0298dc,Zepto,Bengaluru,Karnataka,13.032409,77.612313
69a4936b-bb91-4e5a-b524-41ec759d4aa7,Zepto,Jalandhar,Punjab,31.359170,75.566080
042b55a7-bfcf-46e8-8cc2-56ba2b4dc7cf,Zepto,Bengaluru,Karnataka,12.974861,77.771858
63e388dc-b10f-48eb-9ee5-4f680d5b8824,Zepto,Hyderabad,Telangana,17.449417,78.531417
2a87c5ee-1495-4e8f-a259-f1246ab1f2d2,Zepto,Nagpur,Maharashtra,21.172140,79.116490
0e6cd72b-6e91-42a7-88cc-3412100ee5ad,Zepto,Nagpur,Maharashtra,21.109161,79.062457
da285a58-89f2-448e-b5d7-dddce15e9bba,Zepto,New Delhi,Delhi,28.537299,77.207585
dd246eef-6cb6-4358-b455-9b46c1c444ca,Zepto,Kolkata,West Bengal,22.626859,88.480723
91dee9e7-b93c-466c-b024-9406fce0d693,Zepto,Hapur,Uttar Pradesh,28.732108,77.775279
1105d3fb-0556-4f7e-bd83-416274e9924a,Zepto,Ahmedabad,Gujarat,23.018280,72.466329
2f8b56d8-3d1a-4dd3-ad94-2fc67df39b4f,Zepto,Lucknow,Uttar Pradesh,26.846269,80.903521
7cc8853d-4ba2-4537-808d-95a7adfcf500,Zepto,Chennai,Tamil Nadu,13.038720,80.252410
64ad2a25-3ff0-4a5a-b168-6b1593e38467,Zepto,Rajkot,Gujarat,22.255898,70.783322
50be453c-91e9-4a62-913c-3d6add84eb57,Zepto,Mumbai,Maharashtra,19.108816,72.880486
e4cb21ce-7d08-43cf-af28-bf84bac6e094,Zepto,Hyderabad,Telangana,17.421277,78.499561
aa443b4b-bf3b-499c-a846-bf5196d444ae,Zepto,New Delhi,Delhi,28.638731,77.070444
5d205066-36a5-4929-982a-7571c60f876b,Zepto,Gurugram,Haryana,28.394774,77.035159
315e9d84-2c4a-45b2-88fb-f6733794efba,Zepto,Pune,Maharashtra,18.547110,73.931427
4db672ad-efd4-44f3-bd91-300233162d1c,Zepto,Jaipur,Rajasthan,26.850889,75.803540
da5b2eac-c339-43fa-a59b-b153f2603b9c,Zepto,Kolkata,West Bengal,22.560847,88.508495
9afa54f1-78a4-4ce7-a632-be8e99531cb0,Zepto,Mumbai,Maharashtra,19.253856,72.861917
4954030c-39da-4fc6-8e33-c880095cc345,Zepto,New Delhi,Delhi,28.577471,77.259839
2e2bb69c-1bee-4ae1-b0ad-5d74128d8ebf,Zepto,Chennai,Tamil Nadu,12.920139,80.090598
ab94c840-ae17-491f-95b5-b32bf84ca808,Zepto,Mumbai,Maharashtra,19.136331,72.850034
2e7ec440-fd1b-441e-90ee-9c8611648bb6,Zepto,Mumbai,Maharashtra,19.171033,72.942837
51105160-a1d9-4c13-a33b-42f59c0ab7d1,Zepto,Hyderabad,Telangana,17.353836,78.369801
3583fadc-1d44-42ff-b09d-68d09b0aec89,Zepto,Mumbai,Maharashtra,19.422692,72.807379
75c44b6e-b7eb-4590-85db-6d5e51907bbf,Zepto,Indore,Madhya Pradesh,22.705659,75.829245
1712e422-5717-4540-88ff-b22ef46f4963,Zepto,Hyderabad,Telangana,17.433454,78.555628
cf175154-9362-4fe8-af7a-8b88d60b978f,Zepto,Lucknow,Uttar Pradesh,26.867498,81.036498
80b12cfb-d607-43e3-bf17-6b2f8c854e40,Zepto,Mumbai,Maharashtra,19.253807,73.138647
ad2daf79-44db-459d-9a45-d7807b5b37a2,Zepto,New Delhi,Delhi,28.711420,77.062970
7ace5e2b-b072-4daf-978c-4577484a363d,Zepto,Ghaziabad,Uttar Pradesh,28.677582,77.475938
56fa4f30-c992-4e19-9e84-c5ce28862207,Zepto,Mysuru,Karnataka,12.320073,76.606441
6e5b43c7-af2f-4b55-af47-72c69fb22bf9,Zepto,Ghaziabad,Uttar Pradesh,28.694916,77.454758
5c720bb8-ef8e-45c7-a249-be01de180a15,Zepto,Ahmedabad,Gujarat,23.088152,72.562124
f3aab636-1e25-4da4-b9f4-e8a1ccde5b4a,Zepto,Bengaluru,Karnataka,12.884594,77.558818
2522b064-b9af-4967-9c41-2bfffe8786d3,Zepto,New Delhi,Delhi,28.702279,77.167482
ba2cb65a-11fb-4ee4-be80-c0c185b55185,Zepto,Ahmedabad,Gujarat,23.184561,72.631254
292b8fc9-b6f3-43c3-a2a0-349f135c6e8a,Zepto,Mumbai,Maharashtra,19.986735,72.742114
9eebbbc9-3fb9-45c1-ab71-312606cf9852,Zepto,Bengaluru,Karnataka,12.938281,77.695468
c7c3f33e-7fdb-4be2-9693-9809420f5200,Zepto,Pune,Maharashtra,18.480671,73.928124
627273fe-a446-443c-b412-1f09a9131a72,Zepto,Kolkata,West Bengal,22.563806,88.520083
55bbe2f9-33f4-4ce0-a864-9730284b2a7c,Zepto,New Delhi,Delhi,28.494128,77.145755
317f08d2-bf42-40ce-b4b9-2a1dd60dcbfe,Zepto,Panipat,Haryana,29.386877,76.958423
f5e682bc-1124-4bcf-8fca-734bd8b59d7f,Zepto,Gurugram,Haryana,28.469519,77.034067
b32bcacd-f047-47c1-a3b8-c1ccacf364a8,Zepto,Hyderabad,Telangana,17.336359,78.571198
87980e31-e60f-409d-bc05-e5a0e2bc90d5,Zepto,Mumbai,Maharashtra,19.116736,72.858452
044a06cd-5792-44a6-be6b-d5747683349b,Zepto,Bengaluru,Karnataka,12.836100,77.664925
17db8f86-ef55-4838-9e08-886596591965,Zepto,Bengaluru,Karnataka,12.908535,77.676928
d6e7afa1-5e3c-48e4-be20-227555f7984c,Zepto,Bengaluru,Karnataka,12.877718,77.645082
c96055f6-ed06-46e5-93af-58fa1a374792,Zepto,Hyderabad,Telangana,17.501326,78.587795
547ab61d-8d0e-47b5-a5b4-82952f43e814,Zepto,Kolkata,West Bengal,22.521940,88.385964
3d03e7a7-4ded-458a-9349-2978cd333ef0,Zepto,New Delhi,Delhi,28.641493,77.234596
642dfd00-9fe4-4066-954c-40a9ba8c73f0,Zepto,Chennai,Tamil Nadu,12.976330,80.259243
ec68621c-2e28-40d5-8fe7-fa38ba0e3692,Zepto,Mumbai,Maharashtra,19.258228,73.129550
77b4900a-7b8f-4a89-8c76-6731c578aa95,Zepto,Pune,Maharashtra,18.449040,73.911266
3123bc8b-6f8b-4eab-828e-5715162320e5,Zepto,Bengaluru,Karnataka,13.101374,77.562338
d4965e43-bb99-400e-9107-7371e08cf06a,Zepto,Kolkata,West Bengal,22.618058,88.443721
a2271e79-a91e-4f7a-8a89-c69982cb5fbc,Zepto,Hyderabad,Telangana,17.488809,78.381387
37e0300a-af5d-494a-a88e-de79f61c4dde,Zepto,Chennai,Tamil Nadu,12.953948,80.235458
ffa891d3-3a9d-495e-9444-c23ba34c0f3c,Zepto,Noida,Uttar Pradesh,28.466518,77.560727
6e87b960-71e6-414e-b6f7-55d08e324811,Zepto,New Delhi,Delhi,28.621997,77.052710
c58033dc-cb75-414a-8c20-b1e0825c812d,Zepto,Hyderabad,Telangana,17.542619,78.475940
321b0b48-7137-4832-ab17-f131421bdb78,Zepto,New Delhi,Delhi,28.535521,77.223434
856f5f52-8b1c-4089-b242-6c5dd371777e,Zepto,SAS Nagar,Punjab,30.745005,76.652831
1a376afe-b235-48a4-9153-b33342739fd9,Zepto,Vadodra,Gujarat,22.309421,73.168684
cc426fcd-a674-42dd-bae4-12b871b14758,Zepto,Hyderabad,Telangana,17.473389,78.424639
f49765eb-243b-4cdb-8f89-38c4a9b87d52,Zepto,Test City,Karnataka,15.662881,73.710619
8beb19a0-01c1-4e12-841d-7d7e440a296f,Zepto,Pune,Maharashtra,18.655707,73.744741
137b1539-52bc-4840-8bfe-4d71dceb8bb6,Zepto,Bengaluru,Karnataka,12.846654,77.644318
413a57d5-8562-4ec2-9b0b-9f4c03847968,Zepto,Kolkata,West Bengal,22.674800,88.352100
5cc22671-70e0-4077-8f1c-5502c2c5522b,Zepto,Noida,Uttar Pradesh,28.575035,77.442609
65b4f18b-34d3-43f7-a3ce-361471b15345,Zepto,New Delhi,Delhi,28.572000,77.275900
dbd6a04a-5071-4177-aaa9-b7ce6950fd2b,Zepto,Hyderabad,Telangana,17.407021,78.569405
29b4c8b1-587b-497c-b4d9-bd2177fefb34,Zepto,Bengaluru,Karnataka,12.899324,77.605496
3c3b76e0-4877-4bf6-b555-4d50d5058a5b,Zepto,Karnal,Haryana,29.696914,76.995490
86ec9fc6-ed4b-4674-8175-68c88c75c16f,Zepto,Chennai,Tamil Nadu,12.939346,80.204684
31405d9d-2f32-4f47-b1c0-6df1ad5b405d,Zepto,Hyderabad,Telangana,17.349301,78.417792
c70d824a-414c-4204-8ae3-d3f6bac461b4,Zepto,New Delhi,Delhi,28.705808,77.142868
93f5e60a-7309-40a8-8533-6eee547b3913,Zepto,Noida,Uttar Pradesh,28.557995,77.387775
2140ad97-8423-4f24-9961-ed3ad44306c0,Zepto,Lucknow,Uttar Pradesh,26.848535,80.942523
1dfb0f79-3c66-45e8-8b24-9d79ab1b2477,Zepto,Kochi,Kerala,9.988819,76.276803
d8507dc4-e2dc-4b97-96f6-c7d285da48bf,Zepto,Gurugram,Haryana,28.361326,77.082284
ebda3286-c632-4006-9315-f16801470a0a,Zepto,Hyderabad,Telangana,17.448543,78.508933
6762f1e3-7f70-4aad-b8fe-8cfde4d37730,Zepto,Bengaluru,Karnataka,12.832145,77.690860
1a87a0c1-4634-4bd9-987e-8bb455d96027,Zepto,Ghaziabad,Uttar Pradesh,28.651505,77.511108
87743594-26c0-495e-a18c-3ef545edcc37,Zepto,Bengaluru,Karnataka,12.926633,77.609915
31903708-6be4-4223-9730-aa1b43564b75,Zepto,Mysuru,Karnataka,12.330500,76.615152
6940d67b-8f25-4a93-a0b1-9bad67479c03,Zepto,Chennai,Tamil Nadu,12.968399,80.189262
9a3a478d-31f5-468f-b32a-d4324844b5b2,Zepto,Pune,Maharashtra,18.495874,73.970450
863ee650-1df1-418c-a988-2a64f2c555e3,Zepto,Ahmedabad,Gujarat,22.996323,72.510950
9b9d7e88-ebbd-4da8-8895-6c3909bd2860,Zepto,Chennai,Tamil Nadu,13.090293,80.215347
5f095060-a46f-4e99-bc08-1f410caccc72,Zepto,Gurugram,Haryana,28.495472,77.060750
c3782040-688b-468c-8ccd-f989668f3db9,Zepto,Sonipat,Haryana,28.997311,77.026269
e749e734-9e20-4090-b5c3-a66ed53b5e23,Zepto,Bengaluru,Karnataka,13.063719,77.504325
7841c1f4-64bf-4c81-824f-c5369ead251d,Zepto,New Delhi,Delhi,28.651785,77.092152
f5a49f9a-8888-481e-b96c-f7a191ea1256,Zepto,Kolkata,West Bengal,22.555206,88.363380
607dfe88-5e9b-4db8-bfb0-73bea3e8fb54,Zepto,Gurugram,Haryana,28.473274,77.003473
64391366-c8d4-4b3d-961e-a632a6458d06,Zepto,Coimbatore,Tamil Nadu,10.954753,76.975236
376a9a5f-23b2-40c8-9e64-07c14070f06d,Zepto,SAS Nagar,Punjab,30.720391,76.650652
6c257905-3f92-469d-971d-3acc8d41156b,Zepto,Bengaluru,Karnataka,13.045490,77.508774
8ee2719c-97ed-44a2-a32e-7dceac0a7e55,Zepto,Vellore,Tamil Nadu,12.935197,79.148754
0dee4754-034b-43ec-bcab-2664340690dd,Zepto,Mumbai,Maharashtra,19.216592,72.975742
4d46d4dc-88d1-45b8-9a46-0e87a8097b38,Zepto,Ambala,Haryana,30.373785,76.782179
805ea004-3262-4094-9df6-0b87ad6d1476,Zepto,Agra,Uttar Pradesh,27.228526,77.996917
1b11ac6b-6de6-411b-80bf-a72874a80c51,Zepto,Mumbai,Maharashtra,19.299901,72.855274
b9881384-2b90-44c7-8af2-e22c10f20ca2,Zepto,Hyderabad,Telangana,17.407733,78.441622
ea99ba63-8772-44b9-8a98-1c2b78fe3759,Zepto,Kochi,Kerala,10.028885,76.370341
d15971f7-4774-4119-badc-8c239a0b88ca,Zepto,Jaipur,Rajasthan,26.864712,75.767530
3e12177b-60c8-4cef-82ae-20cac5466597,Zepto,Lucknow,Uttar Pradesh,26.883167,80.997311
56290154-dc98-4aed-bc38-d4dc13f4bda3,Zepto,Mumbai,Maharashtra,19.052412,72.901550
9550ef6d-d1b6-4eb1-b379-580404d9c1d3,Zepto,New Delhi,Delhi,28.598741,77.091854
ce354a55-f185-4de0-ba8b-50d62ea483d1,Zepto,Hyderabad,Telangana,17.493439,78.424339
7c05017d-f3fd-4845-9a6f-81e9f9a60231,Zepto,Pune,Maharashtra,18.586139,73.821831
b0e1957d-a3c6-4f2e-9b73-ab0c026194e2,Zepto,Ghaziabad,Uttar Pradesh,28.699104,77.422867
5aac43eb-1d12-4adb-b1ec-e3ce8e79807a,Zepto,Amritsar,Punjab,31.622785,74.896870
9a639073-d72a-4bf1-8bda-bc2840c817ef,Zepto,Mumbai,Maharashtra,19.198415,72.974060
8c75d846-b50e-44c1-82d2-01bc39ad1ab3,Zepto,Mumbai,Maharashtra,19.242898,73.154882
4f54ea62-0269-4b93-87cd-ef7ed796c6b1,Zepto,Bengaluru,Karnataka,12.954779,77.578999
9ede85f3-c387-40b0-a6c7-fa07f64da718,Zepto,Pune,Maharashtra,18.506610,73.902800
22892d78-685c-4bba-8760-dec1e47621e1,Zepto,Lucknow,Uttar Pradesh,26.873074,80.957294
01185b5e-b794-4cfb-99c9-625397e548ac,Zepto,Mumbai,Maharashtra,19.219176,72.954332
083a3e0d-4b0c-4353-927f-02c4614e6f47,Zepto,Chennai,Tamil Nadu,12.968195,80.133498
3169658f-77f5-47a3-a87d-e9016e7f3ebe,Zepto,Bengaluru,Karnataka,13.033621,77.685937
526b1499-dbae-4fc6-b67d-70e350768cae,Zepto,Ghaziabad,Uttar Pradesh,28.701712,77.333540
a98f0f81-73ab-4839-8d06-4e9427680054,Zepto,Chennai,Tamil Nadu,13.065389,80.229306
482b8c90-9e75-4390-9884-64f00a4ce22c,Zepto,Agra,Uttar Pradesh,27.202086,77.945480
c0217c50-c66f-4c95-bc01-185979f9e33a,Zepto,Coimbatore,Tamil Nadu,11.000499,76.987180
600240d4-efb5-484c-ac8a-2dbfe997975a,Zepto,Chennai,Tamil Nadu,12.884915,80.109885
8bd95118-90ce-4657-9a63-7ca501bb9c6a,Zepto,Noida,Uttar Pradesh,28.496275,77.425053
1585f304-7c1d-404d-b925-84bd48e90433,Zepto,New Delhi,Delhi,28.634025,77.038620
0d591e22-ea1d-467e-8600-ede8e8b4937a,Zepto,Mumbai,Maharashtra,19.054844,72.828225
968d8cb9-f237-415d-af02-adc67bacce06,Zepto,Ghaziabad,Uttar Pradesh,28.646434,77.364893
b2daed2f-9d3a-495a-a005-a0b0bc04a445,Zepto,Gurugram,Haryana,28.399088,76.954523
74dfeece-0ec5-4b41-a83b-576add66078e,Zepto,Pune,Maharashtra,18.606022,73.755627
c4f5c474-d916-4cf3-ba6d-7a4c5d26d326,Zepto,Noida,Uttar Pradesh,28.587194,77.392772
c9d7d275-70b0-4f96-a48f-2a49801fdee8,Zepto,Bengaluru,Karnataka,13.049990,77.487646
ad4637de-2e3e-4276-a524-0546f33fa0d9,Zepto,Kolkata,West Bengal,22.617645,88.348427
3c8e6f2e-5b5d-4654-8e41-a1e0109e3972,Zepto,Pune,Maharashtra,18.481515,73.825156
6cb7f877-c543-4be9-8c74-5fd19956f937,Zepto,Indore,Madhya Pradesh,22.748108,75.890003
805076d8-aa2c-49c6-870b-413044b130bf,Zepto,Kolkata,West Bengal,22.547184,88.389073
0ef81b30-ea84-46ec-98b0-6f3894d1ca1d,Zepto,Mumbai,Maharashtra,19.017778,73.045219
a02cc832-e25e-4851-b7bd-3330a61c2158,Zepto,Indore,Madhya Pradesh,22.709183,75.922589
70bbc5c2-af73-43f1-a5ee-e76a9ca9019f,Zepto,New Delhi,Delhi,28.651334,77.195873
238a227d-697c-4fa9-a4f5-4fd064760098,Zepto,Mumbai,Maharashtra,19.213889,72.868556
581b1461-3a0b-4698-adb6-93a51207b2e1,Zepto,Noida,Uttar Pradesh,28.462595,77.505460
efd2842c-1082-4dbe-9081-59268d89cf0c,Zepto,Chennai,Tamil Nadu,13.042644,80.134988
082229f8-d7ec-4b29-8220-db1d7776d7e9,Zepto,Noida,Uttar Pradesh,28.606783,77.358765
60252717-a8c5-4891-9b23-3db778b14477,Zepto,Pune,Maharashtra,18.564072,73.769160
77e44380-aa2a-4eeb-b923-24c653aa6732,Zepto,Kolkata,West Bengal,22.586239,88.298869
3077baf7-7bd2-41d0-a221-27cf9d1ec392,Zepto,Bengaluru,Karnataka,13.022656,77.688133
b4dc8d65-ed2e-4142-81b6-373982b13500,Zepto,Bengaluru,Karnataka,12.969020,77.753950
f953916f-d684-447e-b750-c1f4ca34bc33,Zepto,Kolkata,West Bengal,22.626175,88.382074
b3304ce8-554f-455c-a62d-7a52f82ef223,Zepto,Kurukshetra,Haryana,29.969722,76.880806
314533d4-8bd7-4985-8ca5-9b737431149b,Zepto,Hyderabad,Telangana,17.465417,78.288611
005dcc9a-d50c-442f-ae5e-f89f35d1a01a,Zepto,Gurugram,Haryana,28.493103,76.998031
f090d50a-60ed-4b98-9493-3f0d9751a3f3,Zepto,New Delhi,Delhi,28.689691,77.296863
b8ba1570-2582-4f6d-a467-330ec39ec6da,Zepto,Bengaluru,Karnataka,12.887526,77.586572
02dc6b57-1dfe-4efe-a57b-4324a830de78,Zepto,Jaipur,Rajasthan,26.826172,75.846034
ea4957dd-2004-479b-8817-569aa932f824,Zepto,Bareilly,Uttar Pradesh,28.360917,79.458806
3d346812-5c23-4f69-883e-cba67acaa658,Zepto,Pune,Maharashtra,18.542134,73.789401
a414c96e-6808-45f5-bdaf-1182485ac38c,Zepto,Kolkata,West Bengal,22.565125,88.403809
415a53bb-ae7f-4d84-b58f-e36e425769e5,Zepto,Noida,Uttar Pradesh,28.500553,77.416094
5e36e56b-2449-4262-b397-f8af3464f5e3,Zepto,Bengaluru,Karnataka,12.905778,77.637514
ead3cbf3-0bb8-4089-8283-45d337b4a3b9,Zepto,Noida,Uttar Pradesh,28.508331,77.358455
a1e3515e-8dbb-4e71-b521-0b6ae27126be,Zepto,Chennai,Tamil Nadu,12.790957,80.221188
64b8c907-1b43-4f03-a739-fa20d2ac339f,Zepto,Chennai,Tamil Nadu,12.964934,80.211217
188961a6-213a-4ab6-9d5d-2aaa495042aa,Zepto,Jaipur,Rajasthan,26.901199,75.709658
5fdc5ed4-7a93-4c29-88bc-f40964758005,Zepto,Kolkata,West Bengal,22.486776,88.387489
e22f0f25-8f33-43b9-af30-c0bbf8d53126,Zepto,Vijayawada,Andhra Pradesh,16.472485,80.616951
c620a3ce-ee2e-493f-a83d-5555531fd861,Zepto,New Delhi,Delhi,28.506309,77.198648
f4877d26-05ba-4844-8609-1de598d206a5,Zepto,Mumbai,Maharashtra,19.228714,72.985815
9979be1b-cc60-4f14-9a4b-853338c8561b,Zepto,Ghaziabad,Uttar Pradesh,28.656541,77.436130
6ceb23b1-672d-4fd7-a89c-66163925a764,Zepto,Bengaluru,Karnataka,12.893668,77.663000
6abd3309-1e45-4411-943a-81f5c32fef41,Zepto,Bengaluru,Karnataka,12.862960,77.677770
9d8675c2-d6fe-4285-a3fd-8e24281ccb28,Zepto,Chennai,Tamil Nadu,12.864450,80.079190
6c29b2d5-b725-49c6-908e-11fca9619a44,Zepto,Hyderabad,Telangana,17.345889,78.522791
00f978ab-683f-435d-8a45-f1a3c4dac568,Zepto,Gurugram,Haryana,28.411960,77.029170
fe47f2f1-6d89-4c25-949e-1427ba5d5620,Zepto,Nagpur,Maharashtra,21.099381,79.122553
e778b1ff-3517-4038-a2b8-674d99d937f4,Zepto,Chennai,Tamil Nadu,13.117654,80.094357
1fe58380-341b-4509-b712-a66f5aea2e86,Zepto,SAS Nagar,Punjab,30.711984,76.708541
0a978a0b-b48a-47e9-a4b7-f48b6172b5b7,Zepto,Noida,Uttar Pradesh,28.578530,77.384920
ebc222f1-119b-457b-a137-3a4cfa10c571,Zepto,New Delhi,Delhi,28.610395,77.326893
3d1b28be-1e25-471f-a4d9-f2151a7d1bfc,Zepto,Chhatrapati Sambhajinagar,Maharashtra,19.870693,75.366691
0a493c16-c8cc-4f45-a02c-51e7b1328f53,Zepto,Gurugram,Haryana,28.388886,76.985281
6ed3a9c3-c895-4156-be65-4643c5f91b0f,Zepto,Chennai,Tamil Nadu,12.819643,80.080115
a3cc5aa4-5a26-4b97-90f9-e38e7be0685b,Zepto,Davanagere,Karnataka,14.446218,75.901424
5eb1e899-1cb8-4374-a4de-69cf86cc36cc,Zepto,Hyderabad,Telangana,17.314587,78.462774
1c3ca061-43e6-4119-85c3-76e51106a606,Zepto,New Delhi,Delhi,28.584988,77.009534
0cde9637-ca43-45b6-a89c-08c1e32bae57,Zepto,Bengaluru,Karnataka,12.951858,77.719568
c30fa0c1-537b-4535-ae20-1c33ca950236,Zepto,Kolkata,West Bengal,22.587810,88.497310
8ea7989c-7d2a-4093-9713-a17b6c3d9bc8,Zepto,Surat,Gujarat,21.237750,72.874850
a20f91f9-3e2c-48fd-a720-a6bf6685a6fe,Zepto,Mumbai,Maharashtra,19.172388,72.848438
848f8163-34e5-49ea-8da1-f7ca9ae06aaf,Zepto,Chennai,Tamil Nadu,13.016382,80.138919
ab5ca9c7-151c-45c6-97df-5a4844e981ea,Zepto,Hyderabad,Telangana,17.449945,78.450245
32ac84e0-0a29-4c1f-865a-c33780173389,Zepto,New Delhi,Delhi,28.562692,77.211385
47a77387-059f-44fc-be76-a81b7ff97e0a,Zepto,Ghaziabad,Uttar Pradesh,28.662885,77.462688
67ec5278-78c4-4654-b67d-c0433f5406c7,Zepto,Hyderabad,Telangana,17.504927,78.467457
74039f14-48e6-4a32-b70f-7ddda4c42900,Zepto,Kolkata,West Bengal,22.524497,88.371567
3325a4aa-354c-4c9a-9230-178cbb4286f6,Zepto,New Delhi,Delhi,28.716004,77.134997
a7e2806a-ae58-46e2-87ac-a937360ad74f,Zepto,Bengaluru,Karnataka,12.860773,77.613336
52250f99-81fe-404b-a8bf-b0ad335f5ec3,Zepto,Kota,Rajasthan,25.151212,75.836654
7c3e8dc3-8781-489c-a2c7-8f8f67149083,Zepto,Bengaluru,Karnataka,12.968450,77.538100
5b1796e1-36c2-4ae9-83a0-c03c25cac05a,Zepto,Bengaluru,Karnataka,12.972597,77.637048
1fc622b2-7469-494a-818f-61f354d4f110,Zepto,Bengaluru,Karnataka,12.914745,77.559864
198b7ff3-353f-4735-bf3f-75b180544478,Zepto,Chennai,Tamil Nadu,13.053239,80.212620
b13fc494-3fe6-4797-a8e5-1038a797140d,Zepto,Surat,Gujarat,21.142646,72.773003
19a99791-6f27-4c54-a851-62d3a7d0884c,Zepto,Faridabad,Haryana,28.348600,77.292600
8f1fca85-ee88-4e44-8993-d22b98cd6c1b,Zepto,Pune,Maharashtra,18.666670,73.708623
d8ced7ed-2331-40d8-9f41-5154bb1ced89,Zepto,Kanpur,Uttar Pradesh,26.483097,80.318459
4eeabcee-900c-419e-a2bb-102bbb205c7a,Zepto,Surat,Gujarat,21.187722,72.830603
ea4890e8-3b15-48bc-9bcf-3da119ebbbd8,Zepto,Chennai,Tamil Nadu,13.145020,80.234751
9c6fce71-3aec-455c-969f-075ba74fa0d5,Zepto,Ahmedabad,Gujarat,23.047321,72.558009
73952e1c-38a1-40a3-b71f-a4150849ee52,Zepto,New Delhi,Delhi,28.606888,77.081238
5dbf0332-5872-4178-8c53-9d0666c9c86c,Zepto,Kanpur,Uttar Pradesh,26.465200,80.346500
6e2378a8-458e-4aff-b783-80685cf86a43,Zepto,Bengaluru,Karnataka,12.950734,77.697838
7fe0f5bc-d9c2-4883-b9c2-35fc8f36e1c1,Zepto,Pune,Maharashtra,18.632800,73.802760
49e487f6-07bf-48f9-b379-203f76c11964,Zepto,Chennai,Tamil Nadu,13.193487,80.182951
9fb7a7ca-e61c-4904-b339-749b6b45bf09,Zepto,Ludhiana,Punjab,30.890367,75.799782
b90c1ea5-9619-46d9-8eb0-ac656bc470b9,Zepto,Kolkata,West Bengal,22.484191,88.296234
48c6fc6b-daa9-4795-a1d7-a1a424e74009,Zepto,Faridabad,Haryana,28.439545,77.310188
dfb0d9eb-9cf0-4629-aa03-ba2cf9626042,Zepto,Chennai,Tamil Nadu,12.857130,80.068850
9b7e899c-2925-4eae-bf55-bed98c832df3,Zepto,Prayagraj,Uttar Pradesh,25.433200,81.816416
aec2283f-be4f-4545-87b0-febac02c9fc1,Zepto,Jaipur,Rajasthan,26.911833,75.803887
98f92c45-f6f3-4aeb-b8f3-2f1005b09247,Zepto,Indore,Madhya Pradesh,22.737080,75.832860
b4d53703-4b49-4a38-85ca-7e321d1d5222,Zepto,Chennai,Tamil Nadu,12.916194,80.152222
8bf314ef-f9e5-4425-a4a9-9a535764e613,Zepto,Kolkata,West Bengal,22.573475,88.328352
f70fa1be-1eea-45a4-a692-219b12d85b24,Zepto,New Delhi,Delhi,28.648392,77.079130
1879c01a-f20c-4987-9ce4-0f47f75ad4f9,Zepto,Gurugram,Haryana,28.400079,77.044423
6af4daba-3f48-4037-a5e4-0bb3c4042203,Zepto,Lucknow,Uttar Pradesh,26.782469,80.924355
e94a9a29-8a14-449a-95d0-f9beb57f3904,Zepto,Ghaziabad,Uttar Pradesh,28.624226,77.425080
5d83d37a-c7fa-4891-b9dd-72c9d308f862,Zepto,Chennai,Tamil Nadu,13.103335,80.281471
9ac5f009-7623-4d1f-9b6a-d86e2f7c073e,Zepto,Ludhiana,Punjab,30.903934,75.832245
6917bb0a-e50f-4a8e-99aa-5d1cc6bed71a,Zepto,Gurugram,Haryana,28.410694,76.907250
c6324184-909e-4470-80f8-7975ba79ef9e,Zepto,Kochi,Kerala,10.014868,76.335182
cd653888-0a9a-4251-8d70-7df4c8c2f22a,Zepto,Bengaluru,Karnataka,12.979059,77.678369
92cd8931-88ef-4042-a452-0e2ecce17676,Zepto,Bengaluru,Karnataka,12.939045,77.626450
3994880c-5e18-4de9-9f68-847c18108e27,Zepto,Chennai,Tamil Nadu,12.819854,80.042620
cd098e80-d516-4508-b4fc-3d7f10461033,Zepto,Kolkata,West Bengal,22.486776,88.350568
c8e077b9-6eec-4317-8254-6fd9eca59bed,Zepto,New Delhi,Delhi,28.667073,77.282567
3a8029df-cae5-4c17-88ea-814f8366b814,Zepto,New Delhi,Delhi,28.594093,77.025510
769200e9-30cc-47a2-81d4-58904ed953cc,Zepto,Mumbai,Maharashtra,19.104870,72.838886
b1bd6011-b070-4300-81cd-07f886eca089,Zepto,Hyderabad,Telangana,17.390136,78.455302
7e698981-3429-454f-8dae-16347b53eeed,Zepto,Varanasi,Uttar Pradesh,25.348217,82.992713
cf454a02-0633-4d96-8d45-9c90076d3b04,Zepto,Hyderabad,Telangana,17.471487,78.482170
2ed65df1-196d-4877-93dd-cc1ae94fe3c7,Zepto,Mumbai,Maharashtra,19.270811,72.881526
ba555bdd-e00d-48f1-b0c8-b323f5de6843,Zepto,Noida,Uttar Pradesh,28.589630,77.448136
0bd6dc44-83ca-40ef-9025-d8b881f999bf,Zepto,Vijayawada,Andhra Pradesh,16.546750,80.641140
a1c67132-94e3-41b9-975b-4ef4e4851406,Zepto,Bengaluru,Karnataka,12.990056,77.485238
65833924-5a42-4378-9556-8d10945f5a37,Zepto,Chennai,Tamil Nadu,13.019159,80.166867
33622370-e10f-4996-aaf2-84076a8f66c2,Zepto,New Delhi,Delhi,28.667360,77.216683
02d2c306-7699-434b-947e-88c99afc54f9,Zepto,Gurugram,Haryana,28.405119,77.092044
ccb84935-4941-4c2f-a0cf-a65d8a6cf57a,Zepto,Faridabad,Haryana,28.488219,77.290257
de5f724c-2832-47fb-b811-d0cdcc00157d,Zepto,Gurugram,Haryana,28.477160,77.084830
4cc5f8ae-6495-44d0-9212-b63fe11a3af5,Zepto,Pune,Maharashtra,18.490615,73.789943
2d176779-fc34-4f74-9e2b-cf260ef82d26,Zepto,Lucknow,Uttar Pradesh,26.825569,81.008189
691e4cd7-b08a-421b-a35d-6c89173b796e,Zepto,Chennai,Tamil Nadu,13.033363,80.220222
996c6a91-1fd7-46cc-9ccc-f0960c219aaf,Zepto,Bengaluru,Karnataka,13.238848,77.723477
da5149e0-007e-4134-bc25-497d6ea3c5b2,Zepto,Hyderabad,Telangana,17.423741,78.329604
1ba2b8e0-aa82-4a78-b38b-477b97eac054,Zepto,Bengaluru,Karnataka,12.930236,77.568690
58d6551e-edf2-48df-828c-7deb5a25033f,Zepto,Gurugram,Haryana,28.424122,77.146757
bc2668de-4e8e-4ffb-a2c9-91bf4a5dd846,Zepto,Mumbai,Maharashtra,19.236701,72.968988
71ca681c-6ee4-467d-9d0a-8d761ce8400f,Zepto,Mumbai,Maharashtra,19.012557,72.849898
a52ebbf0-7cb9-4f42-b93a-bae2fc72f4ab,Zepto,Chennai,Tamil Nadu,13.088876,80.250646
231186c7-f3b9-4b6e-9e17-f29a217c4de8,Zepto,Pune,Maharashtra,18.584639,73.976924
b83c1f4e-b73d-42ee-9a82-648e14c2e8e3,Zepto,Nashik,Maharashtra,19.952005,73.832357
0ed3c6ae-9a69-4458-aac5-b6c3342c8954,Zepto,Noida,Uttar Pradesh,28.575490,77.343254
a08faf0a-3921-4ebd-a076-a551e2a9c91d,Zepto,Surat,Gujarat,21.145830,72.877780
77d27ceb-e171-4aa5-bd86-58c0e8bf7512,Zepto,Faridabad,Haryana,28.396046,77.267029
917a6609-db18-4f35-ba88-3e681d1ebfa4,Zepto,Kolkata,West Bengal,22.972730,88.432990
e8d2b0f5-541c-4bc5-812d-67f6ed429043,Zepto,Pune,Maharashtra,18.487746,73.952525
6596a71b-54df-4556-9119-7de895a9c300,Zepto,Gurugram,Haryana,28.478901,77.024914
2699f532-61f3-431f-aab3-db586ec14085,Zepto,Chennai,Tamil Nadu,13.068948,80.153241
23e18cbf-7e46-49ec-a559-d5a6cdb09d3b,Zepto,New Delhi,Delhi,28.758743,77.190069
8edffc62-2cea-4cbc-8af6-8ac14201f45d,Zepto,Kochi,Kerala,9.990189,76.305009
cdfc1ee0-04f2-4bf1-afa7-ce41be802b28,Zepto,Hyderabad,Telangana,17.494912,78.317593
874241a8-e4fc-439e-a816-ee65aceba124,Zepto,Bengaluru,Karnataka,12.852472,77.675972
61064aad-9e86-41f1-a52c-03f0fd5ae970,Zepto,Indore,Madhya Pradesh,22.764219,75.923556
33879b19-7a4e-41bd-86d5-66402c04dd03,Zepto,Faridabad,Haryana,28.474780,77.310436
4b7f2491-a77d-4e8d-9317-08f5a29fc821,Zepto,Pune,Maharashtra,18.675294,73.835946
ff1fc8e6-9f22-4c75-b7cf-15a5bd19be91,Zepto,Bengaluru,Karnataka,12.877470,77.602640
8a63a860-9ec1-4fcc-b37a-523a34647742,Zepto,New Delhi,Delhi,28.558292,77.050021
d0b70cf4-c0f4-4a87-9d3e-01fcdcc29ff1,Zepto,Hyderabad,Telangana,17.465135,78.483465
f6807d7c-9f71-49c7-9a15-50919b30fccf,Zepto,Bengaluru,Karnataka,12.892833,77.628083
d23be55e-2fd8-41d4-8926-71db05186604,Zepto,Bengaluru,Karnataka,12.915522,77.545691
460836cf-9dbb-49e3-b460-ef7fecdb7b13,Zepto,Mumbai,Maharashtra,19.096821,72.906784
5fdd59f9-d697-4c3e-994f-546e61ede738,Zepto,Hyderabad,Telangana,17.455016,78.396561
bbac9ca2-197d-4500-b9d8-20ecea9d1a81,Zepto,Madurai,Tamil Nadu,9.944091,78.127707
f0ee4637-9124-43be-a8af-025edb341570,Zepto,Bengaluru,Karnataka,12.864209,77.569285
a1b25791-8117-4059-bb44-cb57a42bd7be,Zepto,Ahmedabad,Gujarat,23.230111,72.619389
48328608-7aaf-4857-b869-dae167d5f320,Zepto,Mumbai,Maharashtra,19.073140,72.868200
c7cea2d4-d5c9-476b-aa5e-8c72bad4148d,Zepto,Hyderabad,Telangana,17.320985,78.521771
57a0a941-0dd1-4f11-8c58-92e33fd9e2fd,Zepto,Lucknow,Uttar Pradesh,26.887306,81.052583
f429e749-364b-480a-a86d-b3bd2c0d6620,Zepto,New Delhi,Delhi,28.729064,77.220285
17141f08-6ccd-4d8b-ae18-0bd9ebbb8a40,Zepto,Bengaluru,Karnataka,13.006655,77.641639
75da7658-287b-4977-8274-a9f62c2e00a7,Zepto,Hyderabad,Telangana,17.474524,78.498560
3e8e86b0-7446-4d8f-96b6-f5666be04ee9,Zepto,Chennai,Tamil Nadu,13.163742,80.254553
913cea7d-879a-46d4-a31d-375e6272a237,Zepto,Lucknow,Uttar Pradesh,26.773574,80.955148
fee9d74d-9384-4a9d-9325-d4bdf7ee2ffb,Zepto,Gurugram,Haryana,28.474808,76.962612
6de0ff52-a112-489b-bbb4-da655f8943ce,Zepto,Kolkata,West Bengal,22.505887,88.328953
0bbd1898-6621-47bd-b806-7e5b822f0fc7,Zepto,Panchkula,Haryana,30.682151,76.844366
67053fe0-7be5-4caf-97d4-d7b0d96f36a7,Zepto,Lucknow,Uttar Pradesh,26.902570,81.093240
d431e3b5-0ba8-4823-8c4b-c4ea0909dbde,Zepto,Mumbai,Maharashtra,19.225972,73.083889
bd86f0fb-6044-45d9-be30-8b58c26e3688,Zepto,Hyderabad,Telangana,17.322664,78.488825
a6aaf608-0a95-47fd-a981-a52d1a5e5e2a,Zepto,Pune,Maharashtra,18.503927,73.815033
ebabbe83-2299-49ca-bbd8-edfd8dd03d60,Zepto,Mumbai,Maharashtra,19.175672,73.239231
2cfbd70a-856b-4e58-8d32-0b5d389c4458,Zepto,Hyderabad,Telangana,17.406367,78.507504
7c110981-0c36-40b5-bb49-0747b65c619d,Zepto,Coimbatore,Tamil Nadu,11.022589,76.996130
aae1e2ef-3de3-4662-ab2d-b5734264b384,Zepto,Chennai,Tamil Nadu,12.893300,80.232080
16755fdd-f32e-40f1-a39b-397bc73f7e5d,Zepto,Bengaluru,Karnataka,12.908522,77.711510
2b8584f6-f986-4414-a288-885d34d7a1ab,Zepto,Kolkata,West Bengal,22.694210,88.466910
886e9e40-b38e-47ab-a15e-baa95f45f022,Zepto,Jaipur,Rajasthan,26.956855,75.708943
11a1e128-1519-49ad-b0ab-2f4b64c65cad,Zepto,Warangal,Telangana,18.004485,79.540661
ff56ec59-36c7-41a0-ab98-1a3390126da5,Zepto,Bengaluru,Karnataka,13.029220,77.593770
c951a741-faf1-4189-be8c-e441b6985190,Zepto,New Delhi,Delhi,28.631945,77.297721
105471df-6c84-4bcf-87d7-d9308fd4df4a,Zepto,Gurugram,Haryana,28.479793,77.046650
3054cc18-1476-426c-a67b-51028bd50319,Zepto,Chennai,Tamil Nadu,12.939492,80.182150
1fb2986b-c2c0-4e63-8b85-91d5f5956303,Zepto,Kolkata,West Bengal,22.763344,88.365335
f1720cd3-6533-41cf-bc74-13840c46e91f,Zepto,Guntur,Andhra Pradesh,16.320252,80.415557
227bb9ab-e8bd-41f3-99d7-4c6916401166,Zepto,Ghaziabad,Uttar Pradesh,28.654664,77.361812
befaa444-90e6-4691-a2d0-614d59ac0f1d,Zepto,Pune,Maharashtra,18.553680,73.905940
a5d48a70-31d9-4c5f-b61f-daae4ab4e3b3,Zepto,Mumbai,Maharashtra,19.170871,72.853644
83aac9aa-1afa-4758-a0a4-948e3720d4fc,Zepto,Bengaluru,Karnataka,12.956420,77.605660
b9bb6846-a7b6-423a-8c44-5b35c3ba8745,Zepto,Haridwar,Uttarakhand,29.935893,78.138586
2027ae67-e366-4f60-ab7d-64ffbebfeee0,Zepto,Ghaziabad,Uttar Pradesh,28.672102,77.439757
5d427762-35fa-45f0-92b2-560b135fcba3,Zepto,Bengaluru,Karnataka,12.905922,77.612674
67b7452f-7def-49a9-8284-5c86df2068ac,Zepto,Dehradun,Uttarakhand,30.340901,77.955317
4e626392-c497-4cf8-9a07-d2576c1d8988,Zepto,Kolkata,West Bengal,22.414949,88.412910
4ab87b63-ecc0-48ff-9f76-1ab67b5495bd,Zepto,Ghaziabad,Uttar Pradesh,28.717093,77.455915
95fb7963-3983-4250-9151-301261f84b3e,Zepto,Mysuru,Karnataka,12.307523,76.682425
f02ef084-eab2-4651-8168-a4814b97ca06,Zepto,New Delhi,Delhi,28.747121,77.197725
43b12c97-dc99-431a-9ba3-e3cde9c716bb,Zepto,Hyderabad,Telangana,17.506039,78.408307
5556e883-5d07-4742-8fd9-215bdcda277b,Zepto,Bengaluru,Karnataka,13.003174,77.530889
46b54f69-c5ff-4595-934d-3d98fbf33ec0,Zepto,Ahmedabad,Gujarat,23.097435,72.541955
b7c3c400-9275-4d75-afa3-62e0a6abfaac,Zepto,Mumbai,Maharashtra,19.200678,73.000292
8dd0f61c-7734-4af8-b5e2-bf198cf6fe56,Zepto,Udaipur,Rajasthan,24.546742,73.701054
31daaa17-a00e-4c92-b4bc-34fb69d5bba7,Zepto,Ghaziabad,Uttar Pradesh,28.619894,77.417216
b8d61fbc-eb4a-4836-b785-e3b63aa3fa62,Zepto,New Delhi,Delhi,28.649168,77.162914
84745439-e529-4287-ae44-7b4a516da253,Zepto,Mumbai,Maharashtra,19.133896,72.813930
3e923d42-7bf6-4c91-8f17-19058109b19b,Zepto,Agra,Uttar Pradesh,27.152325,78.056572
ab0913f7-59e4-4cd7-b2b1-56d50fc56096,Zepto,Pune,Maharashtra,18.579848,73.884976
a2af220f-8ad2-4869-abc7-62dc2476af8c,Zepto,Mumbai,Maharashtra,18.967708,72.817231
e9aae2cf-8473-4e4c-ba53-3aa73354576c,Zepto,Gurugram,Haryana,28.459997,77.057077
e9da3e70-081c-4c4d-abad-5d88303ced92,Zepto,Pune,Maharashtra,18.550379,73.809783
9062036c-d6b8-4291-ae86-775d46774b56,Zepto,Gurugram,Haryana,28.207636,76.803185
a45e53cb-bb72-48b5-84a4-5dc8ca06a2d6,Zepto,New Delhi,Delhi,28.644603,77.020220
a13c8b45-35e4-4fd1-beae-f898dd2b9e93,Zepto,Lucknow,Uttar Pradesh,26.846824,80.880057
c688da38-967b-4e15-862f-458ce8ea6821,Zepto,Mumbai,Maharashtra,19.149822,72.845068
d109333b-96c0-49ee-a78d-4966d79710a6,Zepto,Coimbatore,Tamil Nadu,11.044423,76.983716
7d68a957-c0e8-4841-ad02-f98b4dddcee2,Zepto,Kanpur,Uttar Pradesh,26.411355,80.367180
609b769b-43f4-4de9-8989-7dc8c2b5cdc2,Zepto,Bareilly,Uttar Pradesh,28.347679,79.429551
f7caefb4-fd0c-43ee-bf5e-593a7bb33860,Zepto,Jaipur,Rajasthan,26.846189,75.759039
5744e8d8-2d5e-40d6-a0a1-6de5156dc8e7,Zepto,Patiala,Punjab,30.341500,76.379790
086819d5-945b-4e11-b392-bf9a421d9fd2,Zepto,Vijayawada,Andhra Pradesh,16.511668,80.679519
eedbad6f-ada7-40cd-922e-828198efed50,Zepto,Kolkata,West Bengal,22.589867,88.375804
309c7b5f-7840-442d-adc1-908c393f760e,Zepto,Patiala,Punjab,30.349294,76.443967
c73b0824-ac1e-43eb-98e4-ed5b849a651b,Zepto,New Delhi,Delhi,28.853194,77.101722
c3937bd5-02ec-43db-b411-93951a26a159,Zepto,Lucknow,Uttar Pradesh,26.813170,80.907039
fe80f1c1-0a55-4f02-a972-9250a4c17c39,Zepto,Kolkata,West Bengal,22.464212,88.388718
779c2c0e-a826-463f-8019-78b46a6e6498,Zepto,Bengaluru,Karnataka,13.091339,77.601251
1dee02ae-10d8-449b-8dbc-162dcb20edbe,Zepto,Vellore,Tamil Nadu,12.968328,79.152243
7a00b962-e558-4d95-9d23-98060c62152b,Zepto,Bengaluru,Karnataka,13.007886,77.506191
1db604d7-9540-4318-b7db-bf6d7b265a5b,Zepto,Hyderabad,Telangana,17.363730,78.557430
5565a614-f2a6-428f-9396-5237db1828e7,Zepto,Bengaluru,Karnataka,12.844960,77.593985
7333c09a-d46f-4c45-845d-360e2ed38c8e,Zepto,Mumbai,Maharashtra,19.200526,72.960426
5c9e9548-d311-4206-adc5-6d3918731d90,Zepto,Jaipur,Rajasthan,26.945454,75.739318
e6ebaf4d-7f47-44bd-bb8f-f7ab1e884191,Zepto,Bengaluru,Karnataka,12.789795,77.704206
ff61b724-51c4-4472-b728-e6298807dc09,Zepto,Pune,Maharashtra,18.500078,73.795770
444a442d-982b-437d-a8eb-9ca9385eaed5,Zepto,New Delhi,Delhi,28.655730,77.275649
8377168d-5d92-4937-943c-75dff1ed8575,Zepto,Surat,Gujarat,21.204370,72.769415
dad7f2ba-1d52-4c30-8c5a-c7fa01f705a1,Zepto,New Delhi,Delhi,28.621729,77.082744
3587d930-d517-4847-8e2c-c48ecabeba45,Zepto,Chennai,Tamil Nadu,12.963639,80.163972
9d0727d9-8296-4b1f-adc1-80e720f049f5,Zepto,Meerut,Uttar Pradesh,28.954647,77.733437
c00b42da-968d-46af-b09d-8313ed62be85,Zepto,Pune,Maharashtra,18.624998,73.726655
0a5bba7b-0f2f-4f65-98a3-44529d3156ff,Zepto,Noida,Uttar Pradesh,28.470407,77.540101
d13c1520-9614-4788-940b-b94ebdfa434f,Zepto,New Delhi,Delhi,28.682505,77.152789
ea738588-4a4c-4d6c-b5c7-380d49dd06ea,Zepto,Pune,Maharashtra,18.550625,73.763281
913e4d9c-179c-43fc-b130-b0c9c39d3800,Zepto,Hubballi,Karnataka,15.372174,75.117430
26ec9b6b-b566-4f36-b5dd-eb6fb92a0caf,Zepto,Hyderabad,Telangana,17.504246,78.358506
1970c36d-650d-4be8-8c28-45f89fbc6384,Zepto,Hyderabad,Telangana,17.332441,78.600585
956303ea-b445-47a0-94b3-7e3ab9066b5f,Zepto,Chennai,Tamil Nadu,13.095311,80.146601
a12779ec-72d7-4af2-b557-8d8d70e92679,Zepto,Vadodra,Gujarat,22.288164,73.135200
1d852498-590f-4ffa-babf-aae026e3584d,Zepto,Bengaluru,Karnataka,13.062748,77.635003
32989280-a610-4395-aca5-5ba4823af4bd,Zepto,Jaipur,Rajasthan,26.876097,75.790882
49d9df40-6b3b-4f3e-ad7d-bda18f57d419,Zepto,New Delhi,Delhi,28.710990,77.262043
2b25b1fd-8ab2-4065-9f8b-caef224c087c,Zepto,Sonipat,Haryana,28.900177,77.117607
bc4b39b0-c1c4-4b68-aef5-076a323e8cf4,Zepto,New Delhi,Delhi,28.678831,77.065048
f36075d2-40c9-4e63-a9d0-4fe36b2ca31f,Zepto,New Delhi,Delhi,28.720401,77.167386
d56e42a4-7150-4aa4-b7fc-84f9caa43963,Zepto,Gurugram,Haryana,28.427367,77.045953
176da4ba-5563-43ce-bb78-5568a4b8f0d0,Zepto,Nagpur,Maharashtra,21.173583,79.091222
bf18569a-7111-4e13-b389-edf020a1218d,Zepto,Kota,Rajasthan,25.119186,75.845908
3f82b919-5cc7-42a9-8e0a-147da44f9114,Zepto,Pune,Maharashtra,18.654830,73.838810
a0cc192c-a4e7-4671-aacd-ce6891b53bba,Zepto,Kochi,Kerala,10.102468,76.349966
5dc64daf-aad9-41c9-8b2a-45f1c6e37fb5,Zepto,Dehradun,Uttarakhand,30.324036,78.061297
13e48e2d-b274-45cf-a675-0b6b7a05a36b,Zepto,Chennai,Tamil Nadu,13.127247,80.258125
6d105ce4-1dd6-416f-86d3-310f7f2ffaab,Zepto,Jalandhar,Punjab,31.330448,75.614372
37b900f0-25c0-448b-825a-74d62c8ceb41,Zepto,Mumbai,Maharashtra,19.134908,72.835893
871ffc63-229f-4a33-b9f5-13644d79fb07,Zepto,Lucknow,Uttar Pradesh,26.875810,80.935582
a3d3505f-b5c5-4ba6-8bec-2ea6533a02de,Zepto,Bengaluru,Karnataka,13.059459,77.622438
a1cbdf77-8824-4c12-85b4-3b114318497d,Zepto,Bengaluru,Karnataka,12.913226,77.573006
dc62c1e8-21cf-4d94-920d-e5e08a110322,Zepto,Ahmedabad,Gujarat,23.040507,72.557752
d1fefd3d-d2ec-4213-917a-762416c3c23c,Zepto,Mumbai,Maharashtra,19.070866,73.078628
97301572-98d1-4b4d-8e40-d52748fe5233,Zepto,Bengaluru,Karnataka,12.987709,77.561344
8fe0a1ee-0ea0-4a84-ba34-80b0d266ad31,Zepto,New Delhi,Delhi,28.587637,77.068232
5ebdb9c0-59e0-436c-9e67-5594e00a45af,Zepto,New Delhi,Delhi,28.525167,77.154542
98ee4a78-f196-4bd1-9f00-1c27b126d231,Zepto,Mumbai,Maharashtra,18.912488,72.824532
3a410c47-9ebf-410e-8c86-c68c3fafab29,Zepto,Gorakhpur,Uttar Pradesh,26.729196,83.385074
10655b62-1ead-42a2-a02c-d7a749951d48,Zepto,New Delhi,Delhi,28.495495,77.185081
4fd851db-0ec5-499e-9c7b-724a03966eb8,Zepto,Ghaziabad,Uttar Pradesh,28.626005,77.439810
391731c1-dd52-4f25-850d-d388f0520713,Zepto,Bengaluru,Karnataka,12.903690,77.628578
207f5863-3807-437d-bb18-593da3befb60,Zepto,Hyderabad,Telangana,17.431179,78.433021
cbf9f315-5b12-45f1-af0e-9d374c17d261,Zepto,Mumbai,Maharashtra,19.070570,72.839698
0f5f31f2-f764-498a-9cc5-606cf82f4f2e,Zepto,Bengaluru,Karnataka,12.919106,77.696953
74aa405e-238e-4103-abb3-096bd7e6f553,Zepto,Mumbai,Maharashtra,19.070717,72.849243
ccc9dc9b-9c6f-421e-bedc-f2e7463a75e9,Zepto,Bengaluru,Karnataka,12.894813,77.564363
6d4b8a87-d966-4f00-bd1a-69919409731b,Zepto,Hyderabad,Telangana,17.515806,78.381560
39b60f5b-f69b-4664-8c1b-31dbb40c63d8,Zepto,Mumbai,Maharashtra,19.142022,72.835929
ff1faef1-3d57-48e0-acce-b6fa68b925e1,Zepto,Bengaluru,Karnataka,12.921531,77.677885
a0671666-f881-4ee0-aa9b-bcd3ee58d19d,Zepto,Ghaziabad,Uttar Pradesh,28.633766,77.327194
8be2198a-76dd-42c7-a351-d1c2b80d459e,Zepto,Mumbai,Maharashtra,19.134867,72.825479
56a84923-c0a2-48e2-8038-22b142c59fff,Zepto,Bengaluru,Karnataka,13.028672,77.494908
dbf340e3-54d9-4842-98da-e11d23d7e3ac,Zepto,Bengaluru,Karnataka,12.837377,77.643622
4332c938-8582-4628-95d9-2844086daf78,Zepto,New Delhi,Delhi,28.577249,77.050260
2510c6f9-3c8f-4cc0-8688-b836944587e8,Zepto,New Delhi,Delhi,28.560664,77.202532
e0e12ce6-3431-4ed8-a74b-b0de26426220,Zepto,Bengaluru,Karnataka,13.017459,77.759378
eb6b329a-e514-4f86-b1b0-d11991efc00a,Zepto,Noida,Uttar Pradesh,28.601754,77.445940
f234bb80-5551-416a-ac32-e3734ecd6258,Zepto,Gurugram,Haryana,28.434254,77.047958
2050a7de-e13c-4947-bac7-7995d8c6e72d,Zepto,Mumbai,Maharashtra,19.240443,72.867040
376dd638-f05e-4171-b4e1-b97650b79fe7,Zepto,Bengaluru,Karnataka,12.961607,77.704834
500bffb6-dfb4-468f-832f-3f305f575f1f,Zepto,Mumbai,Maharashtra,19.194052,72.865721
318b567c-b7bf-4997-a79b-27c3055e080a,Zepto,Bengaluru,Karnataka,12.946874,77.715040
94528e28-a7cb-4b41-8127-6a5625f4516f,Zepto,Bengaluru,Karnataka,12.949154,77.703296
64ce964a-4464-4cc7-b726-d6befbaa27f9,Zepto,Bengaluru,Karnataka,12.902520,77.686690
03b26203-507f-4489-b0ff-b34eb42a2215,Zepto,Bengaluru,Karnataka,12.995184,77.720121
bf1b6356-328b-4cfa-840e-0b555dab374f,Zepto,Bengaluru,Karnataka,12.920667,77.649277
5f267ad5-446b-4a8b-86f0-df174ad545dd,Zepto,Mumbai,Maharashtra,19.213217,72.848131
6ad459f8-927e-4a94-8a80-432502af0e8c,Zepto,Mumbai,Maharashtra,19.062534,72.828172
ad36d77c-bdd7-427c-bbab-089efa9b5b1e,Zepto,Hyderabad,Telangana,17.526434,78.484016
46447215-f214-4e66-9e93-26a5d8509daa,Zepto,Ghaziabad,Uttar Pradesh,28.641720,77.371997
97bf23f5-dc0c-4783-ba7d-9d6da842066b,Zepto,Bengaluru,Karnataka,13.032067,77.708065
a58369d0-5902-4113-b0b7-58f4daae321e,Zepto,Noida,Uttar Pradesh,28.549371,77.362991
433bb54d-7e04-4f91-ac03-bee784a3102c,Zepto,New Delhi,Delhi,28.715574,77.208202
9231fcfd-2b2e-434d-bec7-0de208e0f10d,Zepto,Mumbai,Maharashtra,19.059001,72.890857
38ac846f-6255-4a51-8bad-bf50f3c23827,Zepto,Mumbai,Maharashtra,19.116078,72.891820
5ac90c68-3608-41c5-b3e3-dc59ff0f0a91,Zepto,Bengaluru,Karnataka,12.928561,77.670664
0c02c311-65e5-4495-bcb4-ee96476882bb,Zepto,Bengaluru,Karnataka,12.890655,77.645667
21d42ce9-9a73-428f-89ef-75323784c3b8,Zepto,Bengaluru,Karnataka,12.899316,77.651296
320121c9-8af7-4921-9eea-5c456b7a900d,Zepto,Bengaluru,Karnataka,12.948843,77.686697
4f0e57e8-9610-41b9-acb0-efe2cd7eb7d9,Zepto,New Delhi,Delhi,28.630867,77.082168
e044093d-2a02-4fd7-a1e9-5542edbe746a,Zepto,Bengaluru,Karnataka,12.939498,77.729089
7ae361e2-d507-4d10-a5c7-e8d14fded59d,Zepto,Bengaluru,Karnataka,12.971870,77.734920
72655f9e-d9be-4b01-b2ac-62e61d2efd47,Zepto,Mumbai,Maharashtra,18.999098,72.830425
4e5abfcd-fda7-4e76-8f19-96ef2c343491,Zepto,Gurugram,Haryana,28.455740,77.062363
931f6620-df91-45d7-a527-99a29c4db568,Zepto,Bengaluru,Karnataka,12.926377,77.597071
a122a7fb-b822-45b5-adb5-c92ed4661980,Zepto,New Delhi,Delhi,28.643000,77.184800
64f822f2-6e64-484c-9e7c-e1b9319a2e71,Zepto,Mumbai,Maharashtra,19.126848,72.832415
1ad29aa7-34e9-4268-9238-5a3a3fcd1bd2,Zepto,Bengaluru,Karnataka,13.027166,77.747264
b91d4052-6ea1-4b97-9aba-d6a642735146,Zepto,Bengaluru,Karnataka,13.036080,77.665708
8ecd89b5-1413-49cd-8087-320f363c0ede,Zepto,Hyderabad,Telangana,17.460435,78.352784
6ccfc337-2950-40f6-8bab-c7b5905c0f43,Zepto,Mumbai,Maharashtra,19.247105,73.177597
c6df9a09-1e44-4dae-ac93-4f9aab709a3a,Zepto,Mumbai,Maharashtra,19.122382,72.862890
0921a0f1-6acb-46da-bbf8-c85018e6fdb1,Zepto,Bengaluru,Karnataka,12.870083,77.659171
9a0ea877-80f5-441f-b63a-6f2c8eef3832,Zepto,Chennai,Tamil Nadu,13.048797,80.268880
0694297e-1f04-4896-98de-fa6aac6b8a37,Zepto,Noida,Uttar Pradesh,28.605642,77.439517
2fc208e2-13ec-407a-b947-51c8fe777f71,Zepto,Bengaluru,Karnataka,12.996864,77.673218
a9270a93-3b09-47de-a1f0-b24dda248a6f,Zepto,Bengaluru,Karnataka,12.885917,77.608320
5a7da89a-1be1-430e-b00e-8a1c71f66e82,Zepto,Bengaluru,Karnataka,13.063821,77.649201
f89c559b-54ab-418f-a913-43d57c6d2d77,Zepto,Hyderabad,Telangana,17.456517,78.411404
9cb04932-56b9-4c1b-9989-6fd69be4cc12,Zepto,Hyderabad,Telangana,17.411811,78.342797
9fb087cf-076d-40a0-b974-8d26eaa69f44,Zepto,Bengaluru,Karnataka,13.004420,77.721220
1d4f476d-d3b5-4d50-b5c6-59e884db47b3,Zepto,Hyderabad,Telangana,17.450874,78.422597
c21e59b4-2cb0-42ae-afd2-2aa6c3026918,Zepto,Hyderabad,Telangana,17.351429,78.539110
5c5665dc-dc3a-4a6e-9829-acecadfe49d5,Zepto,New Delhi,Delhi,28.598169,77.300041
fac79573-63ae-4dd4-a7b5-bd8d8fa61ce2,Zepto,Mumbai,Maharashtra,18.937693,72.833316
6118ee4c-ee70-4b20-b071-f8e5e39fb7be,Zepto,New Delhi,Delhi,28.617490,77.069027
31a8b99d-0d1a-4f32-a367-e6cf62bb8603,Zepto,New Delhi,Delhi,28.661143,77.084335
e5b38f40-f9c0-4355-baa9-269c4d85396b,Zepto,Noida,Uttar Pradesh,28.565900,77.395507
9994adc8-71a8-48c9-9892-6f2a3b247ff6,Zepto,Bengaluru,Karnataka,13.019430,77.724124
047c3539-e3a3-4996-bd0b-71182aee7b00,Zepto,Bengaluru,Karnataka,12.929433,77.704772
4a54d5f5-0bd9-4b8f-b08a-120d8e7926d7,Zepto,Mumbai,Maharashtra,19.082641,72.879528
425e2ef0-02bc-4c87-b423-cfbc6e56984a,Zepto,Bengaluru,Karnataka,12.957614,77.729561
9b6c805a-0324-4d78-96c0-0e9c3dec81ff,Zepto,Hyderabad,Telangana,17.481737,78.577863
2a03ca86-cefc-4372-b2e8-eb577889f48c,Zepto,Bengaluru,Karnataka,13.036634,77.624259
cf1fab3e-edc1-4a8a-8054-5abe91c20f69,Zepto,Bengaluru,Karnataka,12.910250,77.589770
2fa35ecf-4334-4ec6-b6de-5bae11a3dbf7,Zepto,New Delhi,Delhi,28.616119,77.046905
834e1acb-7f03-424e-9b2b-3bebefbdde9a,Zepto,New Delhi,Delhi,28.514600,77.205100
6065ae05-53da-45bf-89ce-474215022b49,Zepto,Ghaziabad,Uttar Pradesh,28.638189,77.359465
17a221cb-335d-4a8c-a04a-694435f615c3,Zepto,New Delhi,Delhi,28.628469,77.278441
a1c954c0-215a-4270-9df6-1ea27453083f,Zepto,Hyderabad,Telangana,17.505417,78.427316
a747aca8-5583-4f32-aa16-e804cefaa95a,Zepto,Kolkata,West Bengal,22.544213,88.351094
05d5e1df-5159-4484-8322-87e02e4655c3,Zepto,New Delhi,Delhi,28.674411,77.122998
c46cc946-f7eb-4f5b-aaff-cf6fdcba6618,Zepto,New Delhi,Delhi,28.669035,77.104414
c8140214-bf94-42c0-8f7f-ea6767170196,Zepto,Mumbai,Maharashtra,19.249041,72.983032
e62b31c3-5bd4-49df-84cd-127ec549c830,Zepto,Mumbai,Maharashtra,19.015224,72.825203
a898c8dc-70a7-4af3-9bf8-7907d6d6f5de,Zepto,Hyderabad,Telangana,17.395649,78.526787
8d0f1225-d15a-408c-876e-6cc42d2c229a,Zepto,Ghaziabad,Uttar Pradesh,28.706309,77.417538
1c165a3a-e315-4aa5-a644-5a17b307b68e,Zepto,Hyderabad,Telangana,17.376299,78.556679
37531a1f-495c-4f67-bd1e-e3a6158fbf10,Zepto,Bengaluru,Karnataka,13.063784,77.741966
276795b6-81e7-40f5-9054-efa418de5561,Zepto,Bengaluru,Karnataka,12.866693,77.535701
595183e5-c95f-451c-82b4-38f2de65cd09,Zepto,Bengaluru,Karnataka,12.860349,77.541718
5feee4ae-dfd9-4484-b060-722c7802c642,Zepto,Mumbai,Maharashtra,19.052389,73.075325
dae4ebff-33f8-425f-88c1-aae075ee7a52,Zepto,Mumbai,Maharashtra,18.983898,73.029093
329deb14-183d-4581-90eb-8c40a5e91fd5,Zepto,Mumbai,Maharashtra,19.265715,72.967804
