Order_ID,Customer_Lat,Customer_Lon,Order_Timestamp,Order_Value_INR,Order_Hour,Order_Time_Str,cluster
ORD-10000,12.933185762022813,77.76656925954994,2026-08-14 16:37:20.329873937,596.1844956573689,16,16:37:20,1
ORD-10001,12.988583157751885,77.67432438708879,2026-08-14 17:54:13.965741922,497.6925256338813,17,17:54:13,4
ORD-10002,12.88891913729069,77.61129028336799,2026-08-14 21:01:34.561123377,451.58358337107313,21,21:01:34,3
ORD-10003,12.923824237160067,77.61915231736737,2026-08-14 20:01:25.606559469,439.4759840081739,20,20:01:25,3
ORD-10004,12.953360491315404,77.64185317573596,2026-08-14 19:13:41.143879260,384.2905486025805,19,19:13:41,4
ORD-10005,12.935256666097493,77.6390170511776,2026-08-14 17:43:17.153062158,674.2794265351152,17,17:43:17,4
ORD-10006,12.9913518687908,77.61452170100353,2026-08-14 23:56:31.648430303,481.8919251528364,23,23:56:31,5
ORD-10007,12.932752581429853,77.54488557952864,2026-08-14 17:54:18.187067886,289.61677044701696,17,17:54:18,2
ORD-10008,12.88621086634406,77.61352346525827,2026-08-14 20:37:44.335265356,422.405969694774,20,20:37:44,3
ORD-10009,12.955237674134567,77.6011301711512,2026-08-14 18:46:49.178207336,499.2508540804407,18,18:46:49,2
ORD-10010,12.926942921474076,77.61025901644234,2026-08-14 20:05:26.513633745,614.6707922167989,20,20:05:26,3
ORD-10011,12.95968351652045,77.6511240009498,2026-08-14 21:08:38.487677463,389.3070419224189,21,21:08:38,4
ORD-10012,12.983395982418749,77.64183288518333,2026-08-14 16:34:27.690697129,399.3335166293178,16,16:34:27,4
ORD-10013,12.911910219565469,77.64976662199034,2026-08-14 19:59:00.453802619,483.5148190721108,19,19:59:00,3
ORD-10014,12.890750049091215,77.64790940456912,2026-08-14 22:58:36.557840819,611.0137229920989,22,22:58:36,3
ORD-10015,12.958718061273508,77.6379470725202,2026-08-14 23:59:59.000000000,274.6868196605956,23,23:59:59,4
ORD-10016,12.934995001737006,77.75873418663593,2026-08-14 19:40:29.874240704,555.8031946487619,19,19:40:29,1
ORD-10017,12.930193033534296,77.58575328607164,2026-08-14 20:06:15.130864952,410.3906204807016,20,20:06:15,2
ORD-10018,13.005829458533436,77.77788456744747,2026-08-14 23:59:59.000000000,431.335112737727,23,23:59:59,1
ORD-10019,12.970331402988917,77.7158817698427,2026-08-14 22:50:14.318534393,780.2363617694623,22,22:50:14,1
ORD-10020,12.939195569926095,77.61077834331944,2026-08-14 18:27:24.438876703,450.5296163172712,18,18:27:24,2
ORD-10021,12.853988954061936,77.65189204392108,2026-08-14 18:27:09.148942025,593.204062546287,18,18:27:09,3
ORD-10022,12.96895185081456,77.7920857936794,2026-08-14 22:23:28.945156085,587.8370755805023,22,22:23:28,1
ORD-10023,12.931465531840502,77.63881536653814,2026-08-14 17:28:20.665829588,302.996412885224,17,17:28:20,4
ORD-10024,12.981367935042082,77.60480472868387,2026-08-14 22:43:09.540762050,203.1908512165644,22,22:43:09,2
ORD-10025,12.976626493033772,77.56275251589466,2026-08-14 20:50:08.699673759,603.1473138625366,20,20:50:08,2
ORD-10026,13.031632621030196,77.61380362850461,2026-08-14 21:17:39.486876244,317.4680711327222,21,21:17:39,5
ORD-10027,12.997183564173168,77.5718269060421,2026-08-14 19:21:29.395768680,230.37255681434596,19,19:21:29,5
ORD-10028,12.89843939854014,77.58864096136215,2026-08-14 18:25:31.576761782,633.9243322266296,18,18:25:31,3
ORD-10029,12.925903840389989,77.61050426164661,2026-08-14 23:39:17.935477815,327.08598993366104,23,23:39:17,3
ORD-10030,12.912587570757276,77.6193493895076,2026-08-14 19:22:59.364475019,364.1223786473409,19,19:22:59,3
ORD-10031,12.929945906706116,77.58025978412184,2026-08-14 18:58:21.584310835,776.1559732633943,18,18:58:21,2
ORD-10032,12.952216467704668,77.55627198856371,2026-08-14 19:47:58.766389082,231.03969579276435,19,19:47:58,2
ORD-10033,12.856137488995053,77.60877131731455,2026-08-14 20:28:57.199194461,291.5570937889612,20,20:28:57,3
ORD-10034,12.996145709524738,77.6387911622224,2026-08-14 17:25:22.573859525,411.0452786289119,17,17:25:22,4
ORD-10035,12.986959302333572,77.5722231170764,2026-08-14 18:35:16.156552138,443.9614740248367,18,18:35:16,2
ORD-10036,12.960603863830972,77.69414371109991,2026-08-14 18:27:17.711334845,345.938207682352,18,18:27:17,4
ORD-10037,12.909333996969186,77.64733156183618,2026-08-14 22:06:47.522741462,306.20173540156253,22,22:06:47,3
ORD-10038,12.966555687750123,77.59541978365695,2026-08-14 17:47:06.336888001,706.4991486647896,17,17:47:06,2
ORD-10039,12.996277092401062,77.68300789752944,2026-08-14 15:36:38.089280178,519.4479186157073,15,15:36:38,4
ORD-10040,12.958280793438975,77.59636180548453,2026-08-14 15:04:56.148933845,567.7753116313781,15,15:04:56,2
ORD-10041,12.98235709658478,77.5859286653616,2026-08-14 16:19:26.578787919,459.4162235162196,16,16:19:26,2
ORD-10042,12.981414490342434,77.5938947523081,2026-08-14 23:24:13.843825633,523.4182423288705,23,23:24:13,2
ORD-10043,12.949866220414664,77.57311723878462,2026-08-14 20:02:25.859395356,619.9352491664386,20,20:02:25,2
ORD-10044,12.96425930826966,77.74356511373942,2026-08-14 21:15:11.241781265,330.55514781819977,21,21:15:11,1
ORD-10045,12.887001441342706,77.60960653619327,2026-08-14 21:20:28.389544092,519.7253994776972,21,21:20:28,3
ORD-10046,12.967607312225736,77.75844340869423,2026-08-14 20:08:25.655265531,584.4063470111837,20,20:08:25,1
ORD-10047,12.97455768009925,77.62252980923643,2026-08-14 19:48:46.968330138,711.719601957639,19,19:48:46,4
ORD-10048,13.00392280156166,77.55782818373602,2026-08-14 22:36:40.737868363,772.1836469702641,22,22:36:40,5
ORD-10049,12.965607037520677,77.58297822505115,2026-08-14 20:21:53.963228814,490.4789695472642,20,20:21:53,2
ORD-10050,12.99897495608482,77.6624908574646,2026-08-14 23:29:51.877313371,650.7958424530701,23,23:29:51,4
ORD-10051,12.968903908791813,77.60025427362852,2026-08-14 21:33:07.469507609,120.0,21,21:33:07,2
ORD-10052,12.911502636032388,77.55634321597226,2026-08-14 18:27:19.833538671,712.8424364065071,18,18:27:19,2
ORD-10053,12.975179831574463,77.56002123007768,2026-08-14 18:45:25.793785171,371.11745074187945,18,18:45:25,2
ORD-10054,12.943376807480869,77.59724932290018,2026-08-14 18:10:52.816741911,443.8353826518164,18,18:10:52,2
ORD-10055,12.951895641120444,77.57794229948964,2026-08-14 23:02:37.932197556,546.1656726550532,23,23:02:37,2
ORD-10056,12.976022969098423,77.64308414816874,2026-08-14 18:59:14.541423490,456.98364490267295,18,18:59:14,4
ORD-10057,12.8589626038094,77.60596865627726,2026-08-14 18:00:13.744828803,509.46800693522016,18,18:00:13,3
ORD-10058,12.91553552652269,77.64127763337002,2026-08-14 20:47:58.002370141,718.1539452339215,20,20:47:58,3
ORD-10059,12.877931403026905,77.83921533980512,2026-08-14 19:45:25.496042647,422.3669931981043,19,19:45:25,1
ORD-10060,12.988385913321297,77.75521068813713,2026-08-14 20:44:11.116613176,316.961427524917,20,20:44:11,1
ORD-10061,13.01115487007467,77.83202789184844,2026-08-14 23:59:59.000000000,752.0195785947826,23,23:59:59,1
ORD-10062,13.066276132560594,77.6302084583765,2026-08-14 22:16:57.637253360,559.0146325507017,22,22:16:57,5
ORD-10063,12.974374150856251,77.74504659863216,2026-08-14 20:04:03.094988717,768.3358462970195,20,20:04:03,1
ORD-10064,12.953147159459828,77.72108608029,2026-08-14 16:28:44.189542146,609.5444865868357,16,16:28:44,1
ORD-10065,12.947554506510516,77.547330541248,2026-08-14 18:45:00.337525122,281.46084119798445,18,18:45:00,2
ORD-10066,12.932544499226024,77.56553663479707,2026-08-14 21:46:39.414922908,576.8077007635322,21,21:46:39,2
ORD-10067,13.04248207834503,77.59572842871852,2026-08-14 17:04:20.630643044,332.40779011761686,17,17:04:20,5
ORD-10068,12.940342735443537,77.6062253950493,2026-08-14 23:59:59.000000000,481.1147703659501,23,23:59:59,2
ORD-10069,13.08609011295632,77.68840405650631,2026-08-14 20:02:09.749063720,468.6428394588363,20,20:02:09,5
ORD-10070,12.992241012497034,77.60515038305994,2026-08-14 20:07:19.635538885,237.3504293050416,20,20:07:19,5
ORD-10071,12.913919784997194,77.58899320956523,2026-08-14 18:20:00.193263378,358.078426565732,18,18:20:00,3
ORD-10072,12.888297477510662,77.63962758417657,2026-08-14 21:14:30.639810981,810.778095023865,21,21:14:30,3
ORD-10073,13.011951691772564,77.63087391084088,2026-08-14 17:06:17.983741300,515.7566107261747,17,17:06:17,5
ORD-10074,12.951382377508564,77.6581870034824,2026-08-14 23:59:59.000000000,453.6605798005572,23,23:59:59,4
ORD-10075,12.886766463187406,77.62673779637423,2026-08-14 23:17:36.161741868,751.9335329911389,23,23:17:36,3
ORD-10076,13.05793589758248,77.58040376387136,2026-08-14 22:27:38.668006773,420.5647034896247,22,22:27:38,5
ORD-10077,12.908187981491247,77.68083322330216,2026-08-14 16:31:26.138947892,466.286945704632,16,16:31:26,4
ORD-10078,12.977762355650622,77.77225887127491,2026-08-14 20:30:48.719434120,628.6204284184274,20,20:30:48,1
ORD-10079,12.906427339586022,77.58182504367173,2026-08-14 23:01:21.777582126,419.8896302075476,23,23:01:21,3
ORD-10080,12.907969257892775,77.57855925144135,2026-08-14 21:28:57.948594220,368.0218890971248,21,21:28:57,3
ORD-10081,12.879352299761392,77.60975543169724,2026-08-14 17:29:41.018058296,141.93653769589235,17,17:29:41,3
ORD-10082,12.910702318417602,77.71079834021356,2026-08-14 18:22:29.156202222,339.5252529925858,18,18:22:29,1
ORD-10083,12.958681893689691,77.64563266820973,2026-08-14 18:52:12.574757946,338.095838101558,18,18:52:12,4
ORD-10084,12.95608431321146,77.7143782491823,2026-08-14 18:29:29.059489603,503.7850043202915,18,18:29:29,1
ORD-10085,12.933840875696587,77.73693561139206,2026-08-14 23:49:19.009521393,388.4312601408336,23,23:49:19,1
ORD-10086,12.939158147207586,77.64258859919705,2026-08-14 15:11:50.881750591,803.7028516285793,15,15:11:50,4
ORD-10087,12.899221389258132,77.56972776509053,2026-08-14 21:38:23.272256930,321.3556604647791,21,21:38:23,3
ORD-10088,12.937274527325322,77.55407627602808,2026-08-14 16:46:09.269625644,690.0970030286107,16,16:46:09,2
ORD-10089,12.953461157639858,77.6409846631653,2026-08-14 17:35:48.736612940,512.9629432691323,17,17:35:48,4
ORD-10090,12.964149039999802,77.6300291009288,2026-08-14 14:58:32.399698182,601.0161053568584,14,14:58:32,4
ORD-10091,12.872082834961056,77.61749887986147,2026-08-14 18:37:38.510119569,591.9029392103805,18,18:37:38,3
ORD-10092,13.072993005177564,77.5838528216982,2026-08-14 23:46:36.584863853,147.2646704531375,23,23:46:36,5
ORD-10093,13.018888993149536,77.63984608513314,2026-08-14 20:39:43.418182183,478.2670981535164,20,20:39:43,5
ORD-10094,13.094030649125022,77.6076835094286,2026-08-14 17:00:14.746077008,440.6657794149252,17,17:00:14,5
ORD-10095,12.99215870949321,77.6440965550916,2026-08-14 22:32:34.329069414,310.05328579630986,22,22:32:34,4
ORD-10096,12.987258787797415,77.57705680622735,2026-08-14 23:04:41.738372118,548.9439055823802,23,23:04:41,2
ORD-10097,12.954101000721524,77.75834942338209,2026-08-14 20:15:36.418329352,737.4810473816208,20,20:15:36,1
ORD-10098,12.890030350231882,77.61948593796225,2026-08-14 23:59:59.000000000,120.0,23,23:59:59,3
ORD-10099,12.97357914913806,77.54780611520921,2026-08-14 22:03:14.077121622,399.82954862374186,22,22:03:14,2
ORD-10100,12.988906873562808,77.6637830976546,2026-08-14 21:42:23.872565633,293.1350753829566,21,21:42:23,4
ORD-10101,12.900508238445934,77.62911867897552,2026-08-14 17:59:29.591635503,490.766673935654,17,17:59:29,3
ORD-10102,12.96991017044172,77.79304966289536,2026-08-14 21:34:06.586370592,431.1568075275006,21,21:34:06,1
ORD-10103,13.005993909996947,77.54559752468859,2026-08-14 20:32:31.121498440,389.1484180864233,20,20:32:31,5
ORD-10104,12.948454184471244,77.57570302512248,2026-08-14 21:17:58.461024039,583.4260242493588,21,21:17:58,2
ORD-10105,12.938099139968134,77.59901398346605,2026-08-14 18:17:18.729427728,725.4271951585648,18,18:17:18,2
ORD-10106,13.03098479741923,77.7864021636966,2026-08-14 20:19:12.889959231,879.1977977636752,20,20:19:12,1
ORD-10107,13.009908009260949,77.55028862875814,2026-08-14 17:57:28.246498065,369.0556427297119,17,17:57:28,5
ORD-10108,12.921701457915775,77.63970759261319,2026-08-14 14:37:55.811100306,206.8686672272896,14,14:37:55,3
ORD-10109,12.943607204538118,77.66835964886688,2026-08-14 22:29:44.741117205,563.879465111751,22,22:29:44,4
ORD-10110,12.997447190276327,77.78393491590136,2026-08-14 16:14:38.499164794,721.5727102984805,16,16:14:38,1
ORD-10111,12.946639939021363,77.57587454444261,2026-08-14 20:16:04.678183042,602.0534950561092,20,20:16:04,2
ORD-10112,12.921050551409856,77.6200031408968,2026-08-14 20:49:57.019165041,720.9520559295466,20,20:49:57,3
ORD-10113,13.033996697501635,77.61460816290183,2026-08-14 20:48:59.067142767,446.1769994096821,20,20:48:59,5
ORD-10114,12.905443808966384,77.57405658530104,2026-08-14 19:17:32.288337616,388.5638340340307,19,19:17:32,3
ORD-10115,12.923582957758386,77.59371666050613,2026-08-14 20:40:40.903277520,497.31538611019687,20,20:40:40,2
ORD-10116,13.01285092981885,77.58875010643001,2026-08-14 21:10:38.703628066,430.4170218949668,21,21:10:38,5
ORD-10117,12.90231878653049,77.66367357211475,2026-08-14 21:50:14.683341768,579.4641032010516,21,21:50:14,3
ORD-10118,12.917594048484418,77.6337464440794,2026-08-14 23:59:59.000000000,625.4651667005237,23,23:59:59,3
ORD-10119,13.025106174768933,77.59176339123474,2026-08-14 20:35:07.747363484,637.2125496857828,20,20:35:07,5
ORD-10120,13.000504294360844,77.52399357427933,2026-08-14 20:09:36.439605159,556.5889006206585,20,20:09:36,2
ORD-10121,12.87637870244406,77.53481578112854,2026-08-14 17:43:59.439311849,516.873349001295,17,17:43:59,2
ORD-10122,13.018046436961152,77.75405386055294,2026-08-14 21:05:23.516915094,599.1640033876272,21,21:05:23,1
ORD-10123,12.94883615834322,77.54678526468727,2026-08-14 21:40:06.447928265,185.5512138520918,21,21:40:06,2
ORD-10124,12.893271174977396,77.65554779217561,2026-08-14 19:31:09.271341465,511.5856128500913,19,19:31:09,3
ORD-10125,12.97983709393339,77.744847815246,2026-08-14 21:21:41.512537656,487.87170857556765,21,21:21:41,1
ORD-10126,13.055569482551004,77.65425292321474,2026-08-14 19:16:07.354258056,511.9620593957332,19,19:16:07,5
ORD-10127,12.920163513776204,77.58532794309303,2026-08-14 21:40:38.933868800,466.8564680618653,21,21:40:38,2
ORD-10128,12.941940892155596,77.70822383723458,2026-08-14 22:16:53.420826268,544.7783240192424,22,22:16:53,1
ORD-10129,12.898122530745336,77.61851280551761,2026-08-14 22:14:47.650800574,393.8095617698977,22,22:14:47,3
ORD-10130,12.965781921293432,77.76983701041645,2026-08-14 20:17:40.598935272,649.4285144180445,20,20:17:40,1
ORD-10131,12.912191960610183,77.62278622391995,2026-08-14 17:24:00.286635447,551.0474666120211,17,17:24:00,3
ORD-10132,12.960099370281291,77.73345185703653,2026-08-14 18:28:12.782526224,502.6028786825791,18,18:28:12,1
ORD-10133,12.998081266629072,77.72031770406893,2026-08-14 21:29:16.415914963,375.372514404582,21,21:29:16,1
ORD-10134,12.913068411129204,77.56703050620656,2026-08-14 23:59:59.000000000,602.2975327811857,23,23:59:59,2
ORD-10135,12.906952488957948,77.73844684329045,2026-08-14 19:08:53.513056211,510.9989547741737,19,19:08:53,1
ORD-10136,12.997249017863762,77.55000187583231,2026-08-14 21:08:22.539105493,366.6774909694625,21,21:08:22,2
ORD-10137,12.95329689278677,77.62717211873796,2026-08-14 18:36:35.526982685,471.5007686380142,18,18:36:35,4
ORD-10138,12.944101833731011,77.74504646269318,2026-08-14 17:33:54.296601758,574.362392886186,17,17:33:54,1
ORD-10139,13.034341263267438,77.66647417347271,2026-08-14 18:18:33.157227804,562.7360308229738,18,18:18:33,5
ORD-10140,12.978707427921435,77.63248108390637,2026-08-14 14:47:37.752209676,553.0513451712233,14,14:47:37,4
ORD-10141,12.972481317465808,77.73208827547202,2026-08-14 23:23:00.915566170,493.8797087611616,23,23:23:00,1
ORD-10142,12.897933767299834,77.66607622686871,2026-08-14 14:25:28.827723768,633.8729299952845,14,14:25:28,3
ORD-10143,12.975236374971978,77.7639351542793,2026-08-14 19:20:25.545926394,665.6694755717415,19,19:20:25,1
ORD-10144,12.967773228754307,77.72427091197464,2026-08-14 17:03:16.848941850,590.5983923513311,17,17:03:16,1
ORD-10145,12.928692643166793,77.5685211833232,2026-08-14 17:47:20.578061740,391.8823087716439,17,17:47:20,2
ORD-10146,12.996298027431866,77.56689208005523,2026-08-14 23:26:28.703937648,321.2907424064224,23,23:26:28,5
ORD-10147,12.935481180065349,77.57919092784648,2026-08-14 20:30:09.602910283,398.40903495426096,20,20:30:09,2
ORD-10148,12.980282650369832,77.6250078149742,2026-08-14 17:35:11.434567365,773.0485121965085,17,17:35:11,4
ORD-10149,12.926535247138933,77.79390184262651,2026-08-14 18:31:34.345807531,522.2543870741031,18,18:31:34,1
ORD-10150,12.95348502193749,77.60174522350258,2026-08-14 18:05:10.669016021,798.9662741289578,18,18:05:10,2
ORD-10151,12.96025069844098,77.70830266652038,2026-08-14 19:53:28.088951290,461.9702484618845,19,19:53:28,1
ORD-10152,13.011678321326263,77.60046496299488,2026-08-14 20:25:56.025163089,441.1779494260618,20,20:25:56,5
ORD-10153,13.02843597474839,77.60801088664157,2026-08-14 23:59:59.000000000,468.89151950338896,23,23:59:59,5
ORD-10154,12.995868353564822,77.58157052089248,2026-08-14 15:12:33.293106021,466.1738879920045,15,15:12:33,5
ORD-10155,12.929236498211411,77.59605117433821,2026-08-14 19:54:46.689167178,363.95236321984135,19,19:54:46,2
ORD-10156,12.945582058521266,77.64758781751411,2026-08-14 19:12:39.890767189,307.67275977499844,19,19:12:39,4
ORD-10157,12.96319297771443,77.59622877975984,2026-08-14 22:21:58.936749451,555.2004940771294,22,22:21:58,2
ORD-10158,12.9744651526678,77.61796623631902,2026-08-14 20:53:13.363063606,638.2351076396045,20,20:53:13,4
ORD-10159,12.942117227575084,77.62239079136695,2026-08-14 21:28:33.259873034,846.7471950999602,21,21:28:33,4
ORD-10160,12.981758108118342,77.74050397576761,2026-08-14 20:51:45.775674136,414.9430639963466,20,20:51:45,1
ORD-10161,12.874019671855253,77.57084644484013,2026-08-14 17:40:12.079872448,427.1016769703888,17,17:40:12,3
ORD-10162,12.941427338005935,77.61078103894316,2026-08-14 23:01:41.389468437,364.3156058323474,23,23:01:41,2
ORD-10163,12.966752071438748,77.57976384851872,2026-08-14 21:59:46.544141541,648.8591144060351,21,21:59:46,2
ORD-10164,12.924518390408174,77.66114191280708,2026-08-14 22:17:19.768125523,602.2481182194397,22,22:17:19,4
ORD-10165,13.02406645713462,77.55006273503444,2026-08-14 23:09:36.451534564,348.459812718821,23,23:09:36,5
ORD-10166,12.995827812143906,77.74282931676474,2026-08-14 21:02:39.075905868,344.6702869540585,21,21:02:39,1
ORD-10167,12.936298855293646,77.68076524072399,2026-08-14 23:42:08.931637057,622.8772137893847,23,23:42:08,4
ORD-10168,12.934480380492731,77.63462142855916,2026-08-14 20:56:38.756146080,537.4794226812612,20,20:56:38,4
ORD-10169,12.93033767780456,77.58691156916771,2026-08-14 19:27:08.472707779,593.7583069516716,19,19:27:08,2
ORD-10170,12.937933411582302,77.55566191931555,2026-08-14 19:59:00.564805650,347.58472824916305,19,19:59:00,2
ORD-10171,12.94222957825905,77.62802768754257,2026-08-14 19:56:25.406086775,198.34127041346895,19,19:56:25,4
ORD-10172,12.97304506094556,77.63090056145303,2026-08-14 18:42:05.478101185,348.7552474979745,18,18:42:05,4
ORD-10173,12.946905348019698,77.67623251644247,2026-08-14 23:59:59.000000000,583.165009501684,23,23:59:59,4
ORD-10174,12.88182436695421,77.61485735985265,2026-08-14 20:44:26.658289533,796.6586967952337,20,20:44:26,3
ORD-10175,12.938156337523647,77.58707609271858,2026-08-14 20:14:12.646282496,415.5804015708588,20,20:14:12,2
ORD-10176,12.950070325073195,77.69146356570485,2026-08-14 20:58:14.468294338,821.3783822815299,20,20:58:14,4
ORD-10177,12.969204787393066,77.76767573808958,2026-08-14 23:59:59.000000000,604.4729651237532,23,23:59:59,1
ORD-10178,12.930858146653536,77.55792453655324,2026-08-14 17:10:14.482302603,271.0451547436761,17,17:10:14,2
ORD-10179,12.871473390276927,77.59979792809166,2026-08-14 17:53:14.653394554,512.1050756716547,17,17:53:14,3
ORD-10180,12.92108145666669,77.80964357273207,2026-08-14 16:32:54.860842977,609.5961417617791,16,16:32:54,1
ORD-10181,12.931171160712688,77.61239282348335,2026-08-14 19:25:06.606854081,120.0,19,19:25:06,3
ORD-10182,12.959020383867571,77.54363871140004,2026-08-14 20:36:49.665989946,576.6676736870073,20,20:36:49,2
ORD-10183,12.90105975866984,77.5852825294237,2026-08-14 18:50:12.097334930,655.9081769734669,18,18:50:12,3
ORD-10184,13.00580691469982,77.7675589765809,2026-08-14 18:39:02.458816634,539.8302186196715,18,18:39:02,1
ORD-10185,12.925291379988057,77.61283412073327,2026-08-14 20:21:21.643799653,470.7418183977865,20,20:21:21,3
ORD-10186,13.049808254943438,77.60405785167951,2026-08-14 18:44:41.029576533,454.061012549789,18,18:44:41,5
ORD-10187,12.935550970382808,77.59621277275716,2026-08-14 20:46:31.582444646,445.30165084622666,20,20:46:31,2
ORD-10188,12.93402089693788,77.59743788900153,2026-08-14 22:47:08.109120683,303.60302943493366,22,22:47:08,2
ORD-10189,12.918377322047911,77.71337835679739,2026-08-14 21:41:33.274228207,376.8714252142549,21,21:41:33,1
ORD-10190,12.93380369656869,77.57535161518084,2026-08-14 22:12:09.120124487,417.510893152176,22,22:12:09,2
ORD-10191,12.923203692626307,77.60107755609732,2026-08-14 22:42:53.265703560,497.0241519338613,22,22:42:53,3
ORD-10192,12.986467738115335,77.56226916600214,2026-08-14 20:42:25.453441068,396.4777863514401,20,20:42:25,2
ORD-10193,12.861215020909173,77.63868929540008,2026-08-14 19:36:12.230765612,349.6306136253105,19,19:36:12,3
ORD-10194,12.92147904529351,77.73473455954723,2026-08-14 18:04:09.722362051,593.9656288688768,18,18:04:09,1
ORD-10195,12.960783283007114,77.7475628291345,2026-08-14 19:01:19.396527279,535.5920957921784,19,19:01:19,1
ORD-10196,12.940720755997605,77.58617280011998,2026-08-14 18:41:26.830205908,399.115569481565,18,18:41:26,2
ORD-10197,12.918319476174164,77.58240053764676,2026-08-14 21:49:45.050939588,555.9417707231381,21,21:49:45,2
ORD-10198,12.933135928513156,77.58632395111478,2026-08-14 20:52:01.042991348,412.02631594710977,20,20:52:01,2
ORD-10199,13.05106020213279,77.62653438283745,2026-08-14 21:44:30.820764429,489.459754423218,21,21:44:30,5
ORD-10200,12.930342194047784,77.62597549332283,2026-08-14 17:05:56.968295099,626.25660820843,17,17:05:56,4
ORD-10201,12.879822189163871,77.6262579694708,2026-08-14 23:34:45.745358170,389.4388360250605,23,23:34:45,3
ORD-10202,12.951982764180055,77.65001294180996,2026-08-14 18:55:57.176656439,304.1382588249386,18,18:55:57,4
ORD-10203,12.903667722901815,77.55983362537889,2026-08-14 17:14:59.850221328,458.2298125467988,17,17:14:59,2
ORD-10204,12.896506476365074,77.6288744864962,2026-08-14 18:54:07.040116604,275.4802475721807,18,18:54:07,3
ORD-10205,12.971385836922348,77.6102388962448,2026-08-14 23:59:59.000000000,438.3827235973537,23,23:59:59,4
ORD-10206,12.966978680976949,77.62882179332075,2026-08-14 19:01:50.548201576,437.9043781029815,19,19:01:50,4
ORD-10207,12.912249997799316,77.60270155195637,2026-08-14 19:11:14.131756762,120.0,19,19:11:14,3
ORD-10208,12.961331397761075,77.63589522358754,2026-08-14 19:31:11.057874333,559.5952745616764,19,19:31:11,4
ORD-10209,13.014853889967668,77.5946721374951,2026-08-14 19:37:42.416549117,452.59653499780194,19,19:37:42,5
ORD-10210,12.98973355957105,77.57607796465659,2026-08-14 18:02:46.715407789,657.2844679157904,18,18:02:46,2
ORD-10211,12.8861749554554,77.60971965020377,2026-08-14 20:21:28.917748855,512.3297969691124,20,20:21:28,3
ORD-10212,12.921407336779248,77.71223607442711,2026-08-14 22:41:20.354173785,590.3412855473323,22,22:41:20,1
ORD-10213,12.928754896451087,77.58494374446803,2026-08-14 20:47:08.603839308,658.5058129810565,20,20:47:08,2
ORD-10214,12.926155375112304,77.53748759868589,2026-08-14 17:13:19.512309900,460.2424375843881,17,17:13:19,2
ORD-10215,12.93198151260885,77.62506088488033,2026-08-14 19:08:20.886855597,479.8765216704147,19,19:08:20,4
ORD-10216,12.997611013403082,77.78407677872997,2026-08-14 18:37:16.253399085,243.96851649146524,18,18:37:16,1
ORD-10217,12.89897506333823,77.60482850948796,2026-08-14 20:07:56.455214113,665.9306617851362,20,20:07:56,3
ORD-10218,12.889785770928627,77.57061781058174,2026-08-14 23:19:34.065044061,458.1453900417668,23,23:19:34,3
ORD-10219,13.046646317278322,77.55242450579911,2026-08-14 19:37:40.054835812,329.14041744780275,19,19:37:40,5
ORD-10220,12.902088058479986,77.57526891140353,2026-08-14 19:46:46.606180166,590.9583729731141,19,19:46:46,3
ORD-10221,12.99083891152016,77.65765005347433,2026-08-14 23:59:59.000000000,153.0328212053622,23,23:59:59,4
ORD-10222,12.889644420601885,77.55964435309858,2026-08-14 22:11:25.853925045,415.6088665690233,22,22:11:25,3
ORD-10223,12.965428959012748,77.75054942285853,2026-08-14 21:26:06.731538959,616.2466561817762,21,21:26:06,1
ORD-10224,12.977453075736506,77.7343787819668,2026-08-14 23:59:59.000000000,414.3417222051143,23,23:59:59,1
ORD-10225,12.92817762454111,77.63736286436892,2026-08-14 21:13:28.301293146,372.3117073577128,21,21:13:28,4
ORD-10226,13.01481508124257,77.57237329303886,2026-08-14 15:02:01.255722202,417.5767804330574,15,15:02:01,5
ORD-10227,12.956887119633896,77.75748330778794,2026-08-14 22:04:53.991820923,178.51061032971393,22,22:04:53,1
ORD-10228,12.895770836338624,77.64349093711185,2026-08-14 16:01:11.923885932,587.321764767455,16,16:01:11,3
ORD-10229,12.894360654191996,77.60865475595475,2026-08-14 21:07:48.048317242,461.5670937034631,21,21:07:48,3
ORD-10230,13.05526077338948,77.57630503239193,2026-08-14 15:42:56.307832837,439.1513085007857,15,15:42:56,5
ORD-10231,12.906969943326846,77.57959709155791,2026-08-14 18:49:58.301306401,439.6997075386438,18,18:49:58,3
ORD-10232,13.007630419457447,77.58280867056251,2026-08-14 19:05:25.939233511,482.1119697696876,19,19:05:25,5
ORD-10233,12.941974799448936,77.62699852733259,2026-08-14 18:04:28.928034914,578.01560560081,18,18:04:28,4
ORD-10234,12.923622878639192,77.60664437152224,2026-08-14 19:07:40.332025279,472.19046882011264,19,19:07:40,3
ORD-10235,12.921830963138216,77.63707625733666,2026-08-14 22:34:53.055483245,275.75451777302817,22,22:34:53,3
ORD-10236,13.053159973610638,77.77895326376802,2026-08-14 18:12:54.423790564,566.3274182316101,18,18:12:54,1
ORD-10237,12.975794398823592,77.60679118303543,2026-08-14 21:21:46.267915595,554.7854536506339,21,21:21:46,2
ORD-10238,12.88069461629107,77.61228159723667,2026-08-14 17:35:09.153243534,510.82904973246906,17,17:35:09,3
ORD-10239,12.938950947034083,77.58675205405224,2026-08-14 19:31:34.503812471,641.2861960441978,19,19:31:34,2
ORD-10240,12.921764691453358,77.59687611606016,2026-08-14 20:48:34.553396947,484.5568014619439,20,20:48:34,3
ORD-10241,12.991013768825631,77.65845007486845,2026-08-14 17:30:31.244250433,646.7064133483884,17,17:30:31,4
ORD-10242,12.93808376555481,77.56515469692555,2026-08-14 16:43:14.516103804,691.0816532217594,16,16:43:14,2
ORD-10243,12.95181347806729,77.70803670107021,2026-08-14 21:13:46.903355210,567.3469328286724,21,21:13:46,1
ORD-10244,12.997667126371478,77.62497076276168,2026-08-14 22:48:27.723594066,367.8099567183094,22,22:48:27,5
ORD-10245,12.92003014304718,77.55039227714916,2026-08-14 19:48:08.414824614,460.38214222463387,19,19:48:08,2
ORD-10246,13.072548026581472,77.7124335188722,2026-08-14 18:51:24.183840990,665.8284051087561,18,18:51:24,1
ORD-10247,12.963390322603788,77.65535428927001,2026-08-14 20:23:21.078489195,255.355820089574,20,20:23:21,4
ORD-10248,12.99940745380105,77.67432762193255,2026-08-14 20:08:19.319268888,421.2069497732087,20,20:08:19,4
ORD-10249,12.991166297771924,77.60061551794112,2026-08-14 20:36:26.122866401,428.5552745329884,20,20:36:26,5
ORD-10250,12.932838922001164,77.74100692062073,2026-08-14 13:40:45.794097177,350.2184099469399,13,13:40:45,1
ORD-10251,12.980574133037983,77.82238791145271,2026-08-14 17:19:38.061379506,610.9318424878179,17,17:19:38,1
ORD-10252,12.87897680825515,77.62499017768288,2026-08-14 17:53:12.929051068,536.5222606561166,17,17:53:12,3
ORD-10253,12.976097002934123,77.77932406873303,2026-08-14 20:22:37.808656604,373.34124650992624,20,20:22:37,1
ORD-10254,12.931630184917742,77.59501485794557,2026-08-14 20:27:52.900952600,570.8269380353759,20,20:27:52,2
ORD-10255,12.997880547279047,77.6175050859487,2026-08-14 21:35:25.624398156,456.2375647997673,21,21:35:25,5
ORD-10256,12.961921993800887,77.58243433776174,2026-08-14 20:38:38.235742894,346.47081401664855,20,20:38:38,2
ORD-10257,12.895606229183803,77.55554245517416,2026-08-14 16:44:53.384366514,373.06223846356994,16,16:44:53,2
ORD-10258,13.00027806438488,77.60943613188554,2026-08-14 23:37:03.041558266,545.407661216391,23,23:37:03,5
ORD-10259,12.90139760784976,77.60564992143462,2026-08-14 23:10:47.264730801,620.8514817782758,23,23:10:47,3
ORD-10260,12.9002634415817,77.55819554488062,2026-08-14 16:51:16.224389758,406.98476505678207,16,16:51:16,2
ORD-10261,12.94978111611882,77.60111593751178,2026-08-14 20:49:54.347649368,561.6662000503518,20,20:49:54,2
ORD-10262,12.920763234583925,77.59864558755847,2026-08-14 18:30:41.180532813,717.2631236366224,18,18:30:41,3
ORD-10263,12.914654827769663,77.66539065806994,2026-08-14 20:20:49.775902805,291.169416544462,20,20:20:49,4
ORD-10264,12.971738925586022,77.5556343202468,2026-08-14 22:37:59.792516777,533.3504809257936,22,22:37:59,2
ORD-10265,12.926134748882877,77.62471127814375,2026-08-14 23:59:59.000000000,604.5983536943113,23,23:59:59,3
ORD-10266,12.958288004917073,77.5814488240669,2026-08-14 21:52:41.499346283,465.7275275101754,21,21:52:41,2
ORD-10267,12.954823737439384,77.59092331435276,2026-08-14 20:44:14.412615991,665.742481628347,20,20:44:14,2
ORD-10268,12.923044815854098,77.775344779576,2026-08-14 19:09:01.609485225,809.8255557391926,19,19:09:01,1
ORD-10269,13.014976544844284,77.84057681407357,2026-08-14 20:27:19.213839101,531.5033022579454,20,20:27:19,1
ORD-10270,12.993809615721842,77.62146218897782,2026-08-14 23:23:57.947039955,444.9615401583001,23,23:23:57,5
ORD-10271,13.021456956467226,77.62441755486833,2026-08-14 19:53:17.621189164,626.5474211492935,19,19:53:17,5
ORD-10272,12.876432865706905,77.53870305785054,2026-08-14 17:47:04.986137871,606.3103290566852,17,17:47:04,3
ORD-10273,12.900744381189172,77.58566374159838,2026-08-14 15:57:02.791210350,120.0,15,15:57:02,3
ORD-10274,12.949162155671155,77.61766690203697,2026-08-14 21:16:57.430806692,479.58966658633295,21,21:16:57,4
ORD-10275,13.007541311639027,77.61558521394359,2026-08-14 20:37:05.593130650,420.8100799891329,20,20:37:05,5
ORD-10276,13.09245756738813,77.61155393203093,2026-08-14 18:23:06.826440639,539.5058537270875,18,18:23:06,5
ORD-10277,12.874008615138097,77.65781817797385,2026-08-14 22:33:54.127131366,450.95125795593145,22,22:33:54,3
ORD-10278,12.895419531753792,77.641964647489,2026-08-14 18:56:44.008220511,467.22358615934974,18,18:56:44,3
ORD-10279,13.09088069757943,77.61298408037555,2026-08-14 19:39:48.203173577,350.51808608083775,19,19:39:48,5
ORD-10280,12.875534441539235,77.55076257417215,2026-08-14 19:57:30.022800319,590.1793827636732,19,19:57:30,3
ORD-10281,13.01609605634098,77.7440807060025,2026-08-14 19:07:21.425320757,728.2563332203098,19,19:07:21,1
ORD-10282,12.972585073722977,77.77655885456572,2026-08-14 20:35:22.785591746,352.84920761774475,20,20:35:22,1
ORD-10283,12.959571300172811,77.6342579934335,2026-08-14 22:52:43.636313397,270.441746527954,22,22:52:43,4
ORD-10284,12.964296607007284,77.58365660439937,2026-08-14 17:08:37.662916934,483.0004829741196,17,17:08:37,2
ORD-10285,12.965226458885198,77.64387493358737,2026-08-14 21:13:16.681246266,475.7016508447104,21,21:13:16,4
ORD-10286,12.962594499978378,77.63247393095476,2026-08-14 20:25:49.428026458,655.639917918054,20,20:25:49,4
ORD-10287,12.967083805970455,77.56479182389829,2026-08-14 20:23:03.874465902,295.6207571432202,20,20:23:03,2
ORD-10288,12.943236025538384,77.71574407072916,2026-08-14 22:10:46.601128867,399.3067237463854,22,22:10:46,1
ORD-10289,12.962065649418872,77.63778034974176,2026-08-14 20:07:23.676826954,157.84451410997207,20,20:07:23,4
ORD-10290,12.907021668663932,77.63109665163563,2026-08-14 21:12:02.063357151,686.2475454317735,21,21:12:02,3
ORD-10291,12.91221587290304,77.6153891835555,2026-08-14 21:47:22.781666140,517.5816942485045,21,21:47:22,3
ORD-10292,12.982948557580515,77.58928116197951,2026-08-14 18:44:20.713196575,410.4850629028805,18,18:44:20,2
ORD-10293,12.963020311706826,77.76891007804124,2026-08-14 20:44:52.651147324,281.6592782113236,20,20:44:52,1
ORD-10294,12.943014831963938,77.58255627562667,2026-08-14 19:22:22.911535104,295.4285912734124,19,19:22:22,2
ORD-10295,13.009546938541524,77.60196060640777,2026-08-14 19:40:05.863982521,542.1400349687087,19,19:40:05,5
ORD-10296,13.042743773101211,77.59667861763151,2026-08-14 19:11:41.447431695,313.88624315989347,19,19:11:41,5
ORD-10297,12.917078489347222,77.63212308189121,2026-08-14 21:10:39.723636872,495.6008134722854,21,21:10:39,3
ORD-10298,12.9332455952575,77.5489586508029,2026-08-14 20:12:14.802381164,786.4417291702546,20,20:12:14,2
ORD-10299,12.916343370692887,77.61557685603587,2026-08-14 20:59:10.896308850,427.86185655827694,20,20:59:10,3
ORD-10300,12.9441659711993,77.66626588520745,2026-08-14 19:57:22.343733938,335.7833334038432,19,19:57:22,4
ORD-10301,12.944589071489114,77.57717133536137,2026-08-14 15:59:22.910887767,537.3010808179145,15,15:59:22,2
ORD-10302,12.95366130612737,77.56654653434634,2026-08-14 20:04:42.315744897,296.1312388827409,20,20:04:42,2
ORD-10303,12.904448472671072,77.63707807769958,2026-08-14 20:09:31.841596411,737.9976795494106,20,20:09:31,3
ORD-10304,12.879715757662249,77.62507350383035,2026-08-14 20:36:23.363434381,690.5429502792502,20,20:36:23,3
ORD-10305,12.918833421949358,77.62115317012451,2026-08-14 18:30:56.437256828,455.3742571569534,18,18:30:56,3
ORD-10306,12.96006787449237,77.65322008855199,2026-08-14 17:00:40.772550010,345.40602278636703,17,17:00:40,4
ORD-10307,12.960181919333657,77.67295647842921,2026-08-14 21:33:41.459804048,416.1345190836959,21,21:33:41,4
ORD-10308,12.965838888259857,77.59819103552213,2026-08-14 19:18:57.540991192,435.65015818718575,19,19:18:57,2
ORD-10309,12.991281979952646,77.76314095501695,2026-08-14 20:25:41.196429165,537.5350697560598,20,20:25:41,1
ORD-10310,12.975664953703037,77.7906790859127,2026-08-14 19:17:46.859281005,635.9448493951675,19,19:17:46,1
ORD-10311,12.9163143072742,77.65582186946094,2026-08-14 19:59:05.443568038,324.5231053862115,19,19:59:05,4
ORD-10312,12.878079479024075,77.59282682584717,2026-08-14 18:52:36.431868578,631.6364348014117,18,18:52:36,3
ORD-10313,12.915153551177388,77.63118041447656,2026-08-14 17:34:47.247697616,572.6528419216947,17,17:34:47,3
ORD-10314,13.034180857395675,77.60099355222792,2026-08-14 21:11:03.584946918,403.83157637900905,21,21:11:03,5
ORD-10315,12.91876591735105,77.5776356334216,2026-08-14 18:29:31.919205965,316.9932156484484,18,18:29:31,2
ORD-10316,12.963141570445536,77.6975893665988,2026-08-14 20:24:35.563328053,497.4349075938852,20,20:24:35,4
ORD-10317,12.982913014129627,77.61387308744857,2026-08-14 21:01:34.141997119,321.0617274446874,21,21:01:34,4
ORD-10318,12.91808898583347,77.68011291149554,2026-08-14 18:31:58.685559572,633.5521273743909,18,18:31:58,4
ORD-10319,12.926321371325775,77.71060445100888,2026-08-14 16:59:25.029290643,311.41758418016934,16,16:59:25,1
ORD-10320,12.9332322886296,77.59222450164052,2026-08-14 23:59:59.000000000,562.1559289744716,23,23:59:59,2
ORD-10321,12.931707107037315,77.63598864138413,2026-08-14 18:40:50.053116491,467.9075452777377,18,18:40:50,4
ORD-10322,13.006619836112325,77.53136986410297,2026-08-14 21:33:30.754427410,395.90626734371983,21,21:33:30,5
ORD-10323,12.991105745619354,77.73050042995997,2026-08-14 23:59:59.000000000,464.5752740521064,23,23:59:59,1
ORD-10324,12.957875469788894,77.61910797551111,2026-08-14 21:58:29.169721685,641.9974754451302,21,21:58:29,4
ORD-10325,12.88479306152172,77.66905836921113,2026-08-14 19:14:56.014720552,301.1613886509315,19,19:14:56,3
ORD-10326,13.001080406445489,77.59541185924951,2026-08-14 19:49:55.952512184,418.1765167212275,19,19:49:55,5
ORD-10327,12.963885551337048,77.55716148621454,2026-08-14 17:55:06.535022350,367.2384652969218,17,17:55:06,2
ORD-10328,12.923225320403416,77.67377112937318,2026-08-14 22:12:15.267842619,474.2074299676928,22,22:12:15,4
ORD-10329,12.910720491095685,77.63015944843467,2026-08-14 21:24:56.436372528,377.2978661231018,21,21:24:56,3
ORD-10330,12.973400050227632,77.7552269668871,2026-08-14 18:42:50.167635644,214.78781364200785,18,18:42:50,1
ORD-10331,12.986413010912688,77.62511041599149,2026-08-14 17:23:40.426736114,321.7293679601456,17,17:23:40,4
ORD-10332,12.943586963138364,77.65015689985131,2026-08-14 16:41:48.896361027,725.6632527807168,16,16:41:48,4
ORD-10333,12.868953323784348,77.63540218005792,2026-08-14 22:27:58.626034238,517.009231692941,22,22:27:58,3
ORD-10334,12.893628216602886,77.6105936861607,2026-08-14 20:18:03.358160600,511.8543080712116,20,20:18:03,3
ORD-10335,12.953902771452274,77.62768827621896,2026-08-14 20:32:14.860826995,437.6081414987042,20,20:32:14,4
ORD-10336,12.898096100707724,77.58311956046644,2026-08-14 17:56:33.462367239,472.2561863836246,17,17:56:33,3
ORD-10337,12.862996263966473,77.65035935885645,2026-08-14 16:20:28.472070260,415.52821157529297,16,16:20:28,3
ORD-10338,12.964415059317632,77.63374924804894,2026-08-14 22:24:23.522172404,559.0392796561598,22,22:24:23,4
ORD-10339,12.916771390951638,77.60617484040577,2026-08-14 20:06:18.351332975,495.12132813890594,20,20:06:18,3
ORD-10340,12.944853462467677,77.62526608760926,2026-08-14 22:16:05.111940519,304.3097684762077,22,22:16:05,4
ORD-10341,12.946769909493504,77.61716084013453,2026-08-14 19:02:06.601861360,518.0586754656289,19,19:02:06,4
ORD-10342,12.921814166081576,77.5553412845038,2026-08-14 19:24:28.639412668,120.0,19,19:24:28,2
ORD-10343,12.949839007627473,77.7087312124973,2026-08-14 21:46:59.683589586,542.0788799516679,21,21:46:59,1
ORD-10344,12.97098659532888,77.70833572925139,2026-08-14 21:49:51.132716855,268.59647147452176,21,21:49:51,1
ORD-10345,12.949009128525011,77.60691234488765,2026-08-14 21:59:38.090604174,465.5917370744886,21,21:59:38,2
ORD-10346,12.910384140183444,77.63305622482257,2026-08-14 19:15:43.188722076,300.80585952057163,19,19:15:43,3
ORD-10347,12.968936742692655,77.62379654368806,2026-08-14 21:32:10.925138858,480.42347992996457,21,21:32:10,4
ORD-10348,12.942807989515774,77.68791106343608,2026-08-14 22:46:21.895189290,566.7417778914333,22,22:46:21,4
ORD-10349,12.89258825850377,77.58849757136733,2026-08-14 19:44:17.051894866,705.424062787437,19,19:44:17,3
ORD-10350,12.975347010854732,77.58251985916017,2026-08-14 18:42:58.604726034,248.79635174827823,18,18:42:58,2
ORD-10351,12.9519776540218,77.56144558550552,2026-08-14 23:21:24.728429851,626.3209433506703,23,23:21:24,2
ORD-10352,12.914603559160147,77.65153956051189,2026-08-14 18:21:49.988398038,499.6729058066208,18,18:21:49,3
ORD-10353,12.947163882488423,77.6223986860409,2026-08-14 21:34:25.288474030,412.3999270763064,21,21:34:25,4
ORD-10354,12.914131944532269,77.60233690111497,2026-08-14 19:51:14.199205321,593.978475758919,19,19:51:14,3
ORD-10355,12.886828536146682,77.5911647596976,2026-08-14 15:23:45.909451639,444.611272337219,15,15:23:45,3
ORD-10356,12.961648304356052,77.61673391050476,2026-08-14 22:49:17.346607307,587.6295774601019,22,22:49:17,4
ORD-10357,12.924357942571657,77.65648592525709,2026-08-14 13:06:19.317334074,331.1595430308008,13,13:06:19,4
ORD-10358,12.93909878169008,77.53365698098203,2026-08-14 15:02:22.847399182,385.0504451555561,15,15:02:22,2
ORD-10359,12.956135287546571,77.59848102339899,2026-08-14 21:19:05.970715326,621.54000791919,21,21:19:05,2
ORD-10360,13.029460723265409,77.71121606396093,2026-08-14 21:19:03.640788103,702.8100785355633,21,21:19:03,1
ORD-10361,12.95076142517746,77.65908202494404,2026-08-14 18:24:21.781279102,474.7452151270726,18,18:24:21,4
ORD-10362,12.949597099322393,77.58488702333989,2026-08-14 20:22:10.398812729,120.0,20,20:22:10,2
ORD-10363,12.935329176341918,77.58747886006219,2026-08-14 13:40:17.129587998,450.1426076087317,13,13:40:17,2
ORD-10364,12.926619350897996,77.60598774993288,2026-08-14 21:46:02.779180235,484.8639176733645,21,21:46:02,3
ORD-10365,13.007956421485716,77.72381663773824,2026-08-14 20:37:27.529383481,445.08399349602416,20,20:37:27,1
ORD-10366,12.909543622752093,77.64005643272533,2026-08-14 19:53:09.214319996,530.4507842498297,19,19:53:09,3
ORD-10367,12.938173813548902,77.59162961906897,2026-08-14 20:03:07.573339240,408.4635108604017,20,20:03:07,2
ORD-10368,12.923766436337184,77.62886632348824,2026-08-14 21:13:59.287585737,605.8306291017041,21,21:13:59,3
ORD-10369,12.988240568292328,77.63786069591369,2026-08-14 19:55:39.886288519,304.99300909034366,19,19:55:39,4
ORD-10370,12.922132105124891,77.60699307640164,2026-08-14 15:18:53.500475419,665.5273061031212,15,15:18:53,3
ORD-10371,12.92925516748128,77.68178589866407,2026-08-14 23:59:59.000000000,712.5118235941638,23,23:59:59,4
ORD-10372,12.928784475166584,77.62380719794177,2026-08-14 23:00:07.207374856,343.0410392909539,23,23:00:07,3
ORD-10373,12.89971902501723,77.64856441751047,2026-08-14 16:47:15.498042407,342.9600261595406,16,16:47:15,3
ORD-10374,13.003794303916065,77.64027145673009,2026-08-14 19:08:13.764925711,541.6042970666292,19,19:08:13,4
ORD-10375,12.972697051632489,77.7512873991611,2026-08-14 19:24:35.692288596,301.91693853856657,19,19:24:35,1
ORD-10376,12.9523492623925,77.62308028024997,2026-08-14 22:41:49.646098581,406.109569334652,22,22:41:49,4
ORD-10377,12.939895824559857,77.63949197177313,2026-08-14 14:36:06.579582122,645.3790434684022,14,14:36:06,4
ORD-10378,13.01089882320707,77.5835440092358,2026-08-14 18:45:08.925620132,590.6410146715444,18,18:45:08,5
ORD-10379,12.955414127222388,77.78575680444256,2026-08-14 15:35:54.272009962,777.0294512534384,15,15:35:54,1
ORD-10380,12.921943405718892,77.69739311127384,2026-08-14 19:17:14.140357545,505.6176221400312,19,19:17:14,4
ORD-10381,12.931680184665527,77.56545110690016,2026-08-14 18:49:07.491962236,388.3742996582722,18,18:49:07,2
ORD-10382,12.912100879736183,77.58729137072453,2026-08-14 20:11:57.246606444,487.68652674795305,20,20:11:57,3
ORD-10383,12.8510966135563,77.63888148290398,2026-08-14 18:29:16.130408917,457.4117490887048,18,18:29:16,3
ORD-10384,12.9412099889777,77.62876225612648,2026-08-14 18:07:20.789477485,459.51643361952966,18,18:07:20,4
ORD-10385,13.04158912811049,77.54862938509577,2026-08-14 21:32:56.910225868,476.4294437856401,21,21:32:56,5
ORD-10386,12.95287340011556,77.77946232711744,2026-08-14 21:08:12.054668483,340.23499367306454,21,21:08:12,1
ORD-10387,12.898407298957611,77.53588807393122,2026-08-14 21:22:42.585085004,522.3326632455964,21,21:22:42,2
ORD-10388,13.027851289727668,77.59203848560902,2026-08-14 19:33:27.899185582,268.7005098362113,19,19:33:27,5
ORD-10389,13.040544719574514,77.62249815252301,2026-08-14 18:34:14.352759973,372.47600881378287,18,18:34:14,5
ORD-10390,13.000716203428093,77.64985694318354,2026-08-14 19:42:10.327661813,462.16818552902737,19,19:42:10,4
ORD-10391,13.011643598583037,77.69683605767153,2026-08-14 21:15:10.458630616,141.06700310166127,21,21:15:10,1
ORD-10392,12.987460363506708,77.77192884271679,2026-08-14 14:33:28.982691253,595.3487304517377,14,14:33:28,1
ORD-10393,12.992415319987192,77.5443995286961,2026-08-14 20:59:07.007373338,172.02682352287422,20,20:59:07,2
ORD-10394,12.943692025573354,77.72684604951196,2026-08-14 20:46:22.243686013,580.4381536347267,20,20:46:22,1
ORD-10395,12.954269681222584,77.56139114257081,2026-08-14 20:09:19.358154772,286.07860651077567,20,20:09:19,2
ORD-10396,12.897927801860158,77.56149281921569,2026-08-14 19:37:36.179203155,419.2621963944751,19,19:37:36,2
ORD-10397,13.008952131695397,77.75045651810319,2026-08-14 13:35:04.925526608,557.8695970424144,13,13:35:04,1
ORD-10398,13.029526214112508,77.59314980754546,2026-08-14 18:54:01.320632096,809.7209279219223,18,18:54:01,5
ORD-10399,13.081022111701428,77.57077898956888,2026-08-14 23:59:59.000000000,497.4677966561024,23,23:59:59,5
ORD-10400,12.981242790182904,77.63186737046225,2026-08-14 20:01:56.111660115,182.6060507700738,20,20:01:56,4
ORD-10401,12.922285321630865,77.6704315174277,2026-08-14 19:13:54.391451928,623.0542698953661,19,19:13:54,4
ORD-10402,12.934652617857047,77.58222099841515,2026-08-14 20:02:32.155760311,445.21223927114727,20,20:02:32,2
ORD-10403,12.99266490662926,77.63033616896875,2026-08-14 20:53:12.955817652,490.4859981688235,20,20:53:12,4
ORD-10404,13.028921612677808,77.80844729734916,2026-08-14 21:38:49.382202205,563.6794544831421,21,21:38:49,1
ORD-10405,12.97073820636011,77.57598328362714,2026-08-14 19:25:40.078531579,146.1933064641429,19,19:25:40,2
ORD-10406,12.957016565787857,77.6915090579627,2026-08-14 21:03:44.276421543,480.9805271602794,21,21:03:44,4
ORD-10407,13.006455573731364,77.6409142327352,2026-08-14 23:59:59.000000000,418.5459165070957,23,23:59:59,5
ORD-10408,12.910681508329567,77.62938199111454,2026-08-14 22:30:56.257194894,663.2752359008279,22,22:30:56,3
ORD-10409,12.9011532419134,77.6387317711978,2026-08-14 23:59:59.000000000,589.0670645008114,23,23:59:59,3
ORD-10410,12.96375798029982,77.77235369989582,2026-08-14 18:21:29.066774835,235.9497115827679,18,18:21:29,1
ORD-10411,12.976174926128486,77.5900175238111,2026-08-14 23:59:59.000000000,669.3938778523573,23,23:59:59,2
ORD-10412,12.981045173043452,77.67751024496563,2026-08-14 18:01:23.937240697,547.4287632240316,18,18:01:23,4
ORD-10413,12.970577425795112,77.62172902925562,2026-08-14 20:53:02.095320664,247.91376038201724,20,20:53:02,4
ORD-10414,12.880006468001408,77.60918087223556,2026-08-14 21:49:52.288763143,488.362965523916,21,21:49:52,3
ORD-10415,12.9479421340719,77.77614432940366,2026-08-14 18:43:23.005272860,635.2239170783782,18,18:43:23,1
ORD-10416,12.970902204679168,77.77415257867177,2026-08-14 20:13:11.678497268,297.89341911399094,20,20:13:11,1
ORD-10417,13.007869864915524,77.77420665012924,2026-08-14 22:16:34.149922067,686.6366003768126,22,22:16:34,1
ORD-10418,12.92615914520028,77.5751625709521,2026-08-14 18:13:27.561915193,253.10568388087117,18,18:13:27,2
ORD-10419,13.035702486126658,77.57834183592944,2026-08-14 23:59:59.000000000,361.3159235029523,23,23:59:59,5
ORD-10420,13.023757761515352,77.58389130472374,2026-08-14 16:32:18.630377454,338.5693746915462,16,16:32:18,5
ORD-10421,13.00150260488262,77.52849314938031,2026-08-14 23:59:59.000000000,686.5400597382993,23,23:59:59,2
ORD-10422,12.911814993308528,77.63126828081734,2026-08-14 22:30:11.935213196,406.3475795176205,22,22:30:11,3
ORD-10423,12.924413803410038,77.5951488782765,2026-08-14 19:46:32.469813050,305.5774496008503,19,19:46:32,2
ORD-10424,13.001709394850884,77.66030697943383,2026-08-14 18:59:35.986098869,546.7816318371092,18,18:59:35,4
ORD-10425,13.02912395281922,77.60828947569264,2026-08-14 18:43:56.745634881,579.1771485889078,18,18:43:56,5
ORD-10426,13.010662843804525,77.72466123443363,2026-08-14 19:39:37.839237687,580.1304142191198,19,19:39:37,1
ORD-10427,12.905348090654227,77.48703009278519,2026-08-14 19:52:43.537246061,439.29912521609856,19,19:52:43,2
ORD-10428,13.01131509159148,77.80391133929369,2026-08-14 23:08:17.036219711,518.1801451555422,23,23:08:17,1
ORD-10429,12.915838796412846,77.6156116902761,2026-08-14 23:59:59.000000000,382.46503706560713,23,23:59:59,3
ORD-10430,12.908814826020816,77.63789287430171,2026-08-14 20:29:54.419285886,731.2202516903595,20,20:29:54,3
ORD-10431,13.075172639085611,77.53600298091416,2026-08-14 17:53:09.343608095,651.6307737986897,17,17:53:09,5
ORD-10432,12.93093034857248,77.60041648798983,2026-08-14 18:38:08.465634274,642.4435243561013,18,18:38:08,2
ORD-10433,12.939168803718834,77.6405647900586,2026-08-14 19:32:32.182938498,599.1173901860318,19,19:32:32,4
ORD-10434,12.928612914642953,77.62087446013079,2026-08-14 17:25:28.901052329,557.9599958992502,17,17:25:28,3
ORD-10435,12.909114369135589,77.6440610670626,2026-08-14 17:03:09.527381034,293.3456273775318,17,17:03:09,3
ORD-10436,12.949856598604462,77.63222042382081,2026-08-14 23:59:59.000000000,574.9951854383472,23,23:59:59,4
ORD-10437,12.99131668976177,77.58374970898754,2026-08-14 20:45:23.521733515,497.139784509498,20,20:45:23,5
ORD-10438,12.948053420611872,77.61141938005935,2026-08-14 17:55:01.801796877,669.5046127426378,17,17:55:01,2
ORD-10439,12.95828360143562,77.68632791301147,2026-08-14 22:02:29.432133219,601.1128773573643,22,22:02:29,4
ORD-10440,12.971551212422307,77.62776054181948,2026-08-14 17:03:14.884876738,562.5570705229533,17,17:03:14,4
ORD-10441,12.96051537904315,77.55142576413805,2026-08-14 17:15:35.891569161,227.3662803704766,17,17:15:35,2
ORD-10442,12.96390652771345,77.73858956264641,2026-08-14 17:59:32.618390422,466.6499195087294,17,17:59:32,1
ORD-10443,12.983462816803838,77.74461331705588,2026-08-14 23:59:59.000000000,396.3161610144516,23,23:59:59,1
ORD-10444,13.024586522919712,77.53472103743223,2026-08-14 19:22:04.079407995,517.854888627461,19,19:22:04,5
ORD-10445,12.895001125979746,77.59958278642802,2026-08-14 13:53:44.637117878,417.66775928360346,13,13:53:44,3
ORD-10446,13.038456767089643,77.6373866115689,2026-08-14 23:01:30.593398580,438.6081335860041,23,23:01:30,5
ORD-10447,13.047273387575094,77.63033673549334,2026-08-14 19:14:02.567722539,548.8550857360055,19,19:14:02,5
ORD-10448,12.941418712232991,77.76283849151498,2026-08-14 15:22:35.327947094,415.1792829646836,15,15:22:35,1
ORD-10449,12.909282846278376,77.65476885534719,2026-08-14 19:12:29.848608329,498.2387309361019,19,19:12:29,3
ORD-10450,13.041099106678312,77.60744581348935,2026-08-14 21:18:09.035069444,252.08821636885403,21,21:18:09,5
ORD-10451,12.94420904909035,77.61934613258637,2026-08-14 21:00:36.442498797,355.1397784859912,21,21:00:36,4
ORD-10452,13.042764952243084,77.71472309066002,2026-08-14 23:59:59.000000000,578.4065350804441,23,23:59:59,1
ORD-10453,12.916008434732335,77.59100626159588,2026-08-14 17:52:05.089236871,295.47118249552886,17,17:52:05,3
ORD-10454,12.962724217419854,77.60491588001487,2026-08-14 20:07:00.481082385,666.8587616404495,20,20:07:00,2
ORD-10455,12.872443939845004,77.64217163229574,2026-08-14 18:15:03.876492794,626.1599032951981,18,18:15:03,3
ORD-10456,12.961817714185443,77.56349683643296,2026-08-14 16:08:40.263952315,439.765509699032,16,16:08:40,2
ORD-10457,12.950335092287716,77.64948638503346,2026-08-14 22:12:49.746350754,929.8101158253696,22,22:12:49,4
ORD-10458,12.985872874646024,77.65735240079376,2026-08-14 21:09:29.426122328,666.465536677244,21,21:09:29,4
ORD-10459,12.929036064811404,77.62740455965843,2026-08-14 20:42:33.106047290,337.6080739941398,20,20:42:33,4
ORD-10460,12.930617596820586,77.66398839241441,2026-08-14 21:04:01.111739328,591.9261080550073,21,21:04:01,4
ORD-10461,12.885945515772672,77.58189701207905,2026-08-14 18:17:10.744325804,489.8794599479636,18,18:17:10,3
ORD-10462,12.95195961053926,77.6085473490571,2026-08-14 17:29:08.744214136,363.4931863710883,17,17:29:08,2
ORD-10463,13.019846357440883,77.57109707275568,2026-08-14 20:05:38.826349524,319.51362852506867,20,20:05:38,5
ORD-10464,12.976482757388142,77.60851554553047,2026-08-14 22:54:10.902621705,629.2340002332569,22,22:54:10,4
ORD-10465,12.970057693849824,77.69825085720504,2026-08-14 23:59:59.000000000,390.30818030638,23,23:59:59,4
ORD-10466,12.952732830266577,77.69973111472751,2026-08-14 21:59:18.894361267,464.7185467444422,21,21:59:18,4
ORD-10467,12.952187313161692,77.60798062689159,2026-08-14 20:04:22.569840913,341.8461107660208,20,20:04:22,2
ORD-10468,12.874640804433048,77.67118600109252,2026-08-14 20:40:28.055364599,367.77630940521135,20,20:40:28,3
ORD-10469,13.065809529424696,77.64241022353578,2026-08-14 20:01:44.344733928,460.9606199892792,20,20:01:44,5
ORD-10470,12.912761000892138,77.72335157068511,2026-08-14 17:26:06.509942705,538.2273439086227,17,17:26:06,1
ORD-10471,12.932236102559411,77.64150372634042,2026-08-14 20:03:41.826403895,120.0,20,20:03:41,4
ORD-10472,12.941486779542116,77.67158016671583,2026-08-14 16:39:46.558641704,482.5379698750125,16,16:39:46,4
ORD-10473,12.940490864129435,77.5654478136474,2026-08-14 19:41:23.304965073,368.08184811224464,19,19:41:23,2
ORD-10474,12.938308547036424,77.58263623629138,2026-08-14 23:59:59.000000000,690.3543980175338,23,23:59:59,2
ORD-10475,12.94315754236692,77.64247388619246,2026-08-14 22:03:25.733005050,921.4128969008154,22,22:03:25,4
ORD-10476,12.915453133704885,77.57220867723485,2026-08-14 17:41:31.927341871,426.1081447569427,17,17:41:31,2
ORD-10477,13.015530102593122,77.57718146167998,2026-08-14 19:49:08.138373219,221.66571589302083,19,19:49:08,5
ORD-10478,12.934015211825864,77.63491093029293,2026-08-14 17:54:50.613194207,497.53154548778497,17,17:54:50,4
ORD-10479,12.973993004808868,77.53347366460473,2026-08-14 19:50:37.376086405,449.1856005760193,19,19:50:37,2
ORD-10480,12.928207668349405,77.57344948509585,2026-08-14 22:36:09.970348721,775.7025973501936,22,22:36:09,2
ORD-10481,12.97648600832168,77.62843861792268,2026-08-14 21:37:57.071444789,729.9884015063313,21,21:37:57,4
ORD-10482,12.957603500346174,77.56851912803889,2026-08-14 23:59:59.000000000,609.8062455894847,23,23:59:59,2
ORD-10483,12.912926130235274,77.63154767595542,2026-08-14 22:58:52.296622568,391.99588781810127,22,22:58:52,3
ORD-10484,12.97070770549952,77.58699944175021,2026-08-14 20:30:36.003429699,581.6649849271205,20,20:30:36,2
ORD-10485,12.929942960178623,77.5617649374067,2026-08-14 21:41:34.349767200,519.7509538602457,21,21:41:34,2
ORD-10486,12.923187792560494,77.55149726463833,2026-08-14 19:29:38.011432350,516.1984804949086,19,19:29:38,2
ORD-10487,13.003880418079833,77.76045792231126,2026-08-14 17:10:52.461776222,246.26552271481947,17,17:10:52,1
ORD-10488,12.95132904545883,77.70725572434743,2026-08-14 23:15:51.989204588,639.269300768047,23,23:15:51,1
ORD-10489,12.930945576813732,77.54663497498086,2026-08-14 22:31:20.923292385,496.1712492466853,22,22:31:20,2
ORD-10490,13.001585809751466,77.60853168757782,2026-08-14 19:23:50.512068654,464.8737978683137,19,19:23:50,5
ORD-10491,12.930410299491948,77.59519855383719,2026-08-14 20:41:05.421632382,389.97652574867584,20,20:41:05,2
ORD-10492,12.98556735033223,77.74083845984227,2026-08-14 23:06:08.452686463,360.9575250519933,23,23:06:08,1
ORD-10493,12.954657950807604,77.55782694410962,2026-08-14 22:06:57.162835854,527.5887871918472,22,22:06:57,2
ORD-10494,12.956414428795728,77.65487542842328,2026-08-14 16:20:32.088738753,217.6255797212877,16,16:20:32,4
ORD-10495,12.942952639060987,77.72886565958774,2026-08-14 20:36:32.580193408,598.4248139475063,20,20:36:32,1
ORD-10496,12.95592135315425,77.5520817852439,2026-08-14 19:34:51.316270605,321.8841844506472,19,19:34:51,2
ORD-10497,12.85791017283201,77.61642947605168,2026-08-14 22:46:57.006292248,171.1978970692062,22,22:46:57,3
ORD-10498,12.98315507984286,77.63896232260115,2026-08-14 22:34:39.384649044,753.284297388903,22,22:34:39,4
ORD-10499,12.973329250331824,77.64230643047976,2026-08-14 23:17:47.470453602,351.28694259816325,23,23:17:47,4
ORD-10500,12.952399451504276,77.60343438349248,2026-08-14 17:12:18.950951518,371.67612577174566,17,17:12:18,2
ORD-10501,12.951507109801948,77.58476060802892,2026-08-14 18:02:22.996193494,650.1807496512112,18,18:02:22,2
ORD-10502,12.990077136591486,77.79942094074902,2026-08-14 22:47:06.741925219,758.1646350774962,22,22:47:06,1
ORD-10503,13.01381496912908,77.60046268254601,2026-08-14 18:31:15.187661918,250.0497632094855,18,18:31:15,5
ORD-10504,12.92844251046776,77.57535976976449,2026-08-14 16:11:47.103171771,336.5747909623996,16,16:11:47,2
ORD-10505,12.935914600852453,77.57320141499302,2026-08-14 21:19:53.368388527,347.5981766759105,21,21:19:53,2
ORD-10506,12.86598323936912,77.59573612427623,2026-08-14 18:37:55.034037606,620.2202494043481,18,18:37:55,3
ORD-10507,13.022364384053423,77.60407981426674,2026-08-14 23:59:59.000000000,725.86981918943,23,23:59:59,5
ORD-10508,12.927273675804708,77.54872599829676,2026-08-14 20:44:25.660985896,317.9621157632881,20,20:44:25,2
ORD-10509,12.915016099431249,77.56694145432448,2026-08-14 20:24:02.333579775,692.211800695233,20,20:24:02,2
ORD-10510,12.96528403253005,77.56264103792991,2026-08-14 19:04:36.804975458,373.64488327069466,19,19:04:36,2
ORD-10511,12.9629475155161,77.71352049441835,2026-08-14 23:58:37.518005343,530.4184354418359,23,23:58:37,1
ORD-10512,12.947864741067628,77.57129990200514,2026-08-14 20:53:46.990139008,289.2819450858274,20,20:53:46,2
ORD-10513,12.909746664813255,77.6127620540768,2026-08-14 18:58:43.504336594,461.7104379627003,18,18:58:43,3
ORD-10514,12.936230070708714,77.64258255560776,2026-08-14 18:00:53.246640551,463.3330928890926,18,18:00:53,4
ORD-10515,12.900853592221887,77.57533140696253,2026-08-14 19:48:58.742508922,432.72625405270895,19,19:48:58,3
ORD-10516,12.973552278671404,77.73884037755768,2026-08-14 17:33:21.178465607,537.7456471979546,17,17:33:21,1
ORD-10517,13.057725213535887,77.5942032041568,2026-08-14 22:34:19.896975111,328.9453702721211,22,22:34:19,5
ORD-10518,12.985577636873211,77.58398161145206,2026-08-14 15:28:44.921513782,347.44150527197377,15,15:28:44,2
ORD-10519,13.0012952928865,77.61875153052388,2026-08-14 19:39:04.373745002,545.6808217424033,19,19:39:04,5
ORD-10520,12.996015543961873,77.56533679154231,2026-08-14 21:31:31.201905791,681.3052996463593,21,21:31:31,5
ORD-10521,12.980580346577606,77.70440043327663,2026-08-14 20:51:19.074780987,476.5779458928116,20,20:51:19,1
ORD-10522,12.994222374339088,77.62834090704649,2026-08-14 18:12:24.453242859,555.5506160193258,18,18:12:24,4
ORD-10523,13.036821667637746,77.62142909105455,2026-08-14 21:39:02.328360359,593.712001544601,21,21:39:02,5
ORD-10524,12.99266108910729,77.57304278942854,2026-08-14 17:47:05.645504527,604.5757782950237,17,17:47:05,2
ORD-10525,12.987606349838035,77.66803775160913,2026-08-14 19:56:38.538091529,336.9712911245042,19,19:56:38,4
ORD-10526,12.964967118286848,77.77068976412734,2026-08-14 21:37:46.574147823,363.4484654692644,21,21:37:46,1
ORD-10527,12.966055998554952,77.81797859581647,2026-08-14 21:09:26.215015438,376.48881090846976,21,21:09:26,1
ORD-10528,12.874047241656216,77.62781173656343,2026-08-14 18:18:44.648897225,769.2950701340947,18,18:18:44,3
ORD-10529,12.871005958825329,77.4951699950312,2026-08-14 22:59:37.450649079,556.2289408757856,22,22:59:37,2
ORD-10530,13.046211171859124,77.60188242286516,2026-08-14 20:13:00.251143369,549.4973580577525,20,20:13:00,5
ORD-10531,12.968430707179024,77.6370832068486,2026-08-14 21:51:26.958698452,534.9353629775608,21,21:51:26,4
ORD-10532,13.086840480192494,77.6317638701689,2026-08-14 23:49:21.909060059,281.88098945707515,23,23:49:21,5
ORD-10533,12.989454352643753,77.57187223131352,2026-08-14 22:47:37.684938971,770.7285706165558,22,22:47:37,2
ORD-10534,13.046133140126422,77.58866182137305,2026-08-14 22:48:01.164656979,551.8781296180441,22,22:48:01,5
ORD-10535,12.91353185310446,77.64656144862701,2026-08-14 20:28:54.119368645,588.4740168982429,20,20:28:54,3
ORD-10536,13.077001473711451,77.60178613265897,2026-08-14 21:59:05.416088195,215.1718066626297,21,21:59:05,5
ORD-10537,12.85455258224196,77.61186467718616,2026-08-14 20:32:02.369171079,596.9465778542277,20,20:32:02,3
ORD-10538,13.06620596475418,77.5865268416676,2026-08-14 16:58:36.079789994,426.568132480856,16,16:58:36,5
ORD-10539,12.973812615021878,77.67496798406835,2026-08-14 20:45:24.694132545,281.5825537910644,20,20:45:24,4
ORD-10540,12.98606373705496,77.61133624288462,2026-08-14 20:38:27.248853646,336.9354501192304,20,20:38:27,5
ORD-10541,12.8313640683876,77.63404571230132,2026-08-14 21:27:33.564253696,290.26586873199506,21,21:27:33,3
ORD-10542,12.906683539901175,77.63066526581606,2026-08-14 19:40:48.027223079,287.7323707328085,19,19:40:48,3
ORD-10543,12.872856288114374,77.60081668608355,2026-08-14 18:05:46.899989125,489.0821730546315,18,18:05:46,3
ORD-10544,12.917780166921538,77.61950077533655,2026-08-14 21:38:28.554748577,421.98558169025233,21,21:38:28,3
ORD-10545,12.930781223442663,77.79189188320665,2026-08-14 16:43:00.549414730,530.110404324208,16,16:43:00,1
ORD-10546,12.91430868253438,77.56589356888414,2026-08-14 23:38:49.372222708,731.3963806602006,23,23:38:49,2
ORD-10547,12.91278418030128,77.61130313581593,2026-08-14 19:25:17.237449155,460.57444295589937,19,19:25:17,3
ORD-10548,12.977220630161012,77.64227463412898,2026-08-14 20:36:49.753548506,143.26660590623595,20,20:36:49,4
ORD-10549,13.027524290714243,77.59281331314709,2026-08-14 21:23:47.023379534,443.7062682678275,21,21:23:47,5
ORD-10550,12.932988546656842,77.62331937260107,2026-08-14 21:28:36.192403598,659.0091654596807,21,21:28:36,4
ORD-10551,12.934350817242732,77.5681990295447,2026-08-14 16:28:39.141300434,467.1090791254756,16,16:28:39,2
ORD-10552,12.904936385728709,77.64515442682693,2026-08-14 22:03:36.779224898,709.3995980537553,22,22:03:36,3
ORD-10553,12.928631201244038,77.57390526967205,2026-08-14 20:45:28.384455386,547.9412389706728,20,20:45:28,2
ORD-10554,12.94044205788766,77.54102047249842,2026-08-14 18:24:42.647538973,204.25953984039165,18,18:24:42,2
ORD-10555,12.91752715776114,77.67566183460548,2026-08-14 18:07:32.997441487,496.43733756575375,18,18:07:32,4
ORD-10556,12.960434893351698,77.60541848143458,2026-08-14 19:09:53.522261488,524.5501941397093,19,19:09:53,2
ORD-10557,13.037654453236566,77.58969757270292,2026-08-14 16:45:11.324820506,642.0533701910466,16,16:45:11,5
ORD-10558,13.003549214179989,77.57721124604001,2026-08-14 23:59:59.000000000,752.9454857417352,23,23:59:59,5
ORD-10559,12.925109712929848,77.59364288314252,2026-08-14 23:42:55.361926290,616.1588279563049,23,23:42:55,2
ORD-10560,12.938031627490089,77.5758494063504,2026-08-14 21:07:45.301808783,546.0719696080826,21,21:07:45,2
ORD-10561,12.886844289853777,77.56156248412069,2026-08-14 19:26:29.414252921,581.428240736752,19,19:26:29,3
ORD-10562,12.857374904122198,77.60636758431838,2026-08-14 19:30:26.028108563,454.7989790325649,19,19:30:26,3
ORD-10563,12.924665689066238,77.60239970403809,2026-08-14 21:53:42.591355566,260.5683244788856,21,21:53:42,3
ORD-10564,13.01331920290155,77.79298105733629,2026-08-14 23:59:59.000000000,486.22441293342905,23,23:59:59,1
ORD-10565,12.959881895439445,77.53181276103828,2026-08-14 18:34:26.429343629,534.7935491188358,18,18:34:26,2
ORD-10566,12.949965321218071,77.72900625121291,2026-08-14 17:12:21.725616390,299.45135611321155,17,17:12:21,1
ORD-10567,12.946800276320268,77.72557983836356,2026-08-14 23:52:08.766962357,678.9932459249912,23,23:52:08,1
ORD-10568,12.905028798649631,77.56937104344357,2026-08-14 15:31:55.752711740,630.8116523223647,15,15:31:55,2
ORD-10569,12.947556061541457,77.75729128780189,2026-08-14 17:28:43.222725726,274.2357877068196,17,17:28:43,1
ORD-10570,12.98421290505667,77.56272742194861,2026-08-14 19:22:58.278967402,684.8748433184812,19,19:22:58,2
ORD-10571,13.080287286410249,77.56269781943557,2026-08-14 16:05:56.098789755,433.7528446185229,16,16:05:56,5
ORD-10572,12.913176978516464,77.76332723249777,2026-08-14 22:46:49.341565259,363.2262652322477,22,22:46:49,1
ORD-10573,12.8879907152955,77.62134520147652,2026-08-14 22:08:32.147434546,641.8916539119789,22,22:08:32,3
ORD-10574,12.843771598961482,77.6316359579519,2026-08-14 18:33:46.860955062,472.3418380859913,18,18:33:46,3
ORD-10575,12.951430269281412,77.5303833207793,2026-08-14 23:11:56.527072600,764.8777981255305,23,23:11:56,2
ORD-10576,12.88344280066538,77.6830293066434,2026-08-14 23:37:23.631855634,352.06679341698737,23,23:37:23,3
ORD-10577,12.90209170337757,77.55370353029436,2026-08-14 19:43:01.464165389,220.2513714041018,19,19:43:01,2
ORD-10578,12.892288176704776,77.58232276280394,2026-08-14 18:52:23.986401888,437.9342578250788,18,18:52:23,3
ORD-10579,12.961829813480747,77.77504225838693,2026-08-14 23:59:59.000000000,598.383374859071,23,23:59:59,1
ORD-10580,12.922632255013545,77.54138996227158,2026-08-14 21:48:10.456398757,340.9285521696685,21,21:48:10,2
ORD-10581,12.994183692217176,77.67603555249295,2026-08-14 20:38:26.921876720,280.4849425800181,20,20:38:26,4
ORD-10582,12.916609667710874,77.6324529930205,2026-08-14 23:24:31.913519757,514.3391104054131,23,23:24:31,3
ORD-10583,12.971113964452035,77.78821318686761,2026-08-14 20:45:17.375715027,260.4469184748725,20,20:45:17,1
ORD-10584,12.914142287346884,77.52182027288792,2026-08-14 18:44:09.414726727,526.003904942012,18,18:44:09,2
ORD-10585,12.92988114161894,77.66160503365349,2026-08-14 20:12:01.437844388,428.90654231577344,20,20:12:01,4
ORD-10586,12.90391888933207,77.61092122608824,2026-08-14 22:35:47.888585878,554.169973252856,22,22:35:47,3
ORD-10587,12.929035327375717,77.5230170142046,2026-08-14 15:01:10.329902857,272.4256794113097,15,15:01:10,2
ORD-10588,12.993697165140311,77.5929518512036,2026-08-14 19:16:47.723345047,674.7244727165855,19,19:16:47,5
ORD-10589,12.952900740136547,77.62146546023482,2026-08-14 23:27:27.516587233,452.5448272509465,23,23:27:27,4
ORD-10590,12.979216666972578,77.63871196428498,2026-08-14 18:43:13.184390158,594.5284001857235,18,18:43:13,4
ORD-10591,12.908377650496767,77.57882697176183,2026-08-14 23:51:54.977043883,623.9813191927334,23,23:51:54,3
ORD-10592,12.963124774548374,77.55892955436158,2026-08-14 23:32:12.694374238,306.38325714510665,23,23:32:12,2
ORD-10593,12.992406164709656,77.71153343369558,2026-08-14 19:50:10.237960599,612.3386264412114,19,19:50:10,1
ORD-10594,12.971729928168482,77.58854548399319,2026-08-14 18:34:43.146255999,266.23998372835115,18,18:34:43,2
ORD-10595,12.994144331874754,77.59746960848386,2026-08-14 19:16:53.770132653,274.47933858601607,19,19:16:53,5
ORD-10596,12.855266801670066,77.57997447928116,2026-08-14 23:59:59.000000000,774.5998853982651,23,23:59:59,3
ORD-10597,12.958733626816398,77.63033295360759,2026-08-14 23:59:59.000000000,646.7780053194937,23,23:59:59,4
ORD-10598,12.976534646685698,77.6386146097063,2026-08-14 20:18:48.518746261,791.0496263150633,20,20:18:48,4
ORD-10599,12.901365433825408,77.59663775517977,2026-08-14 18:28:46.618035416,424.46789540881343,18,18:28:46,3
ORD-10600,12.938802108668312,77.54350845769,2026-08-14 20:17:33.369320231,495.3642996117013,20,20:17:33,2
ORD-10601,13.028370465996804,77.76546113577321,2026-08-14 20:36:34.442339551,559.1032120128544,20,20:36:34,1
ORD-10602,12.97814621089671,77.56917886207168,2026-08-14 16:53:29.771361516,478.1706650109159,16,16:53:29,2
ORD-10603,12.978759780612434,77.70260246188597,2026-08-14 20:12:00.371422937,368.0795968956143,20,20:12:00,1
ORD-10604,12.888969257561794,77.65149906282163,2026-08-14 23:18:21.638923306,345.58729531799264,23,23:18:21,3
ORD-10605,12.971638848064057,77.5405448153113,2026-08-14 15:30:05.789869052,512.0793349243424,15,15:30:05,2
ORD-10606,12.952450939014817,77.65367611216931,2026-08-14 22:03:59.255686234,319.97102375065424,22,22:03:59,4
ORD-10607,12.94876057065659,77.79080707820893,2026-08-14 23:26:13.181730493,315.7704761449721,23,23:26:13,1
ORD-10608,12.91326328076238,77.54228353487426,2026-08-14 18:35:54.983894151,539.0358016731889,18,18:35:54,2
ORD-10609,12.921380908845608,77.61098848472903,2026-08-14 23:59:59.000000000,465.7260972771577,23,23:59:59,3
ORD-10610,12.910119927905155,77.65283580525902,2026-08-14 18:16:26.966437965,620.5809405872528,18,18:16:26,3
ORD-10611,13.05438130099756,77.62703486748268,2026-08-14 21:06:09.743956744,416.2632884875737,21,21:06:09,5
ORD-10612,12.912290224762671,77.63119030937925,2026-08-14 19:13:59.045838027,392.8116075036697,19,19:13:59,3
ORD-10613,12.91960223939395,77.69638365415302,2026-08-14 19:13:57.032785536,543.5330094053206,19,19:13:57,4
ORD-10614,12.89946089804573,77.65658541003104,2026-08-14 18:27:24.308372178,358.1962688169259,18,18:27:24,3
ORD-10615,12.929121078148128,77.53475711886509,2026-08-14 21:44:47.179327758,381.2808411664972,21,21:44:47,2
ORD-10616,12.983082777267102,77.62890654859382,2026-08-14 22:07:19.249119583,387.2318414430878,22,22:07:19,4
ORD-10617,12.999589343443308,77.792834957149,2026-08-14 19:50:20.200203805,448.5446840556671,19,19:50:20,1
ORD-10618,13.047628444395077,77.57627157043154,2026-08-14 16:36:00.286076950,745.8654814943854,16,16:36:00,5
ORD-10619,12.950749968218425,77.61012644276092,2026-08-14 21:00:28.531499709,273.48167625642645,21,21:00:28,2
ORD-10620,12.959205023651297,77.5491194299173,2026-08-14 21:03:18.129234696,674.3261373176188,21,21:03:18,2
ORD-10621,12.950844360095346,77.60214949611992,2026-08-14 19:27:29.564897522,590.6680134434876,19,19:27:29,2
ORD-10622,13.027665837301248,77.77180805717612,2026-08-14 23:59:59.000000000,715.0468271054989,23,23:59:59,1
ORD-10623,12.979995021104726,77.61162084976726,2026-08-14 16:05:24.636615894,950.502907248341,16,16:05:24,4
ORD-10624,12.881654570149315,77.66691398416849,2026-08-14 14:27:24.446607718,694.7179531181782,14,14:27:24,3
ORD-10625,13.03949796464459,77.76375197286919,2026-08-14 18:10:22.485902721,618.8500421861792,18,18:10:22,1
ORD-10626,13.027264124900078,77.57467981304646,2026-08-14 21:46:33.820806823,283.1255472562474,21,21:46:33,5
ORD-10627,12.888701025182126,77.61153236620551,2026-08-14 17:21:37.398263095,302.0666607733436,17,17:21:37,3
ORD-10628,12.950422936342877,77.61071046615649,2026-08-14 17:32:51.261733265,534.0285276547833,17,17:32:51,2
ORD-10629,12.988621886662896,77.76072363187257,2026-08-14 22:22:39.192025603,225.2885778120653,22,22:22:39,1
ORD-10630,12.881659262864812,77.62825775561082,2026-08-14 21:09:22.931305180,572.3158876936828,21,21:09:22,3
ORD-10631,12.958123488488251,77.58890142611565,2026-08-14 20:56:33.548186656,159.76171638584827,20,20:56:33,2
ORD-10632,13.01194268361416,77.5519908672276,2026-08-14 21:57:12.860275190,652.8350078346923,21,21:57:12,5
ORD-10633,12.987978264774616,77.55364017527612,2026-08-14 18:56:13.263420543,431.7449532099602,18,18:56:13,2
ORD-10634,12.896207152461844,77.60241742081918,2026-08-14 19:03:09.143333476,498.9895418205284,19,19:03:09,3
ORD-10635,12.9368278935749,77.73082014634406,2026-08-14 22:01:28.013453053,367.7441555369276,22,22:01:28,1
ORD-10636,12.964104739125109,77.6239004070216,2026-08-14 16:38:16.018972969,195.22103846661415,16,16:38:16,4
ORD-10637,12.9239594336453,77.56900310026306,2026-08-14 14:38:35.521382413,665.2042918791393,14,14:38:35,2
ORD-10638,13.00970237462733,77.72070184532348,2026-08-14 18:55:00.442437349,680.3552092432071,18,18:55:00,1
ORD-10639,12.967744785051336,77.76562877774292,2026-08-14 22:19:37.859601591,427.2768352194453,22,22:19:37,1
ORD-10640,12.942186364644098,77.66279628416325,2026-08-14 20:38:20.037290881,579.2894347101012,20,20:38:20,4
ORD-10641,12.986565110018748,77.7198541647106,2026-08-14 22:08:35.623537107,421.3662869684394,22,22:08:35,1
ORD-10642,13.011449676089708,77.63130167121683,2026-08-14 14:57:33.351206192,523.2734766399369,14,14:57:33,5
ORD-10643,12.964643092068249,77.78373738980694,2026-08-14 20:47:19.471274911,593.8708798380164,20,20:47:19,1
ORD-10644,12.943930783107552,77.63847298675287,2026-08-14 21:38:04.780541781,563.2627386860811,21,21:38:04,4
ORD-10645,13.015126439951024,77.57327075001106,2026-08-14 16:37:22.823196504,681.1454420114018,16,16:37:22,5
ORD-10646,12.960478368709392,77.59868024792044,2026-08-14 22:09:18.518314919,557.8321013558003,22,22:09:18,2
ORD-10647,12.954103057745336,77.55737130894335,2026-08-14 19:43:16.329931448,484.2126925557893,19,19:43:16,2
ORD-10648,12.967005543798322,77.5764509655283,2026-08-14 23:59:59.000000000,365.7871548183867,23,23:59:59,2
ORD-10649,12.914412696432926,77.5797309028366,2026-08-14 14:33:24.875379929,408.2241929514119,14,14:33:24,2
ORD-10650,12.952787489364525,77.59332378977567,2026-08-14 23:25:22.029309073,601.5077095087524,23,23:25:22,2
ORD-10651,12.921661069812654,77.59702680066003,2026-08-14 19:00:52.577131265,254.7260221628822,19,19:00:52,3
ORD-10652,13.001789021961532,77.53527592965192,2026-08-14 15:57:25.634570040,645.8710955119195,15,15:57:25,2
ORD-10653,12.94530813394071,77.63870571713085,2026-08-14 18:40:57.403707915,437.82844109782,18,18:40:57,4
ORD-10654,13.00319297857548,77.79264680752051,2026-08-14 20:41:37.313172037,357.2091143388165,20,20:41:37,1
ORD-10655,13.012270487363086,77.61203677829833,2026-08-14 22:35:37.200026085,315.1913734827799,22,22:35:37,5
ORD-10656,12.973635005302723,77.73542465483632,2026-08-14 23:59:59.000000000,581.1551678472581,23,23:59:59,1
ORD-10657,12.969869189566452,77.80365056744728,2026-08-14 23:33:17.037798339,477.8037969295023,23,23:33:17,1
ORD-10658,12.869524493062428,77.5799632614742,2026-08-14 17:35:11.561813660,718.314783484473,17,17:35:11,3
ORD-10659,13.01980133277766,77.63030127774157,2026-08-14 22:49:31.482230395,290.5386524211118,22,22:49:31,5
ORD-10660,12.9570903923614,77.77990407003922,2026-08-14 20:58:41.564614088,393.2754565407205,20,20:58:41,1
ORD-10661,12.990342554487222,77.69330961131503,2026-08-14 18:21:48.572811639,466.166826280888,18,18:21:48,4
ORD-10662,12.919207835783938,77.64599712398554,2026-08-14 19:28:12.804658703,367.2214884045099,19,19:28:12,4
ORD-10663,13.027670416867242,77.64543347042665,2026-08-14 18:13:31.416064997,480.9177996212704,18,18:13:31,5
ORD-10664,12.93692648580282,77.64978564448273,2026-08-14 20:05:33.831077428,527.9251149623278,20,20:05:33,4
ORD-10665,12.922415169962864,77.70807886969337,2026-08-14 18:10:33.079059353,552.672635869461,18,18:10:33,1
ORD-10666,12.94150248631936,77.6149473337921,2026-08-14 17:25:48.053341043,705.9250696326692,17,17:25:48,4
ORD-10667,12.905950884824298,77.66290270670622,2026-08-14 21:11:52.072150045,284.47913568276294,21,21:11:52,3
ORD-10668,12.96555155944897,77.6070925970005,2026-08-14 21:34:18.574934337,530.6640479902966,21,21:34:18,2
ORD-10669,12.989975797079284,77.69720054111255,2026-08-14 19:31:51.626999175,382.95857706177503,19,19:31:51,4
ORD-10670,12.94167397012756,77.64034647232268,2026-08-14 23:25:08.861735424,544.5020070035378,23,23:25:08,4
ORD-10671,12.987656543334571,77.5559213419045,2026-08-14 19:20:56.124721544,544.6998279529571,19,19:20:56,2
ORD-10672,12.890457657991918,77.59316002136762,2026-08-14 19:14:35.029093870,331.9620925151503,19,19:14:35,3
ORD-10673,12.924820102488978,77.64138300752157,2026-08-14 21:39:04.400841111,344.8271486048869,21,21:39:04,4
ORD-10674,13.02400237532584,77.7612075802282,2026-08-14 19:40:08.169735510,556.7464595204362,19,19:40:08,1
ORD-10675,13.02114532309898,77.64548854332031,2026-08-14 20:12:43.179561235,483.5106766116196,20,20:12:43,5
ORD-10676,12.931871092330471,77.61284368333311,2026-08-14 13:41:56.053764428,447.0567238902594,13,13:41:56,3
ORD-10677,12.958936315301784,77.69582694552918,2026-08-14 20:02:30.366462642,578.698024466246,20,20:02:30,4
ORD-10678,12.987648916726258,77.6393883131425,2026-08-14 15:25:55.236562759,589.7577713793197,15,15:25:55,4
ORD-10679,12.953987625342725,77.58617332237534,2026-08-14 16:56:51.444861010,400.5554830947446,16,16:56:51,2
ORD-10680,13.030105370445082,77.56650824394973,2026-08-14 16:39:42.097151200,352.192029353625,16,16:39:42,5
ORD-10681,12.97232536328876,77.77583830307857,2026-08-14 17:23:36.751618196,290.7121534743537,17,17:23:36,1
ORD-10682,12.895183135312063,77.62756158137883,2026-08-14 18:37:40.315263310,485.0181180302228,18,18:37:40,3
ORD-10683,12.924756503303533,77.58496773257336,2026-08-14 18:47:01.566460091,266.5259584277153,18,18:47:01,2
ORD-10684,12.90732502932822,77.59097137970682,2026-08-14 21:39:38.476838314,494.9142687343551,21,21:39:38,3
ORD-10685,12.931930264359758,77.60684733003373,2026-08-14 20:33:21.490327212,662.5255187136659,20,20:33:21,2
ORD-10686,12.940262596921928,77.63179987925616,2026-08-14 15:14:50.330140638,426.9810344570574,15,15:14:50,4
ORD-10687,13.05162397108859,77.71987351194043,2026-08-14 20:12:29.651737921,399.5693579189754,20,20:12:29,1
ORD-10688,13.054497275183111,77.57156403332912,2026-08-14 20:47:44.297219251,779.6767160440718,20,20:47:44,5
ORD-10689,12.971633396082924,77.58021595568202,2026-08-14 19:10:42.901353723,706.4552728781468,19,19:10:42,2
ORD-10690,12.986620536544969,77.71944538615887,2026-08-14 19:50:52.026207840,365.3103194166879,19,19:50:52,1
ORD-10691,12.962555539381556,77.71391411536985,2026-08-14 20:28:32.791128574,500.8519771588463,20,20:28:32,1
ORD-10692,13.000382266481353,77.56530568759462,2026-08-14 21:54:41.396378720,529.3017363522124,21,21:54:41,5
ORD-10693,12.954518749076614,77.61245656901082,2026-08-14 16:03:46.080112835,510.5490634089267,16,16:03:46,4
ORD-10694,12.93119346698704,77.629671456759,2026-08-14 19:23:21.146652243,752.2010171569182,19,19:23:21,4
ORD-10695,12.889936136491942,77.61746284897393,2026-08-14 23:46:15.024882520,493.084483862913,23,23:46:15,3
ORD-10696,13.023361709752404,77.72276668249586,2026-08-14 23:32:29.951774682,515.5852313446526,23,23:32:29,1
ORD-10697,13.012613355014585,77.64703341717207,2026-08-14 22:07:38.432349982,583.2993442719624,22,22:07:38,5
ORD-10698,12.906634575384018,77.57357308882183,2026-08-14 21:20:31.422155601,658.4879574071501,21,21:20:31,2
ORD-10699,12.982168631506012,77.57544073670316,2026-08-14 23:59:59.000000000,620.5348791456158,23,23:59:59,2
ORD-10700,13.037001112670705,77.5958182639175,2026-08-14 23:59:59.000000000,560.7127179467459,23,23:59:59,5
ORD-10701,12.90712302071877,77.58434941711458,2026-08-14 19:40:38.280107578,246.19502919091371,19,19:40:38,3
ORD-10702,13.007946673568178,77.73000856090705,2026-08-14 17:34:35.108010405,406.7793413912361,17,17:34:35,1
ORD-10703,12.936734007981116,77.65795309607894,2026-08-14 19:19:27.369141380,602.9131810807907,19,19:19:27,4
ORD-10704,12.91825095768242,77.62289249099409,2026-08-14 23:59:59.000000000,517.5598045918958,23,23:59:59,3
ORD-10705,12.977820105656212,77.66471635790306,2026-08-14 16:04:35.792915473,603.9192950734428,16,16:04:35,4
ORD-10706,12.99047605174286,77.74229601940608,2026-08-14 18:49:25.147744235,763.0749092506871,18,18:49:25,1
ORD-10707,13.038027717152378,77.58398773459668,2026-08-14 16:28:05.779627566,303.45551924110134,16,16:28:05,5
ORD-10708,12.91808356575782,77.75901603000894,2026-08-14 20:18:42.874765896,650.6865262206875,20,20:18:42,1
ORD-10709,12.982826711629158,77.57916983007581,2026-08-14 16:59:35.780739946,430.4454806259553,16,16:59:35,2
ORD-10710,13.008743960163905,77.56652452799246,2026-08-14 19:43:41.240794497,620.3024728912098,19,19:43:41,5
ORD-10711,12.99696071225531,77.61029699089687,2026-08-14 15:07:29.143559831,473.8168884947824,15,15:07:29,5
ORD-10712,12.966051180765424,77.56246933284264,2026-08-14 21:32:38.585985762,799.0506808339494,21,21:32:38,2
ORD-10713,12.973033187707395,77.69523822554325,2026-08-14 23:03:21.107308212,499.5130404392607,23,23:03:21,4
ORD-10714,12.974819929840011,77.78050335351308,2026-08-14 19:02:24.507401428,383.922866346603,19,19:02:24,1
ORD-10715,12.88410803021782,77.52926186031095,2026-08-14 19:39:43.829936319,542.9811934187652,19,19:39:43,2
ORD-10716,13.09108032620932,77.57558841261734,2026-08-14 19:35:29.334923418,528.5914171077405,19,19:35:29,5
ORD-10717,13.018158174608034,77.63541008171808,2026-08-14 20:27:08.196077025,650.7145641165672,20,20:27:08,5
ORD-10718,12.929531581407051,77.63984444448238,2026-08-14 19:54:16.473717302,547.2079197907389,19,19:54:16,4
ORD-10719,12.885660040013876,77.61473740002235,2026-08-14 21:55:13.052571876,851.2596958753954,21,21:55:13,3
ORD-10720,12.914547870481156,77.53668272948082,2026-08-14 23:04:57.352201059,463.2893796896592,23,23:04:57,2
ORD-10721,12.947011872615423,77.61528422675927,2026-08-14 17:57:53.358997570,465.05700753292894,17,17:57:53,4
ORD-10722,12.929704131004437,77.5821443669805,2026-08-14 19:13:36.043565031,389.4170924920419,19,19:13:36,2
ORD-10723,12.9722990128717,77.64078499652352,2026-08-14 22:15:14.575040323,492.85025075312655,22,22:15:14,4
ORD-10724,13.00534545594602,77.58390943541454,2026-08-14 16:26:44.978567469,514.6588681624431,16,16:26:44,5
ORD-10725,12.97527859886738,77.66535210838713,2026-08-14 15:04:23.508463389,522.1815794933816,15,15:04:23,4
ORD-10726,12.933061587219797,77.59829200713929,2026-08-14 20:33:56.843576086,490.0781513240999,20,20:33:56,2
ORD-10727,13.05038805510691,77.6378492275801,2026-08-14 21:14:27.117699634,388.5268174909052,21,21:14:27,5
ORD-10728,12.934393230537008,77.66925013087787,2026-08-14 18:11:39.298308418,347.7502307876468,18,18:11:39,4
ORD-10729,12.97310499784809,77.58682665844093,2026-08-14 18:33:12.140512916,423.7239412746666,18,18:33:12,2
ORD-10730,12.911617346301918,77.65801380071478,2026-08-14 18:05:58.269104332,651.230649035267,18,18:05:58,3
ORD-10731,12.940858560266635,77.59176905073922,2026-08-14 17:49:57.672845900,683.519952823722,17,17:49:57,2
ORD-10732,12.866520907943135,77.59342061694983,2026-08-14 21:44:01.462385441,468.4553195339348,21,21:44:01,3
ORD-10733,12.961141296883978,77.58206144677324,2026-08-14 17:02:55.513617020,338.7625550298863,17,17:02:55,2
ORD-10734,12.950470856176056,77.71159997226299,2026-08-14 19:20:10.294247100,467.82395845248135,19,19:20:10,1
ORD-10735,13.008116894338654,77.64826117014564,2026-08-14 17:44:11.974492366,793.7498152905118,17,17:44:11,4
ORD-10736,12.92912769629103,77.80537408629563,2026-08-14 16:21:42.399216889,629.8451752974931,16,16:21:42,1
ORD-10737,13.02181870783345,77.6015215615666,2026-08-14 22:10:31.603572721,562.6114037298821,22,22:10:31,5
ORD-10738,12.967585411403608,77.7269087975561,2026-08-14 18:42:01.573000438,624.4027375578854,18,18:42:01,1
ORD-10739,13.004234832026215,77.75440602857019,2026-08-14 20:28:15.960723787,711.0849917011969,20,20:28:15,1
ORD-10740,12.954920700187326,77.54893936946698,2026-08-14 16:13:47.317081791,307.07006976793207,16,16:13:47,2
ORD-10741,12.93852417451983,77.69255169595392,2026-08-14 18:08:42.544916192,421.1940196954316,18,18:08:42,4
ORD-10742,12.917027824194532,77.56821670427004,2026-08-14 21:53:24.790926255,400.69175507447767,21,21:53:24,2
ORD-10743,12.962305382061851,77.64255356487637,2026-08-14 23:59:59.000000000,568.0671595606475,23,23:59:59,4
ORD-10744,12.977175485052255,77.62337030870641,2026-08-14 15:03:34.055420487,504.0166335959396,15,15:03:34,4
ORD-10745,12.924852034584989,77.64869560922973,2026-08-14 19:29:50.029842395,593.4466936034112,19,19:29:50,4
ORD-10746,12.988026464212554,77.73852677390433,2026-08-14 21:01:50.525383292,403.9668975199166,21,21:01:50,1
ORD-10747,12.921689365900784,77.60838556263576,2026-08-14 18:27:35.098620846,685.7928076018734,18,18:27:35,3
ORD-10748,12.9569263320404,77.56079219664201,2026-08-14 22:07:25.697882947,469.5999437776047,22,22:07:25,2
ORD-10749,12.926792096429832,77.59737493467797,2026-08-14 17:49:59.405964057,584.1818327937275,17,17:49:59,2
ORD-10750,12.928758866028035,77.53742622798532,2026-08-14 20:23:04.628941950,659.310974838441,20,20:23:04,2
ORD-10751,12.920137650869934,77.61682792558427,2026-08-14 18:41:41.352859515,647.2686473242452,18,18:41:41,3
ORD-10752,12.894500910555172,77.61193842288753,2026-08-14 23:02:54.879746593,534.1242612602695,23,23:02:54,3
ORD-10753,12.943341725265782,77.76261545867025,2026-08-14 18:18:32.719472680,602.9020359573818,18,18:18:32,1
ORD-10754,12.927621688086234,77.59162654607613,2026-08-14 19:07:13.135833421,741.2490995958431,19,19:07:13,2
ORD-10755,13.08243930136828,77.62951262047362,2026-08-14 22:21:51.201337474,557.0401850962044,22,22:21:51,5
ORD-10756,12.895428263262517,77.62752259082963,2026-08-14 17:25:47.652068164,370.553039690763,17,17:25:47,3
ORD-10757,12.990409420098716,77.61708054322538,2026-08-14 20:10:18.750510872,567.4576096445828,20,20:10:18,5
ORD-10758,12.868601043640172,77.61813122893614,2026-08-14 15:26:37.190906821,474.4078172970615,15,15:26:37,3
ORD-10759,13.0158605362976,77.58447602232955,2026-08-14 17:16:48.598872338,127.79982983934838,17,17:16:48,5
ORD-10760,13.027525861329108,77.63506556832523,2026-08-14 20:57:19.181483017,549.2997035554639,20,20:57:19,5
ORD-10761,12.956278713359348,77.67281469695354,2026-08-14 17:31:23.722414174,497.4975975023411,17,17:31:23,4
ORD-10762,12.983841744688124,77.5774176615217,2026-08-14 18:38:18.843613586,653.4626657246158,18,18:38:18,2
ORD-10763,12.88147963837752,77.59850266953192,2026-08-14 21:13:57.777618431,367.485951376754,21,21:13:57,3
ORD-10764,12.98477441270951,77.6515633995333,2026-08-14 18:33:07.324729678,254.14355064310385,18,18:33:07,4
ORD-10765,12.966075687155591,77.60539022222736,2026-08-14 22:03:25.578658947,505.3021289115764,22,22:03:25,2
ORD-10766,13.014786500749512,77.60188787913478,2026-08-14 20:32:20.965087375,537.026608140817,20,20:32:20,5
ORD-10767,12.930466786067234,77.61680694634885,2026-08-14 21:05:21.148007321,494.0749418078353,21,21:05:21,3
ORD-10768,13.003651234285362,77.76728920837719,2026-08-14 23:06:08.690388647,483.1063025528105,23,23:06:08,1
ORD-10769,13.023117835485886,77.62296378030365,2026-08-14 20:47:58.407563527,319.69095686905104,20,20:47:58,5
ORD-10770,12.931981103682894,77.58663299709504,2026-08-14 23:50:49.625614224,459.1624294537615,23,23:50:49,2
ORD-10771,13.021684927283117,77.59995844443245,2026-08-14 22:16:41.360547340,427.7391255743377,22,22:16:41,5
ORD-10772,12.967057552428264,77.6180765139745,2026-08-14 18:41:28.928131490,640.9063111151161,18,18:41:28,4
ORD-10773,12.927478045106612,77.75198595891538,2026-08-14 23:13:58.332675191,536.8988046045921,23,23:13:58,1
ORD-10774,13.03977096140198,77.60350431701158,2026-08-14 20:39:34.794188127,438.3004317382208,20,20:39:34,5
ORD-10775,12.967395503058404,77.66016231340315,2026-08-14 19:00:47.882622055,738.5827314634148,19,19:00:47,4
ORD-10776,12.914402619466642,77.60293497896828,2026-08-14 20:41:45.471257888,439.6638485677486,20,20:41:45,3
ORD-10777,12.88019304511656,77.63455854845982,2026-08-14 22:46:50.941419512,563.6680085829245,22,22:46:50,3
ORD-10778,12.96730870379182,77.59907213252319,2026-08-14 21:08:15.405848180,454.96179996160765,21,21:08:15,2
ORD-10779,12.908149930234623,77.66143738949147,2026-08-14 23:59:59.000000000,724.6728772542006,23,23:59:59,3
ORD-10780,12.934294524862526,77.62536824966804,2026-08-14 22:42:58.775021089,493.0289663720416,22,22:42:58,4
ORD-10781,12.92991792229092,77.61835548242478,2026-08-14 21:18:28.440300619,497.46213418360105,21,21:18:28,3
ORD-10782,12.937280228082155,77.71030929349227,2026-08-14 17:26:05.387255330,459.01944618409294,17,17:26:05,1
ORD-10783,12.957662994813164,77.7294972546793,2026-08-14 19:33:02.407373909,509.4767889001822,19,19:33:02,1
ORD-10784,12.927444010696524,77.57406564279162,2026-08-14 20:10:44.977257758,659.9306757971864,20,20:10:44,2
ORD-10785,12.961458570726368,77.62236902030807,2026-08-14 21:44:29.683510960,606.8765767027032,21,21:44:29,4
ORD-10786,12.903443013405072,77.62884602319834,2026-08-14 21:35:35.997371450,484.21142716742565,21,21:35:35,3
ORD-10787,12.941431497956245,77.7799941437944,2026-08-14 20:25:25.863691965,735.198765968498,20,20:25:25,1
ORD-10788,12.969204372756677,77.59560714474283,2026-08-14 20:18:03.149238395,610.9478462013853,20,20:18:03,2
ORD-10789,12.921421582270256,77.62532452214816,2026-08-14 21:48:04.112055685,414.2728321203976,21,21:48:04,3
ORD-10790,12.891814419561625,77.64577441185573,2026-08-14 17:51:12.723969330,272.9477469399093,17,17:51:12,3
ORD-10791,13.010146555771136,77.61967190281891,2026-08-14 23:59:59.000000000,417.7479297305144,23,23:59:59,5
ORD-10792,13.05296446200132,77.57608686330464,2026-08-14 14:52:55.498033529,542.002316782538,14,14:52:55,5
ORD-10793,12.950105668790776,77.60638682776305,2026-08-14 23:38:18.685339548,569.580055594714,23,23:38:18,2
ORD-10794,12.978369212672344,77.62423088514974,2026-08-14 19:53:13.330244174,683.8706524953029,19,19:53:13,4
ORD-10795,12.914324347634812,77.6286125271355,2026-08-14 22:30:23.218328444,315.81810373215,22,22:30:23,3
ORD-10796,12.910695332134337,77.53345459843848,2026-08-14 20:54:34.563908634,414.1266999079784,20,20:54:34,2
ORD-10797,12.953510359088916,77.6162661531306,2026-08-14 20:51:54.309698197,303.35359951882305,20,20:51:54,4
ORD-10798,12.96532135630555,77.61398952813538,2026-08-14 21:23:08.290284239,279.1801182630832,21,21:23:08,4
ORD-10799,12.97403689735319,77.53536387774828,2026-08-14 22:01:21.488601790,385.8271881070022,22,22:01:21,2
ORD-10800,12.901085778731376,77.59999987089961,2026-08-14 19:10:40.522560715,534.9918366441032,19,19:10:40,3
ORD-10801,12.931190420038462,77.62744330358875,2026-08-14 22:35:13.192174736,595.7091652335474,22,22:35:13,4
ORD-10802,12.995781883508728,77.57903176066404,2026-08-14 17:17:19.764387791,337.7468840067488,17,17:17:19,5
ORD-10803,12.92146600404336,77.60852069883866,2026-08-14 19:59:12.024840065,358.60861209191404,19,19:59:12,3
ORD-10804,12.937393853363808,77.74602166588215,2026-08-14 22:05:23.729318450,213.0265237014849,22,22:05:23,1
ORD-10805,12.9115719164536,77.6043221802249,2026-08-14 22:29:15.158216543,512.1528312415494,22,22:29:15,3
ORD-10806,12.92901158098035,77.58554857392146,2026-08-14 21:09:07.099634353,370.1791647043893,21,21:09:07,2
ORD-10807,12.912769668731242,77.62744501568899,2026-08-14 19:00:59.468058398,729.4547067317772,19,19:00:59,3
ORD-10808,12.930668177977894,77.56936604620356,2026-08-14 22:14:30.370005318,541.4713199474392,22,22:14:30,2
ORD-10809,13.032498726847823,77.58817030257538,2026-08-14 18:19:35.703847931,454.2831384814837,18,18:19:35,5
ORD-10810,12.93101858638516,77.66650668607504,2026-08-14 23:59:59.000000000,383.83313586833214,23,23:59:59,4
ORD-10811,12.963100805117914,77.58876541315095,2026-08-14 19:47:17.961922503,255.7994669708656,19,19:47:17,2
ORD-10812,13.010303872377676,77.57042724272463,2026-08-14 16:09:03.368752146,274.8192334581853,16,16:09:03,5
ORD-10813,12.858531242999144,77.53042865793148,2026-08-14 17:00:47.848787851,386.67885681417977,17,17:00:47,3
ORD-10814,12.959342584892145,77.6222671851995,2026-08-14 20:06:32.792731916,375.1645676963543,20,20:06:32,4
ORD-10815,12.953659392105752,77.61851243414004,2026-08-14 20:20:58.427441934,330.12422357310083,20,20:20:58,4
ORD-10816,13.02025893646292,77.65715712450505,2026-08-14 23:59:59.000000000,536.5642091163517,23,23:59:59,5
ORD-10817,12.961178265158704,77.66944848988155,2026-08-14 17:24:13.505961471,557.1398388622289,17,17:24:13,4
ORD-10818,12.906469237715662,77.60956185317727,2026-08-14 20:05:55.159793735,411.2051404047408,20,20:05:55,3
ORD-10819,12.960737142119756,77.7434249209647,2026-08-14 17:21:05.207336261,770.2728402397976,17,17:21:05,1
ORD-10820,13.074961310927574,77.64160499493406,2026-08-14 18:46:06.106321079,217.9905950225862,18,18:46:06,5
ORD-10821,12.929191422112632,77.6629469706618,2026-08-14 23:59:59.000000000,488.7245848458395,23,23:59:59,4
ORD-10822,12.982318147832087,77.75225770905018,2026-08-14 17:09:32.973991596,447.2129693868112,17,17:09:32,1
ORD-10823,13.001529045498849,77.75252882168833,2026-08-14 21:28:03.381816611,397.3948677049115,21,21:28:03,1
ORD-10824,13.04362339119842,77.54425560916219,2026-08-14 20:58:56.166231130,375.3505730980411,20,20:58:56,5
ORD-10825,12.90986901853178,77.5784718386066,2026-08-14 19:56:22.457162776,478.9560175631463,19,19:56:22,2
ORD-10826,12.98518084416603,77.79437861704861,2026-08-14 21:17:54.929608726,446.1708259017407,21,21:17:54,1
ORD-10827,12.968946050146734,77.70022196226728,2026-08-14 17:05:59.816562510,421.2185209331161,17,17:05:59,4
ORD-10828,12.946087986375924,77.63652355681498,2026-08-14 23:59:59.000000000,285.1920547515938,23,23:59:59,4
ORD-10829,12.903634946921722,77.59446685532153,2026-08-14 23:59:59.000000000,237.2832273284252,23,23:59:59,3
ORD-10830,12.87954503592619,77.60123721158743,2026-08-14 20:07:03.942279834,436.7225287206652,20,20:07:03,3
ORD-10831,12.940001687556302,77.62292426443847,2026-08-14 23:59:59.000000000,419.6855843255205,23,23:59:59,4
ORD-10832,12.939289056096026,77.57950431497353,2026-08-14 19:00:08.748616051,450.4444709584759,19,19:00:08,2
ORD-10833,12.966002308703509,77.5743167961625,2026-08-14 21:00:03.887944707,463.70673031657367,21,21:00:03,2
ORD-10834,12.983153982666485,77.5661096265748,2026-08-14 23:34:47.001573971,401.6246487175773,23,23:34:47,2
ORD-10835,12.957001302111433,77.76764947618135,2026-08-14 18:51:08.959857994,448.13888642726914,18,18:51:08,1
ORD-10836,12.946150728967083,77.62969391757446,2026-08-14 16:32:46.058470085,351.97075378447585,16,16:32:46,4
ORD-10837,12.9669211205115,77.76072578020371,2026-08-14 15:58:14.546409430,708.5918713744925,15,15:58:14,1
ORD-10838,12.956279193715847,77.6009696458918,2026-08-14 23:59:59.000000000,360.03897777750467,23,23:59:59,2
ORD-10839,12.9319820116803,77.6066591553391,2026-08-14 18:40:38.778144251,424.3528935801989,18,18:40:38,2
ORD-10840,12.872068733056762,77.63610148137158,2026-08-14 19:32:08.369129234,371.4316816329179,19,19:32:08,3
ORD-10841,12.929359651707442,77.58629392832782,2026-08-14 17:13:05.123295111,368.91276896926456,17,17:13:05,2
ORD-10842,12.89024645373746,77.67615577026764,2026-08-14 22:22:15.053513963,483.696234995692,22,22:22:15,3
ORD-10843,12.995600592881305,77.63278216391774,2026-08-14 18:02:45.961266979,464.6648685175482,18,18:02:45,4
ORD-10844,12.895403849089838,77.59573648100525,2026-08-14 18:46:18.632751048,411.0809414437185,18,18:46:18,3
ORD-10845,13.015390663887516,77.75481816793038,2026-08-14 20:44:55.683774745,437.4786012668533,20,20:44:55,1
ORD-10846,12.915929452654977,77.64233912309287,2026-08-14 17:20:23.586654790,372.0279673510094,17,17:20:23,3
ORD-10847,12.94989606343938,77.69332950605981,2026-08-14 19:33:12.759574372,540.2588456589241,19,19:33:12,4
ORD-10848,13.018948018721384,77.5782699075079,2026-08-14 23:30:19.886305529,788.2789113886071,23,23:30:19,5
ORD-10849,12.94959654135392,77.50296533804577,2026-08-14 21:04:14.289577652,348.77380841501724,21,21:04:14,2
ORD-10850,12.883344672995705,77.57761855787648,2026-08-14 20:19:34.880631855,539.0944835601907,20,20:19:34,3
ORD-10851,12.92133166193456,77.59868182034455,2026-08-14 20:32:13.782385175,486.74234355310654,20,20:32:13,3
ORD-10852,12.888113257940466,77.61465925851374,2026-08-14 19:01:37.784136211,580.2944637198884,19,19:01:37,3
ORD-10853,12.945586800167655,77.60137437724704,2026-08-14 23:59:59.000000000,584.5189440744107,23,23:59:59,2
ORD-10854,12.868711540169938,77.62001077818306,2026-08-14 17:58:10.585825193,510.8119045827991,17,17:58:10,3
ORD-10855,12.886783072805994,77.6560605043999,2026-08-14 20:31:38.335457675,474.0269135827351,20,20:31:38,3
ORD-10856,12.962645124572372,77.59306904707864,2026-08-14 20:17:15.230097085,414.832470052733,20,20:17:15,2
ORD-10857,12.944788417915989,77.57845565323255,2026-08-14 22:31:18.862564198,365.2559470337047,22,22:31:18,2
ORD-10858,12.892752231184405,77.60635888607042,2026-08-14 22:45:28.565449143,465.4731508572322,22,22:45:28,3
ORD-10859,12.925650440878096,77.65845612788988,2026-08-14 19:55:11.830759616,287.31167528734795,19,19:55:11,4
ORD-10860,12.99735567737131,77.57533069681125,2026-08-14 20:43:35.998438017,390.9216014823797,20,20:43:35,5
ORD-10861,12.918871615968632,77.5594498302777,2026-08-14 20:49:16.812785226,646.0280436708853,20,20:49:16,2
ORD-10862,12.930230630137611,77.62945907875962,2026-08-14 14:19:10.725099865,494.7768331619537,14,14:19:10,4
ORD-10863,12.9453608352937,77.75434614896606,2026-08-14 16:01:39.093577700,613.8996628403324,16,16:01:39,1
ORD-10864,12.956473280864836,77.70556871568955,2026-08-14 18:29:14.426783502,700.4465829987636,18,18:29:14,1
ORD-10865,12.965709485188992,77.61556861661522,2026-08-14 18:35:45.611912608,453.4455816127774,18,18:35:45,4
ORD-10866,12.892928421260985,77.6528189476756,2026-08-14 17:00:06.458202323,511.09887512904623,17,17:00:06,3
ORD-10867,12.90545976774828,77.60759556258745,2026-08-14 21:52:26.243142363,434.7231158770867,21,21:52:26,3
ORD-10868,12.94647390930535,77.55967973449731,2026-08-14 20:00:19.065789157,358.10913592865904,20,20:00:19,2
ORD-10869,12.929215120076757,77.5718858209924,2026-08-14 19:27:47.749073518,337.05476110013933,19,19:27:47,2
ORD-10870,12.974327880234632,77.66667413130668,2026-08-14 16:51:34.602529434,606.4725558894737,16,16:51:34,4
ORD-10871,12.905761136467715,77.77155884521164,2026-08-14 19:53:19.096221797,511.2940920728472,19,19:53:19,1
ORD-10872,12.952901349197717,77.5782329653764,2026-08-14 13:25:59.837196012,756.990460812158,13,13:25:59,2
ORD-10873,12.961259007674007,77.76031517385158,2026-08-14 19:35:33.393202747,625.8078019385837,19,19:35:33,1
ORD-10874,12.959462616058056,77.55353129549152,2026-08-14 20:09:28.653019270,370.3180515695448,20,20:09:28,2
ORD-10875,12.904188591355757,77.61285972170525,2026-08-14 20:36:17.234858893,606.0513270340157,20,20:36:17,3
ORD-10876,12.941209906903262,77.69754506693026,2026-08-14 16:05:23.084128686,434.2386691346617,16,16:05:23,4
ORD-10877,12.90861979956166,77.56085578882636,2026-08-14 20:33:43.350630223,662.5289563693502,20,20:33:43,2
ORD-10878,12.949279382702043,77.67073485263393,2026-08-14 17:23:47.118571219,407.04991841354695,17,17:23:47,4
ORD-10879,12.938980494234285,77.5927673009196,2026-08-14 17:58:07.771509369,322.1361059635991,17,17:58:07,2
ORD-10880,12.9687297879518,77.64772409664744,2026-08-14 21:47:41.382472404,360.6367384407886,21,21:47:41,4
ORD-10881,12.880687170453154,77.6234498966137,2026-08-14 23:59:59.000000000,368.30026463776295,23,23:59:59,3
ORD-10882,12.97010429486806,77.66586615148955,2026-08-14 20:07:42.228829224,353.9622353072004,20,20:07:42,4
ORD-10883,12.93287428586417,77.61196721938371,2026-08-14 17:57:26.140872238,394.108758659234,17,17:57:26,3
ORD-10884,13.078754583772843,77.55464438239567,2026-08-14 20:28:18.034027590,608.5037805487857,20,20:28:18,5
ORD-10885,12.950550275182236,77.57654906804224,2026-08-14 22:20:51.262417491,749.4066312399277,22,22:20:51,2
ORD-10886,12.953888169529089,77.60106840695362,2026-08-14 21:33:08.978092855,280.47157266697445,21,21:33:08,2
ORD-10887,12.97960041324766,77.64169944647244,2026-08-14 23:59:59.000000000,669.5269564249725,23,23:59:59,4
ORD-10888,12.892387291947832,77.6743619706227,2026-08-14 18:12:41.961878148,408.3444426038357,18,18:12:41,3
ORD-10889,12.98949358432497,77.65538002724097,2026-08-14 20:37:50.083319274,532.1823796803351,20,20:37:50,4
ORD-10890,12.889944424723732,77.5993895115975,2026-08-14 23:52:20.261580764,231.8780954140054,23,23:52:20,3
ORD-10891,12.9329899526092,77.5582701360234,2026-08-14 23:42:55.433133167,558.6052526017284,23,23:42:55,2
ORD-10892,13.095032130036213,77.6020514265104,2026-08-14 15:07:29.298661281,179.20314047759058,15,15:07:29,5
ORD-10893,12.875182818351242,77.76187745344647,2026-08-14 19:59:29.781419640,527.0902608465248,19,19:59:29,1
ORD-10894,12.904414491111394,77.60747757053586,2026-08-14 23:42:40.686892638,518.5884070544005,23,23:42:40,3
ORD-10895,12.9222983221975,77.65274662458123,2026-08-14 23:59:59.000000000,508.6511451443201,23,23:59:59,4
ORD-10896,13.008989072249369,77.75990686067905,2026-08-14 21:45:34.162953757,369.7634774050606,21,21:45:34,1
ORD-10897,12.916024108450165,77.58145319783168,2026-08-14 19:04:49.230356732,562.4290011644466,19,19:04:49,2
ORD-10898,12.935885986580216,77.59641494860473,2026-08-14 17:28:37.171628063,538.6622264125076,17,17:28:37,2
ORD-10899,12.955462502699993,77.64060148133511,2026-08-14 23:59:59.000000000,448.507082453832,23,23:59:59,4
ORD-10900,12.989115443392183,77.66843724231009,2026-08-14 21:49:18.674278192,580.7775460762791,21,21:49:18,4
ORD-10901,12.911201377884346,77.65321044310781,2026-08-14 17:52:47.397658031,465.6593780151742,17,17:52:47,3
ORD-10902,12.901916631591693,77.64885762353293,2026-08-14 19:29:31.592702996,559.3165738363143,19,19:29:31,3
ORD-10903,12.953518503043396,77.55878613718185,2026-08-14 20:46:31.678651458,461.11810089088647,20,20:46:31,2
ORD-10904,12.97960158699441,77.65639015051461,2026-08-14 21:21:34.259884993,512.5052986664311,21,21:21:34,4
ORD-10905,12.866615854895816,77.5766877840679,2026-08-14 17:45:03.432082088,566.2084411612893,17,17:45:03,3
ORD-10906,13.03868546183222,77.58407384304446,2026-08-14 18:27:52.286236871,420.3131139572948,18,18:27:52,5
ORD-10907,12.914519729544883,77.72137378552516,2026-08-14 15:52:03.588938643,294.9245120618707,15,15:52:03,1
ORD-10908,12.983492326453309,77.77036236197199,2026-08-14 22:35:57.860606443,521.4118508322232,22,22:35:57,1
ORD-10909,12.969232190884142,77.7904891823363,2026-08-14 19:08:45.433799067,658.4087067919395,19,19:08:45,1
ORD-10910,12.985508895821074,77.56843905211146,2026-08-14 21:09:56.894842650,524.8726459436169,21,21:09:56,2
ORD-10911,12.959982428130592,77.70089968449773,2026-08-14 23:33:20.326577187,527.7213472044559,23,23:33:20,4
ORD-10912,12.9128151353363,77.64902352167275,2026-08-14 20:32:58.831281366,473.673584025504,20,20:32:58,3
ORD-10913,12.993785152964882,77.79907032640718,2026-08-14 19:43:03.265716458,590.8677979159802,19,19:43:03,1
ORD-10914,12.960999016467037,77.641713492808,2026-08-14 20:29:05.293291955,452.1096875793094,20,20:29:05,4
ORD-10915,12.96303435207432,77.80150547788995,2026-08-14 20:09:28.742434652,411.9151828309707,20,20:09:28,1
ORD-10916,12.969035013839523,77.77475309808315,2026-08-14 23:06:55.484980901,645.7947379312299,23,23:06:55,1
ORD-10917,12.979528932750844,77.57613003299966,2026-08-14 20:46:37.545577849,400.4192522560977,20,20:46:37,2
ORD-10918,13.043443614564046,77.64211021988221,2026-08-14 18:38:20.390823790,613.4206419677623,18,18:38:20,5
ORD-10919,12.930544889262448,77.57826877011229,2026-08-14 22:37:10.641512008,645.8903192936564,22,22:37:10,2
ORD-10920,13.002905246910473,77.5664582437482,2026-08-14 23:04:34.359207225,565.0225398093091,23,23:04:34,5
ORD-10921,12.977156461782814,77.63506023343079,2026-08-14 16:39:15.024358616,292.6146720641051,16,16:39:15,4
ORD-10922,12.906602713369407,77.54762462303722,2026-08-14 23:49:55.054962913,484.07323638337465,23,23:49:55,2
ORD-10923,13.044680805387118,77.53424232607306,2026-08-14 20:54:42.405958876,449.7000004412074,20,20:54:42,5
ORD-10924,12.959723287309622,77.75857635325104,2026-08-14 20:42:29.429551319,405.600111699703,20,20:42:29,1
ORD-10925,12.92575168361112,77.5704792169885,2026-08-14 22:30:59.621684369,501.4127381019641,22,22:30:59,2
ORD-10926,13.02559622846714,77.75362383538823,2026-08-14 18:34:57.212480961,595.3809521246322,18,18:34:57,1
ORD-10927,13.02169032412166,77.58549873124369,2026-08-14 22:23:07.480627718,411.21710098032025,22,22:23:07,5
ORD-10928,12.885799580640825,77.61952133220893,2026-08-14 19:03:29.020772359,454.2925988589489,19,19:03:29,3
ORD-10929,12.962247450578513,77.7087783489703,2026-08-14 16:18:45.443882607,443.84115992520185,16,16:18:45,1
ORD-10930,12.986642449057562,77.60272054219871,2026-08-14 17:30:20.193488038,654.5806568316468,17,17:30:20,5
ORD-10931,12.971390676532154,77.6434858118885,2026-08-14 21:25:03.196496129,441.434907328412,21,21:25:03,4
ORD-10932,12.96074956944656,77.61952616375845,2026-08-14 17:38:10.784940048,294.83915133573817,17,17:38:10,4
ORD-10933,12.909811434453951,77.6555329520309,2026-08-14 23:59:59.000000000,243.9847741514229,23,23:59:59,3
ORD-10934,12.89006817944766,77.62654573182469,2026-08-14 22:58:23.551080957,534.4094349848955,22,22:58:23,3
ORD-10935,13.001741711288917,77.76476009265511,2026-08-14 23:20:00.952494297,365.8977390171147,23,23:20:00,1
ORD-10936,12.933112099080274,77.56494169495994,2026-08-14 20:18:43.007217097,580.3086757908718,20,20:18:43,2
ORD-10937,12.899559630748143,77.58947301183149,2026-08-14 20:38:40.754555655,280.3170017239303,20,20:38:40,3
ORD-10938,12.907648907550454,77.63161758109996,2026-08-14 17:00:56.593311802,399.1631750084088,17,17:00:56,3
ORD-10939,12.99546101930853,77.62828760100301,2026-08-14 22:29:22.051591417,280.4146725719778,22,22:29:22,4
ORD-10940,12.926883722476555,77.82688261192426,2026-08-14 20:56:58.501095333,545.1916073323384,20,20:56:58,1
ORD-10941,12.998461777059395,77.59454000462158,2026-08-14 21:25:05.750627630,577.3271310936975,21,21:25:05,5
ORD-10942,12.954733780407684,77.69288927202,2026-08-14 23:59:59.000000000,530.7937736454901,23,23:59:59,4
ORD-10943,12.98544479646301,77.5891158075128,2026-08-14 18:29:06.333144472,317.1095519394236,18,18:29:06,2
ORD-10944,12.851954891904434,77.63124280364268,2026-08-14 19:41:04.726051104,368.1354383834001,19,19:41:04,3
ORD-10945,12.94798879846738,77.6231293259595,2026-08-14 20:49:00.038293880,515.1470982917331,20,20:49:00,4
ORD-10946,12.91229132501506,77.55276699193341,2026-08-14 17:39:41.081350872,226.8387887813454,17,17:39:41,2
ORD-10947,12.940973678919413,77.63384020693704,2026-08-14 19:31:51.610608508,443.82975834181457,19,19:31:51,4
ORD-10948,12.90721435404933,77.5983020975158,2026-08-14 21:13:56.548294203,707.5358030003822,21,21:13:56,3
ORD-10949,12.9167149490303,77.61060245722923,2026-08-14 19:11:11.208557645,453.0066676229438,19,19:11:11,3
ORD-10950,12.902831619578938,77.5834153717289,2026-08-14 23:16:20.904687562,256.7183041452073,23,23:16:20,3
ORD-10951,12.889987272557436,77.59632359462884,2026-08-14 16:13:21.678943647,388.88861284857967,16,16:13:21,3
ORD-10952,12.948585166049238,77.57857428795815,2026-08-14 22:48:24.941162100,385.3961511483636,22,22:48:24,2
ORD-10953,12.914000963395123,77.58144848777002,2026-08-14 21:39:10.669273344,801.0463169754842,21,21:39:10,2
ORD-10954,12.931333627141385,77.81288328205862,2026-08-14 18:34:40.542711991,729.8518620770843,18,18:34:40,1
ORD-10955,12.939927658197853,77.72656970802282,2026-08-14 17:41:20.322885930,589.6403151152367,17,17:41:20,1
ORD-10956,12.937359221756212,77.65754680304984,2026-08-14 14:47:57.456444818,428.5386103887903,14,14:47:57,4
ORD-10957,12.954551683000982,77.59171927978147,2026-08-14 18:00:43.424888275,660.0944491469584,18,18:00:43,2
ORD-10958,12.9739181045601,77.6315244543001,2026-08-14 22:37:04.589895027,309.9810541424312,22,22:37:04,4
ORD-10959,12.925603869738904,77.59804329769366,2026-08-14 19:51:35.228463492,641.4862972866389,19,19:51:35,2
ORD-10960,12.908970440456503,77.6363218134669,2026-08-14 22:54:26.827923527,619.1960306130065,22,22:54:26,3
ORD-10961,12.897521946950157,77.67368644703514,2026-08-14 18:27:01.160364379,457.2981398026079,18,18:27:01,3
ORD-10962,12.890774811316492,77.67826548704993,2026-08-14 21:46:03.955440959,650.8779470026158,21,21:46:03,3
ORD-10963,12.965903840292077,77.76046800069074,2026-08-14 18:12:22.512581240,412.9168305804225,18,18:12:22,1
ORD-10964,12.99896052183203,77.72794127467485,2026-08-14 17:35:09.824944111,290.23716028526496,17,17:35:09,1
ORD-10965,13.000048693464452,77.65523596506166,2026-08-14 19:43:55.855045464,626.6947519499881,19,19:43:55,4
ORD-10966,12.891400366337232,77.57775780174306,2026-08-14 18:20:15.301398120,467.21356062908114,18,18:20:15,3
ORD-10967,12.925927289566989,77.74247658066723,2026-08-14 16:08:34.600658665,570.2670904948002,16,16:08:34,1
ORD-10968,12.98510124888636,77.61919309994748,2026-08-14 19:32:39.167693547,753.1329887339109,19,19:32:39,4
ORD-10969,12.980030686502015,77.57130072872873,2026-08-14 20:15:57.918747882,371.66188914055545,20,20:15:57,2
ORD-10970,12.92951557532388,77.61444999931979,2026-08-14 23:10:15.227503465,458.4930742740037,23,23:10:15,3
ORD-10971,12.96066196587776,77.6100927846026,2026-08-14 22:20:31.251094198,715.4451756866571,22,22:20:31,2
ORD-10972,12.917666674487222,77.57869614478436,2026-08-14 23:02:59.488793095,580.3097596282926,23,23:02:59,2
ORD-10973,12.912346744545877,77.60525737241267,2026-08-14 21:48:03.217485542,375.0325883693106,21,21:48:03,3
ORD-10974,12.924165678312932,77.63388176496564,2026-08-14 20:49:53.514830550,336.74734446907826,20,20:49:53,3
ORD-10975,12.994831103654482,77.74821084574447,2026-08-14 16:55:39.495841753,400.7879039844981,16,16:55:39,1
ORD-10976,12.972164367576516,77.599615720675,2026-08-14 20:22:28.849781417,369.2377942795682,20,20:22:28,2
ORD-10977,12.917143314040368,77.5921112709825,2026-08-14 21:29:31.143995977,515.6022179234296,21,21:29:31,3
ORD-10978,12.910159673594126,77.57026977246731,2026-08-14 23:38:36.941544334,491.76517607964,23,23:38:36,2
ORD-10979,12.988160090864373,77.56999809966861,2026-08-14 21:42:56.596875586,521.8856631413026,21,21:42:56,2
ORD-10980,12.961476753690093,77.76632509505943,2026-08-14 23:06:03.450911449,353.87807976603267,23,23:06:03,1
ORD-10981,13.054024132374794,77.55921635017418,2026-08-14 17:25:12.018977713,469.3749138712117,17,17:25:12,5
ORD-10982,12.970097077475875,77.66395725312744,2026-08-14 19:11:02.241364667,171.6450339065675,19,19:11:02,4
ORD-10983,12.89565525499735,77.59566570956255,2026-08-14 21:04:24.156422951,501.75094760420495,21,21:04:24,3
ORD-10984,12.958288173910118,77.60496012675607,2026-08-14 22:54:08.574216683,656.3160967433798,22,22:54:08,2
ORD-10985,12.893907771839183,77.54561114733436,2026-08-14 19:38:12.942187450,266.288113598073,19,19:38:12,2
ORD-10986,12.907872063118964,77.56939350724004,2026-08-14 19:47:37.986367658,552.5142345971192,19,19:47:37,2
ORD-10987,12.955330168027723,77.75113386747893,2026-08-14 21:43:04.262754027,388.34784723591554,21,21:43:04,1
ORD-10988,12.986378911141216,77.61433411293203,2026-08-14 17:11:07.162555694,600.3751730540054,17,17:11:07,4
ORD-10989,13.073338962985046,77.64700660567128,2026-08-14 23:59:59.000000000,503.7971176818418,23,23:59:59,5
ORD-10990,13.086000838427324,77.60696641076849,2026-08-14 17:48:07.775162031,540.7056168990662,17,17:48:07,5
ORD-10991,12.847884879825637,77.62622887028914,2026-08-14 15:12:12.695187966,489.72358481331605,15,15:12:12,3
ORD-10992,13.006493996073472,77.74716265130976,2026-08-14 20:01:30.603076703,679.2497709576529,20,20:01:30,1
ORD-10993,13.032660435452634,77.62469417465137,2026-08-14 23:59:59.000000000,532.1115716542654,23,23:59:59,5
ORD-10994,12.989689568200347,77.78802332489221,2026-08-14 21:27:58.078173002,374.1864428996323,21,21:27:58,1
ORD-10995,12.94686794479413,77.53725163252116,2026-08-14 21:52:39.814887033,494.8072578481505,21,21:52:39,2
ORD-10996,12.910430136698537,77.62480088095367,2026-08-14 20:06:12.471860764,424.6678435550926,20,20:06:12,3
ORD-10997,12.90693430309656,77.6166784623167,2026-08-14 19:37:08.602524559,504.3599859779384,19,19:37:08,3
ORD-10998,12.941830729013391,77.70323729083206,2026-08-14 16:08:15.815673662,417.0345431449781,16,16:08:15,4
ORD-10999,13.02865223600963,77.71906458867008,2026-08-14 14:21:05.523678862,378.4783896680528,14,14:21:05,1
ORD-11000,12.940355430013618,77.60068270832825,2026-08-14 20:29:26.451045968,509.8908319122669,20,20:29:26,2
ORD-11001,12.9931230623661,77.61243890770348,2026-08-14 23:16:52.942749062,488.3684442924831,23,23:16:52,5
ORD-11002,12.956309695006464,77.59451714566977,2026-08-14 20:51:37.203343453,639.5933767568771,20,20:51:37,2
ORD-11003,13.019339217223598,77.57412266822463,2026-08-14 21:33:32.395743468,417.7566181300781,21,21:33:32,5
ORD-11004,12.975928882594722,77.58324184297544,2026-08-14 23:57:33.457910756,182.8719228757039,23,23:57:33,2
ORD-11005,12.861720410705392,77.5578638205498,2026-08-14 20:49:18.901662970,425.4193802305031,20,20:49:18,3
ORD-11006,12.881553987103072,77.5778233883099,2026-08-14 19:41:36.104097231,236.03538616251345,19,19:41:36,3
ORD-11007,13.002388366431749,77.61513766326559,2026-08-14 17:57:13.276749149,542.3507961144865,17,17:57:13,5
ORD-11008,12.917483382862011,77.61821698987946,2026-08-14 23:59:59.000000000,228.91531074768187,23,23:59:59,3
ORD-11009,13.002898147107532,77.56777871163266,2026-08-14 21:18:58.930012383,331.7443406378848,21,21:18:58,5
ORD-11010,12.925940893545334,77.63730159951325,2026-08-14 17:38:27.584556726,425.6498312587706,17,17:38:27,4
ORD-11011,12.910445126978292,77.55732830718672,2026-08-14 17:04:19.490989789,711.5925907141717,17,17:04:19,2
ORD-11012,12.94001410650792,77.60012049981984,2026-08-14 23:07:57.573542360,319.0664826427624,23,23:07:57,2
ORD-11013,13.007447704719834,77.63003332065533,2026-08-14 17:24:23.024732325,481.8607474719879,17,17:24:23,5
ORD-11014,12.945290890104037,77.6032584574745,2026-08-14 23:59:59.000000000,566.9964865435888,23,23:59:59,2
ORD-11015,12.938302952755476,77.64125398946123,2026-08-14 13:06:31.834826184,702.6090829831046,13,13:06:31,4
ORD-11016,12.860860251365605,77.638976569015,2026-08-14 23:33:23.356780110,596.6692127582114,23,23:33:23,3
ORD-11017,13.046345535552708,77.60447119767232,2026-08-14 21:13:02.053300458,644.0860427448698,21,21:13:02,5
ORD-11018,12.985670053713148,77.56087757476647,2026-08-14 20:17:47.349807512,609.6460588277312,20,20:17:47,2
ORD-11019,12.93407833770427,77.6256733645836,2026-08-14 19:33:40.874084624,298.6315542905792,19,19:33:40,4
ORD-11020,12.838984312222443,77.56921377602525,2026-08-14 23:59:59.000000000,533.953815647557,23,23:59:59,3
ORD-11021,12.93140937222156,77.77877231273114,2026-08-14 21:46:03.529725611,607.2991428258334,21,21:46:03,1
ORD-11022,12.95842535869894,77.59424127549472,2026-08-14 17:44:31.167519941,336.524956548897,17,17:44:31,2
ORD-11023,13.00724360138995,77.63505477055473,2026-08-14 15:42:09.810395740,393.0360184913966,15,15:42:09,5
ORD-11024,12.969967608433883,77.58320759549211,2026-08-14 20:26:35.674918326,359.5211557309416,20,20:26:35,2
ORD-11025,12.973625241659937,77.58530425783582,2026-08-14 19:59:50.359798163,595.893447895205,19,19:59:50,2
ORD-11026,12.951855766717276,77.56815804141854,2026-08-14 16:12:01.187663620,469.6078319506302,16,16:12:01,2
ORD-11027,13.069975098201931,77.55737478007494,2026-08-14 19:51:41.458270659,431.8731158497354,19,19:51:41,5
ORD-11028,12.931337931084512,77.77405993642942,2026-08-14 18:33:54.588302332,287.74951250205186,18,18:33:54,1
ORD-11029,13.032700952489597,77.58111380043464,2026-08-14 20:01:23.610614760,469.8908620209312,20,20:01:23,5
ORD-11030,12.96635202063664,77.60324585050698,2026-08-14 21:48:53.312504836,394.8617467522877,21,21:48:53,2
ORD-11031,12.964592956099487,77.6435729782525,2026-08-14 23:43:53.489527176,516.5009347896244,23,23:43:53,4
ORD-11032,12.989069982103372,77.67953393735947,2026-08-14 22:16:20.001327324,308.5549202031824,22,22:16:20,4
ORD-11033,12.925325597807314,77.66757460167446,2026-08-14 18:11:47.033251528,506.6859389259301,18,18:11:47,4
ORD-11034,12.901986651028096,77.59275839938472,2026-08-14 20:55:20.236159463,414.1573844251769,20,20:55:20,3
ORD-11035,12.834334045158148,77.66865038706645,2026-08-14 20:09:27.964093428,292.60546113972805,20,20:09:27,3
ORD-11036,12.939560705282336,77.74557135970885,2026-08-14 16:40:10.839408322,280.907394318278,16,16:40:10,1
ORD-11037,12.884738648032512,77.63443078369156,2026-08-14 20:59:44.095062230,303.44694179659587,20,20:59:44,3
ORD-11038,12.922052821874892,77.57883140883484,2026-08-14 23:59:59.000000000,449.0401413839187,23,23:59:59,2
ORD-11039,12.985258189746512,77.69981944913164,2026-08-14 20:04:51.839437683,498.1493151545251,20,20:04:51,1
ORD-11040,12.94229079961396,77.52085888098809,2026-08-14 16:00:52.355882471,520.4735448565772,16,16:00:52,2
ORD-11041,12.985961466073084,77.60324852094021,2026-08-14 20:04:32.418039978,526.1329376592671,20,20:04:32,5
ORD-11042,12.901041238666396,77.69815989963824,2026-08-14 16:57:56.590209241,366.22151085312,16,16:57:56,4
ORD-11043,12.916517087935352,77.59107375863674,2026-08-14 22:09:32.449561977,638.7604362142763,22,22:09:32,3
ORD-11044,12.997621282258574,77.64708637911085,2026-08-14 21:18:43.784925526,413.66617109877706,21,21:18:43,4
ORD-11045,12.88622271380371,77.62959981664413,2026-08-14 19:34:21.809518727,547.5224640089598,19,19:34:21,3
ORD-11046,12.96142488949078,77.60358823996914,2026-08-14 19:10:19.521607298,455.3766849759275,19,19:10:19,2
ORD-11047,12.882856046222562,77.62406955427421,2026-08-14 19:28:09.891285460,536.3431847554563,19,19:28:09,3
ORD-11048,12.921850401381503,77.56764824260603,2026-08-14 20:01:14.470449081,447.85079007826295,20,20:01:14,2
ORD-11049,12.950681090385755,77.5982244637548,2026-08-14 18:04:09.884807926,539.045231486185,18,18:04:09,2
ORD-11050,12.88758008583473,77.58671790396224,2026-08-14 16:31:50.222270987,478.8916695179514,16,16:31:50,3
ORD-11051,12.98510895323991,77.55341742696349,2026-08-14 22:50:48.290520252,602.0760855976033,22,22:50:48,2
ORD-11052,12.960383171384688,77.52093316017783,2026-08-14 19:02:11.391211527,357.19724351832025,19,19:02:11,2
ORD-11053,13.015566028944953,77.58796970123308,2026-08-14 20:25:03.387937522,214.5162996164132,20,20:25:03,5
ORD-11054,12.956132170057185,77.62102288342571,2026-08-14 20:42:47.537560507,333.9963870848855,20,20:42:47,4
ORD-11055,13.035287606880784,77.72021905688364,2026-08-14 20:48:18.184316897,640.337762285705,20,20:48:18,1
ORD-11056,13.121242760286515,77.61229943729059,2026-08-14 17:03:55.638026114,456.8161770168391,17,17:03:55,5
ORD-11057,12.97302192980592,77.76666841236857,2026-08-14 15:48:37.438519033,493.80934433198433,15,15:48:37,1
ORD-11058,13.060147471223818,77.5598242448624,2026-08-14 18:31:41.767277772,321.954507893042,18,18:31:41,5
ORD-11059,12.877385372837226,77.58367968311998,2026-08-14 20:59:21.403791753,489.8330587725418,20,20:59:21,3
ORD-11060,12.92902501014376,77.52249801063155,2026-08-14 18:10:48.451192731,326.5781033890956,18,18:10:48,2
ORD-11061,12.979181873376152,77.70007414966948,2026-08-14 19:06:45.707816707,348.63280874208675,19,19:06:45,1
ORD-11062,13.041099258671869,77.58675600893586,2026-08-14 23:59:59.000000000,419.627447576418,23,23:59:59,5
ORD-11063,12.948164384296073,77.7814479096593,2026-08-14 15:23:11.185036759,546.7645886763219,15,15:23:11,1
ORD-11064,12.940895852936668,77.81462385722098,2026-08-14 18:06:44.694036806,562.7771370963765,18,18:06:44,1
ORD-11065,12.984267591170005,77.61908627795316,2026-08-14 23:59:59.000000000,566.8567346906756,23,23:59:59,4
ORD-11066,12.934796971917317,77.66057309328845,2026-08-14 19:53:18.611952043,241.7873827433439,19,19:53:18,4
ORD-11067,12.973517947577957,77.59629028941292,2026-08-14 18:14:06.133510510,479.0003249414608,18,18:14:06,2
ORD-11068,12.951370570340217,77.70371783978608,2026-08-14 22:55:18.920253100,450.4827249925896,22,22:55:18,1
ORD-11069,12.984117272841692,77.773331975921,2026-08-14 20:08:17.073928330,250.17263758778168,20,20:08:17,1
ORD-11070,12.922552602674855,77.73406803833143,2026-08-14 19:07:45.224444604,482.39756500832976,19,19:07:45,1
ORD-11071,12.888046112884652,77.59304200664147,2026-08-14 20:28:51.320343338,442.4359173844858,20,20:28:51,3
ORD-11072,12.95448559710792,77.59882812766625,2026-08-14 18:21:17.020715555,556.7288508176831,18,18:21:17,2
ORD-11073,12.924671091538867,77.56754408952185,2026-08-14 17:27:22.580434007,492.1870614359704,17,17:27:22,2
ORD-11074,12.984944657340364,77.63925043380543,2026-08-14 19:42:57.627651287,397.6019204575121,19,19:42:57,4
ORD-11075,12.94428642624884,77.74338449958111,2026-08-14 17:28:21.027359316,618.8643675685466,17,17:28:21,1
ORD-11076,12.97611032081762,77.72147961478818,2026-08-14 20:01:36.239806168,146.81497488373134,20,20:01:36,1
ORD-11077,12.86493081095994,77.67329510514404,2026-08-14 20:53:09.659107269,470.3602307355585,20,20:53:09,3
ORD-11078,12.91303545533514,77.62111339638845,2026-08-14 22:07:57.544104464,215.5123602012096,22,22:07:57,3
ORD-11079,12.96327939072571,77.70641693156496,2026-08-14 22:49:11.324869651,343.17100931908203,22,22:49:11,1
ORD-11080,12.99224297425389,77.61274395248043,2026-08-14 18:59:08.371485310,558.7220554514024,18,18:59:08,5
ORD-11081,12.910435670014706,77.60564233933981,2026-08-14 21:14:54.731471452,288.8703779338796,21,21:14:54,3
ORD-11082,12.944592579264762,77.71060207612697,2026-08-14 21:13:52.711015857,266.4423271944098,21,21:13:52,1
ORD-11083,12.926454802337537,77.53129240595331,2026-08-14 20:49:10.368442344,837.2917475123436,20,20:49:10,2
ORD-11084,12.961038264827916,77.58482510276116,2026-08-14 18:48:04.865301446,276.10664228697533,18,18:48:04,2
ORD-11085,12.986385224051553,77.57828339858189,2026-08-14 17:25:47.389687823,727.578135463196,17,17:25:47,2
ORD-11086,12.90374786230259,77.62016473668086,2026-08-14 21:15:18.017001599,454.1696753131109,21,21:15:18,3
ORD-11087,12.894458227865796,77.61197033479553,2026-08-14 15:43:58.236940263,401.2756317841537,15,15:43:58,3
ORD-11088,12.948313527014257,77.60963009162931,2026-08-14 19:19:49.445106885,565.0179585882307,19,19:19:49,2
ORD-11089,12.861355661578102,77.6713764306318,2026-08-14 13:36:57.320859163,680.4891113316748,13,13:36:57,3
ORD-11090,12.903871143639618,77.62361816193072,2026-08-14 16:39:32.378189776,308.08980868375073,16,16:39:32,3
ORD-11091,12.9540077312488,77.56509001027193,2026-08-14 17:48:25.794553973,403.4625315407204,17,17:48:25,2
ORD-11092,12.878505606751451,77.69971760357745,2026-08-14 22:44:30.517868664,607.0304602026379,22,22:44:30,3
ORD-11093,13.03288240796745,77.59349685203351,2026-08-14 21:43:12.972219638,523.19914686405,21,21:43:12,5
ORD-11094,12.944208058724607,77.60242037589684,2026-08-14 18:36:54.587845420,645.2876745962074,18,18:36:54,2
ORD-11095,12.950332344997012,77.5993986334747,2026-08-14 21:49:24.328156168,557.2667931647669,21,21:49:24,2
ORD-11096,12.864067618249557,77.57824554747211,2026-08-14 22:13:08.606670424,751.2336013723723,22,22:13:08,3
ORD-11097,12.935938246174771,77.5849126467574,2026-08-14 19:35:54.016364628,506.7882898250475,19,19:35:54,2
ORD-11098,13.033445288728029,77.55938686361985,2026-08-14 16:32:20.596702077,513.2716722496443,16,16:32:20,5
ORD-11099,12.942417612712427,77.77986078572447,2026-08-14 19:28:48.789209405,528.2582058023698,19,19:28:48,1
ORD-11100,12.943861819167404,77.62416174525403,2026-08-14 19:45:18.968353451,458.6266722410163,19,19:45:18,4
ORD-11101,13.009163739057474,77.65762130076716,2026-08-14 16:55:07.910482528,607.2130738201387,16,16:55:07,4
ORD-11102,12.978529715193798,77.56680492581897,2026-08-14 20:55:03.421136370,515.5561835794539,20,20:55:03,2
ORD-11103,12.912862775751536,77.5373611756763,2026-08-14 20:41:58.306688721,598.2270013717716,20,20:41:58,2
ORD-11104,12.963385674891963,77.67456694630059,2026-08-14 21:06:45.384299048,621.674978043624,21,21:06:45,4
ORD-11105,12.980699558029174,77.65811068088303,2026-08-14 20:41:50.307874507,544.2682022340491,20,20:41:50,4
ORD-11106,12.907003284670768,77.78791008244312,2026-08-14 21:49:28.587316035,555.2574486351295,21,21:49:28,1
ORD-11107,12.971451848185476,77.62843410634427,2026-08-14 19:33:06.047749143,328.45053186052,19,19:33:06,4
ORD-11108,12.903727541570014,77.63468866598768,2026-08-14 20:30:16.065966339,397.4469618270268,20,20:30:16,3
ORD-11109,12.88856430782369,77.66549086714471,2026-08-14 19:00:20.337441790,606.5075179486097,19,19:00:20,3
ORD-11110,12.984525883886327,77.57360407812013,2026-08-14 18:32:19.507059402,693.544677272777,18,18:32:19,2
ORD-11111,12.900266688028085,77.5631000301512,2026-08-14 23:20:44.246676859,188.935466173746,23,23:20:44,2
ORD-11112,12.938508464865595,77.6877131191243,2026-08-14 14:53:26.081686262,394.8205279122878,14,14:53:26,4
ORD-11113,13.0649416827812,77.59800045254802,2026-08-14 22:11:30.839902388,483.5430903621975,22,22:11:30,5
ORD-11114,13.010683844627364,77.6027233123275,2026-08-14 18:26:55.132120989,348.1088306878983,18,18:26:55,5
ORD-11115,12.989060911816887,77.58262479721054,2026-08-14 18:07:29.656401212,356.6220533727476,18,18:07:29,2
ORD-11116,12.942027692389791,77.64331175466123,2026-08-14 20:39:14.197356589,551.2379810690707,20,20:39:14,4
ORD-11117,12.907653909489328,77.58018769950374,2026-08-14 16:16:33.513488841,717.206395375715,16,16:16:33,3
ORD-11118,12.967754945835088,77.77892411610657,2026-08-14 17:57:35.792352484,175.22646655167887,17,17:57:35,1
ORD-11119,12.89788887399303,77.62269602269873,2026-08-14 17:52:37.743181383,454.4285776527456,17,17:52:37,3
ORD-11120,12.994820191416844,77.62364210534051,2026-08-14 19:26:47.415676334,549.4920512685582,19,19:26:47,5
ORD-11121,13.025621266711106,77.64165511440623,2026-08-14 17:59:22.760806554,597.0320958300363,17,17:59:22,5
ORD-11122,12.93913491472901,77.6179782658346,2026-08-14 23:59:59.000000000,527.8691014603558,23,23:59:59,4
ORD-11123,13.090408943533582,77.5286938980491,2026-08-14 23:59:59.000000000,744.2103824904173,23,23:59:59,5
ORD-11124,12.870559554253257,77.65593054354909,2026-08-14 14:56:42.058295267,484.3359889988691,14,14:56:42,3
ORD-11125,12.961908872548092,77.57108977237597,2026-08-14 21:21:38.904342892,676.7989185588146,21,21:21:38,2
ORD-11126,12.891304365455154,77.60507441544596,2026-08-14 22:08:47.970951698,383.0448494481046,22,22:08:47,3
ORD-11127,12.920717075080166,77.82318829954563,2026-08-14 21:21:26.866821520,488.69744198832745,21,21:21:26,1
ORD-11128,12.96901473818068,77.7479717310383,2026-08-14 18:21:16.978562175,298.0927386301724,18,18:21:16,1
ORD-11129,12.990382683630871,77.78368208092434,2026-08-14 19:23:23.139940573,615.1296660823491,19,19:23:23,1
ORD-11130,12.949706085479413,77.64767676803677,2026-08-14 18:07:45.528107000,461.9335706038236,18,18:07:45,4
ORD-11131,12.94952040572232,77.58417466182651,2026-08-14 18:56:57.623719571,533.6731593779847,18,18:56:57,2
ORD-11132,12.96211610794048,77.6060413828426,2026-08-14 16:58:30.314741995,432.9947053072389,16,16:58:30,2
ORD-11133,12.935021267879048,77.63845673175487,2026-08-14 19:42:46.900605289,567.9642752488523,19,19:42:46,4
ORD-11134,12.944081477880864,77.54788116631704,2026-08-14 16:14:34.784598254,539.6150960783629,16,16:14:34,2
ORD-11135,12.960216097746112,77.61631965797518,2026-08-14 19:29:58.789011947,330.80228550431906,19,19:29:58,4
ORD-11136,12.952661019880251,77.61009260923241,2026-08-14 16:52:42.764798102,339.48488511254845,16,16:52:42,2
ORD-11137,13.027877027139173,77.64197087766674,2026-08-14 20:31:01.347256123,475.8346904487972,20,20:31:01,5
ORD-11138,13.01873000819136,77.64512846117081,2026-08-14 18:18:05.223951514,578.9360936109986,18,18:18:05,5
ORD-11139,12.98179826446856,77.59572647804629,2026-08-14 20:43:35.223130871,759.4343329670771,20,20:43:35,2
ORD-11140,13.066348597911242,77.62262283330016,2026-08-14 22:42:14.226555283,525.4486284998593,22,22:42:14,5
ORD-11141,12.95898268171416,77.7641688193083,2026-08-14 23:58:25.022424942,631.129710373281,23,23:58:25,1
ORD-11142,12.91537162366254,77.5802123482039,2026-08-14 13:40:47.958698816,238.07235978537472,13,13:40:47,2
ORD-11143,13.016766125948172,77.59653197348855,2026-08-14 17:54:52.253155136,781.9433774150973,17,17:54:52,5
ORD-11144,13.04150478901946,77.69310777054301,2026-08-14 19:14:32.225305992,570.8529316693789,19,19:14:32,1
ORD-11145,12.908412742950482,77.58404235928417,2026-08-14 21:09:02.950365433,472.5593233261831,21,21:09:02,3
ORD-11146,13.075608338417013,77.61098142804107,2026-08-14 15:52:26.809462609,455.2955928813112,15,15:52:26,5
ORD-11147,12.927466546396326,77.5706457672606,2026-08-14 17:32:41.168338798,313.92003032115025,17,17:32:41,2
ORD-11148,12.887407051096968,77.59418766311015,2026-08-14 20:19:33.214823914,356.80698064197435,20,20:19:33,3
ORD-11149,12.880156290216355,77.56428427873986,2026-08-14 20:12:43.994173740,766.5653448200121,20,20:12:43,3
ORD-11150,12.934132106518003,77.57571865047032,2026-08-14 20:56:38.565657781,331.6493342570981,20,20:56:38,2
ORD-11151,13.091987458682665,77.63983777204832,2026-08-14 21:06:33.081541993,328.75983632004824,21,21:06:33,5
ORD-11152,12.86160030005816,77.57746700648863,2026-08-14 20:50:47.349898043,374.6669270886632,20,20:50:47,3
ORD-11153,12.836597796442678,77.58270930231082,2026-08-14 20:29:02.897849683,300.27288705580906,20,20:29:02,3
ORD-11154,12.943423596680034,77.59561367702038,2026-08-14 20:08:21.657959937,482.2959862268265,20,20:08:21,2
ORD-11155,13.05192790352656,77.54371829886013,2026-08-14 21:39:42.867807519,643.3365768997858,21,21:39:42,5
ORD-11156,12.963129133910368,77.60507117702251,2026-08-14 14:24:06.096000922,388.426151059195,14,14:24:06,2
ORD-11157,12.9283259388799,77.57964939245124,2026-08-14 23:51:39.001382741,274.0013580358768,23,23:51:39,2
ORD-11158,12.883395801768769,77.54254204838911,2026-08-14 14:29:19.661542077,523.779196952198,14,14:29:19,2
ORD-11159,12.96907280641512,77.63846472551256,2026-08-14 17:18:07.543647860,471.633849348028,17,17:18:07,4
ORD-11160,13.07255171645437,77.60836303824259,2026-08-14 19:25:59.152830149,630.4086825122437,19,19:25:59,5
ORD-11161,12.940204672218323,77.56408962834666,2026-08-14 21:40:53.516019809,411.8237551046594,21,21:40:53,2
ORD-11162,12.96033716561336,77.74904154878587,2026-08-14 12:30:42.597982803,440.9764830559988,12,12:30:42,1
ORD-11163,12.98495875193954,77.63414348212346,2026-08-14 19:55:46.881084523,457.57044531850966,19,19:55:46,4
ORD-11164,12.988962141359831,77.64541381970632,2026-08-14 21:58:51.555354742,493.3506165830223,21,21:58:51,4
ORD-11165,13.010904387056769,77.60109934756524,2026-08-14 22:29:10.663044256,421.1157483963616,22,22:29:10,5
ORD-11166,13.044067827619248,77.56412955505802,2026-08-14 18:15:24.033073523,396.80338379309865,18,18:15:24,5
ORD-11167,12.958146441819247,77.5873981552213,2026-08-14 19:14:52.482417405,202.44334726772377,19,19:14:52,2
ORD-11168,12.991396694139778,77.55167408161131,2026-08-14 18:27:34.666839966,395.1919186319825,18,18:27:34,2
ORD-11169,13.01200364472506,77.71721216677642,2026-08-14 19:01:05.928118265,587.2834902122628,19,19:01:05,1
ORD-11170,12.868577228445565,77.65139797455134,2026-08-14 17:25:13.561043444,607.5368279053329,17,17:25:13,3
ORD-11171,13.004016432423205,77.68470815458333,2026-08-14 17:46:36.730537762,409.3330464613049,17,17:46:36,4
ORD-11172,12.944624568164096,77.6821945750608,2026-08-14 21:05:09.392298255,674.9228997272643,21,21:05:09,4
ORD-11173,12.989355334293055,77.74452329183569,2026-08-14 20:19:44.538359455,475.6943892449468,20,20:19:44,1
ORD-11174,12.928602423206248,77.65362141949211,2026-08-14 21:13:44.278568314,279.32304422760785,21,21:13:44,4
ORD-11175,12.944321863615896,77.5717838996114,2026-08-14 20:32:06.129507307,232.1423915318616,20,20:32:06,2
ORD-11176,13.024986399489071,77.52333960204321,2026-08-14 21:45:39.047410328,662.7386883929589,21,21:45:39,5
ORD-11177,12.940032744294614,77.55848549536171,2026-08-14 22:11:43.925983395,424.04944121083895,22,22:11:43,2
ORD-11178,13.03765707595264,77.62728514146472,2026-08-14 15:38:44.550421205,297.8903215391132,15,15:38:44,5
ORD-11179,12.954909323877466,77.65329905545654,2026-08-14 17:51:51.213146271,141.10857428466977,17,17:51:51,4
ORD-11180,12.927282468520351,77.68249412385711,2026-08-14 19:25:17.616382590,420.6425833687285,19,19:25:17,4
ORD-11181,12.993429796974242,77.68993883630912,2026-08-14 19:56:35.902270614,540.7126288494542,19,19:56:35,4
ORD-11182,13.01147780046642,77.60786891500736,2026-08-14 18:19:29.184835638,375.3463283930693,18,18:19:29,5
ORD-11183,12.897188059224552,77.53365194818255,2026-08-14 22:16:48.213038895,322.0132259799193,22,22:16:48,2
ORD-11184,12.927499369031912,77.62004075946635,2026-08-14 23:59:59.000000000,397.59363470899086,23,23:59:59,3
ORD-11185,12.931492593498888,77.57247713453215,2026-08-14 20:27:55.457600236,666.4788028717284,20,20:27:55,2
ORD-11186,12.938762885854027,77.59653295585679,2026-08-14 20:12:39.069289784,271.0527573487214,20,20:12:39,2
ORD-11187,12.867476255896584,77.61927234765226,2026-08-14 22:07:25.106295939,383.7448454366224,22,22:07:25,3
ORD-11188,12.886938282131934,77.7623819720812,2026-08-14 15:20:07.442203169,661.6136609426386,15,15:20:07,1
ORD-11189,12.882324491940109,77.61581761242205,2026-08-14 20:04:16.220463946,554.126443413563,20,20:04:16,3
ORD-11190,12.981192624353362,77.59129379566562,2026-08-14 22:26:51.322429208,506.8691720668435,22,22:26:51,2
ORD-11191,13.008743969047924,77.57943136516599,2026-08-14 18:23:31.614025190,382.7330796875627,18,18:23:31,5
ORD-11192,13.031161818072295,77.73721965853807,2026-08-14 16:56:00.954780882,484.5757221750642,16,16:56:00,1
ORD-11193,12.887182745507266,77.63415334576383,2026-08-14 19:32:07.749509102,399.3256397320049,19,19:32:07,3
ORD-11194,12.919947359463173,77.59504926700548,2026-08-14 19:50:53.831101183,351.09208033938734,19,19:50:53,3
ORD-11195,12.911175605225369,77.5813387713736,2026-08-14 17:43:42.129462761,317.99137870473896,17,17:43:42,3
ORD-11196,13.025376304593571,77.57310692890891,2026-08-14 23:59:59.000000000,597.6143394558748,23,23:59:59,5
ORD-11197,12.979207823063266,77.66267162581289,2026-08-14 18:48:11.732570928,470.9390801675797,18,18:48:11,4
ORD-11198,12.923370700124714,77.65594528093018,2026-08-14 17:06:57.065837161,527.1770615704044,17,17:06:57,4
ORD-11199,12.932597913458451,77.61804069952349,2026-08-14 19:45:57.408128364,502.7509778702105,19,19:45:57,3
ORD-11200,13.056531534145469,77.6004759835233,2026-08-14 22:16:10.745739340,546.1378241712539,22,22:16:10,5
ORD-11201,12.921535694160184,77.64256504138552,2026-08-14 20:02:36.728240984,441.79218150211625,20,20:02:36,4
ORD-11202,12.912361509737416,77.60310879967932,2026-08-14 21:12:50.345280396,407.7513823418138,21,21:12:50,3
ORD-11203,12.951320209238204,77.79735742060582,2026-08-14 17:49:16.404651002,357.7079505913316,17,17:49:16,1
ORD-11204,12.8588644275405,77.60844595921671,2026-08-14 23:43:09.196017632,267.9046299889329,23,23:43:09,3
ORD-11205,13.036999513497008,77.53816953392666,2026-08-14 21:24:15.399251266,311.69502440656254,21,21:24:15,5
ORD-11206,12.92744043726976,77.6267513197141,2026-08-14 22:37:09.314119898,425.1873418349668,22,22:37:09,3
ORD-11207,12.990437373097508,77.65718601779342,2026-08-14 20:54:46.445692277,239.54407733467824,20,20:54:46,4
ORD-11208,13.017623629414905,77.72417921533604,2026-08-14 22:03:43.956339559,272.65711437959544,22,22:03:43,1
ORD-11209,13.002429871136362,77.66673758232388,2026-08-14 17:49:02.526962905,636.3209838952766,17,17:49:02,4
ORD-11210,12.939115602003325,77.77311609833231,2026-08-14 18:46:17.306249794,513.6269227280688,18,18:46:17,1
ORD-11211,12.958107736568069,77.52210179872317,2026-08-14 23:21:58.325360004,412.2244907694719,23,23:21:58,2
ORD-11212,12.976070967393472,77.59737342629442,2026-08-14 23:53:57.677525556,820.7361688356841,23,23:53:57,2
ORD-11213,13.005892728804168,77.5828926946187,2026-08-14 17:07:56.409602528,232.7625421930457,17,17:07:56,5
ORD-11214,12.92612828538646,77.60809553562123,2026-08-14 20:37:27.624610774,626.3416914692733,20,20:37:27,3
ORD-11215,12.95438234236475,77.5776178721715,2026-08-14 18:55:21.505795632,463.2800875830876,18,18:55:21,2
ORD-11216,12.909216477034924,77.62044010246875,2026-08-14 18:15:26.716775716,597.7570534369218,18,18:15:26,3
ORD-11217,12.983026055243055,77.60611656115552,2026-08-14 20:42:43.557258199,496.3430575906211,20,20:42:43,2
ORD-11218,12.954582779228158,77.61144943090746,2026-08-14 22:51:08.666391289,199.16324066321133,22,22:51:08,4
ORD-11219,12.952871947689683,77.741364645156,2026-08-14 21:07:44.962259558,494.31907013382425,21,21:07:44,1
ORD-11220,12.97250531007899,77.66192760086362,2026-08-14 19:12:04.387950729,530.3333781959398,19,19:12:04,4
ORD-11221,12.98331139436518,77.63708882966903,2026-08-14 21:17:13.750619416,151.20220522133792,21,21:17:13,4
ORD-11222,13.01134771875596,77.71623235918297,2026-08-14 19:06:00.214437772,771.6072440702848,19,19:06:00,1
ORD-11223,12.913387932191508,77.55754941130273,2026-08-14 21:01:49.028706575,526.6811391259158,21,21:01:49,2
ORD-11224,12.98080556068062,77.73743645651872,2026-08-14 23:29:28.191304102,580.7981610204744,23,23:29:28,1
ORD-11225,12.942142052796198,77.57751494009287,2026-08-14 14:48:25.563066293,305.1705915635532,14,14:48:25,2
ORD-11226,12.971306084066244,77.77404002688543,2026-08-14 21:59:35.270686860,583.5926283218428,21,21:59:35,1
ORD-11227,12.897514402873576,77.82425709575655,2026-08-14 16:09:08.505705866,643.4256689344584,16,16:09:08,1
ORD-11228,12.968489684029205,77.56992360302134,2026-08-14 23:04:14.949394900,518.0352342206769,23,23:04:14,2
ORD-11229,12.975333286450187,77.75117052137907,2026-08-14 18:24:26.769511144,478.5942662218853,18,18:24:26,1
ORD-11230,12.925033696714962,77.61759168895243,2026-08-14 16:57:20.957601542,345.9617812652375,16,16:57:20,3
ORD-11231,12.961360573999947,77.63492566668583,2026-08-14 21:44:17.423043799,447.56896233250114,21,21:44:17,4
ORD-11232,12.950955447188132,77.62084745426966,2026-08-14 20:54:37.530568281,403.195572861108,20,20:54:37,4
ORD-11233,12.997342179723402,77.57272813935748,2026-08-14 17:30:07.317873345,565.7993456089026,17,17:30:07,5
ORD-11234,12.921487808597558,77.61237586209161,2026-08-14 16:52:03.002185484,352.5186112323896,16,16:52:03,3
ORD-11235,12.99826481421226,77.72046511429014,2026-08-14 19:31:52.666612578,564.6976082255336,19,19:31:52,1
ORD-11236,12.86687145891612,77.58838880556343,2026-08-14 16:59:23.217448459,354.15216559055153,16,16:59:23,3
ORD-11237,12.981443067227652,77.64673597933067,2026-08-14 17:20:46.743243687,440.64711687599726,17,17:20:46,4
ORD-11238,12.933937328378622,77.68121428183508,2026-08-14 20:17:20.587113793,572.4066595519225,20,20:17:20,4
ORD-11239,13.018059502740948,77.61127822893671,2026-08-14 17:35:07.155291704,374.4304920020934,17,17:35:07,5
ORD-11240,12.882717022317737,77.56865589717692,2026-08-14 21:03:58.853610239,577.5804733466402,21,21:03:58,3
ORD-11241,13.036290173858,77.61673257562524,2026-08-14 23:43:31.292362951,562.9491236507052,23,23:43:31,5
ORD-11242,13.015101184455668,77.65143194869515,2026-08-14 19:37:43.001265895,439.3573989934585,19,19:37:43,5
ORD-11243,12.996791368974716,77.53612781967395,2026-08-14 20:19:31.359557870,654.2674802033685,20,20:19:31,2
ORD-11244,13.074534864850056,77.51738826390778,2026-08-14 23:59:59.000000000,491.6676512965672,23,23:59:59,5
ORD-11245,12.909455458089456,77.71921883952228,2026-08-14 17:01:51.589943604,645.3414789878025,17,17:01:51,1
ORD-11246,12.934778475646402,77.58527313222562,2026-08-14 22:58:41.116756627,749.0197387315768,22,22:58:41,2
ORD-11247,12.933191088767462,77.62272197239831,2026-08-14 22:40:37.718381212,443.8048467448033,22,22:40:37,4
ORD-11248,12.933522747912358,77.60607920437558,2026-08-14 22:08:08.856052564,576.7432476041095,22,22:08:08,2
ORD-11249,12.88023110910713,77.6691641819333,2026-08-14 23:13:45.730656594,384.3648112015687,23,23:13:45,3
ORD-11250,13.04437899995304,77.62243779162405,2026-08-14 20:42:05.174693628,325.0778385737703,20,20:42:05,5
ORD-11251,12.949614771008552,77.63962337479484,2026-08-14 18:32:33.634539607,450.6810513920357,18,18:32:33,4
ORD-11252,12.926203165691543,77.63421433797227,2026-08-14 22:44:11.159620985,275.6099580375805,22,22:44:11,4
ORD-11253,12.902541287298453,77.58960739307592,2026-08-14 22:49:55.579905416,339.3588330529035,22,22:49:55,3
ORD-11254,12.940687185725851,77.59457376094275,2026-08-14 22:45:47.825113440,568.7148898981602,22,22:45:47,2
ORD-11255,12.939916191937346,77.72748858302906,2026-08-14 20:06:40.518740873,402.95264768267424,20,20:06:40,1
ORD-11256,12.95966335751011,77.60248367485787,2026-08-14 18:12:34.249377480,586.5771130682792,18,18:12:34,2
ORD-11257,12.967482077393925,77.59512597126005,2026-08-14 20:28:42.260287004,524.9117907026231,20,20:28:42,2
ORD-11258,12.86809278898964,77.57301057581192,2026-08-14 22:21:20.070158111,757.6731093028673,22,22:21:20,3
ORD-11259,12.983369726123666,77.56880397235966,2026-08-14 22:33:39.166108740,558.6505928364069,22,22:33:39,2
ORD-11260,13.006785371894814,77.78383824864876,2026-08-14 18:55:32.914856329,647.1327105418972,18,18:55:32,1
ORD-11261,13.06097090332244,77.66069201255594,2026-08-14 20:47:18.356065147,540.282699469132,20,20:47:18,5
ORD-11262,12.966891873528988,77.77271086740663,2026-08-14 16:43:40.995259626,526.7090251617109,16,16:43:40,1
ORD-11263,12.95114596581914,77.6804329469504,2026-08-14 22:27:44.550927053,654.7099563169972,22,22:27:44,4
ORD-11264,13.00462717783526,77.62491581520813,2026-08-14 18:02:30.221189474,580.3196198797897,18,18:02:30,5
ORD-11265,12.948730518046682,77.67207541597777,2026-08-14 21:57:47.298236144,511.50954194361424,21,21:57:47,4
ORD-11266,12.964650117331503,77.72701815752201,2026-08-14 17:07:36.258803489,510.8481998894577,17,17:07:36,1
ORD-11267,13.00218964128524,77.59734537361292,2026-08-14 22:34:42.743157906,560.7343967745624,22,22:34:42,5
ORD-11268,12.923004805737586,77.58090050299262,2026-08-14 20:48:16.516710205,379.2939720810173,20,20:48:16,2
ORD-11269,12.90968147480728,77.75826498434577,2026-08-14 18:02:47.780739447,372.9300800791953,18,18:02:47,1
ORD-11270,12.9482736714523,77.60219676378235,2026-08-14 21:43:42.207429725,693.8108898559399,21,21:43:42,2
ORD-11271,12.97817503318456,77.55826292861045,2026-08-14 18:31:26.744773752,759.6620495789996,18,18:31:26,2
ORD-11272,12.998885344076191,77.59464693924814,2026-08-14 21:52:25.995337006,340.6676312384751,21,21:52:25,5
ORD-11273,12.932309259862706,77.65144890559674,2026-08-14 19:18:52.996721574,379.6508351340444,19,19:18:52,4
ORD-11274,12.944476301157762,77.64248329828852,2026-08-14 15:41:50.575869333,651.3784229256217,15,15:41:50,4
ORD-11275,13.004042093687788,77.6231299590561,2026-08-14 17:32:38.253835672,560.0279989713595,17,17:32:38,5
ORD-11276,12.978939864706453,77.58752260252811,2026-08-14 18:55:26.267621814,581.4642157981383,18,18:55:26,2
ORD-11277,13.016032753941367,77.67745467429958,2026-08-14 23:25:13.701213737,614.4901942279586,23,23:25:13,4
ORD-11278,12.965420304806646,77.62395529188954,2026-08-14 22:15:10.292674763,443.8901757383887,22,22:15:10,4
ORD-11279,12.868201287056529,77.57213954997218,2026-08-14 23:59:59.000000000,529.4954887485279,23,23:59:59,3
ORD-11280,12.89469293938104,77.57586107716789,2026-08-14 23:59:59.000000000,517.8288226047138,23,23:59:59,3
ORD-11281,12.920878505159148,77.59543627940675,2026-08-14 18:39:47.242758682,351.2262599631809,18,18:39:47,3
ORD-11282,12.942738579658224,77.55754199481133,2026-08-14 19:31:43.618262171,527.2636414823555,19,19:31:43,2
ORD-11283,12.910157045508017,77.66375247241474,2026-08-14 18:58:18.480681025,665.6566044224502,18,18:58:18,4
ORD-11284,12.946664123088038,77.73197714527484,2026-08-14 18:19:16.404552290,429.8800141734958,18,18:19:16,1
ORD-11285,12.955615583474186,77.60646477298333,2026-08-14 15:23:46.547615972,502.8853873111401,15,15:23:46,2
ORD-11286,12.951168732098498,77.51793702112649,2026-08-14 19:57:47.270537848,511.0063374016284,19,19:57:47,2
ORD-11287,13.005557232483966,77.80027288119854,2026-08-14 16:47:09.909656600,437.3003174347094,16,16:47:09,1
ORD-11288,12.898443471192342,77.59046956143428,2026-08-14 19:54:52.453066191,581.5351856541537,19,19:54:52,3
ORD-11289,12.91944113142776,77.59803985931902,2026-08-14 23:59:59.000000000,377.9901553117519,23,23:59:59,3
ORD-11290,12.977637440588133,77.68187161497744,2026-08-14 18:43:35.894133024,679.8968278043901,18,18:43:35,4
ORD-11291,12.896072533718714,77.67837190200612,2026-08-14 20:29:12.966050653,573.9308342448368,20,20:29:12,3
ORD-11292,12.93911230114282,77.6381199897336,2026-08-14 22:15:59.835472284,339.4847098990658,22,22:15:59,4
ORD-11293,12.929036836845656,77.54677562998941,2026-08-14 20:42:02.621627693,734.701452732938,20,20:42:02,2
ORD-11294,13.058036521832568,77.59288164442324,2026-08-14 20:43:52.357691481,505.2152191892393,20,20:43:52,5
ORD-11295,12.91925865303126,77.63307349826101,2026-08-14 19:05:38.378096807,371.55787241474223,19,19:05:38,3
ORD-11296,12.951812171994838,77.64926571376911,2026-08-14 19:25:13.098224449,645.6831787486786,19,19:25:13,4
ORD-11297,12.97643884966418,77.63878475694725,2026-08-14 17:35:59.905300310,554.2007279172037,17,17:35:59,4
ORD-11298,12.868452806892478,77.59352240898221,2026-08-14 22:06:54.405080005,214.20604436489424,22,22:06:54,3
ORD-11299,13.019606691734404,77.63545718711336,2026-08-14 15:38:46.575090473,401.1509524134219,15,15:38:46,5
ORD-11300,13.018125055528404,77.67334019287696,2026-08-14 22:25:39.795045440,521.8646005832315,22,22:25:39,4
ORD-11301,12.93636307250445,77.59344924744234,2026-08-14 16:29:26.714537293,156.0649983536012,16,16:29:26,2
ORD-11302,12.93391969860431,77.56367683844537,2026-08-14 22:24:23.465466690,492.7605128081091,22,22:24:23,2
ORD-11303,12.972231653836388,77.63697360933898,2026-08-14 19:06:55.642264090,503.696905905789,19,19:06:55,4
ORD-11304,12.89561260018126,77.62451835496717,2026-08-14 16:55:13.181806802,302.4762176436266,16,16:55:13,3
ORD-11305,12.95770568660626,77.55106118462406,2026-08-14 21:26:53.687805717,520.5967329389945,21,21:26:53,2
ORD-11306,12.900804399747972,77.5744730978333,2026-08-14 22:19:18.907815682,481.119575868755,22,22:19:18,3
ORD-11307,13.007024203765871,77.55193381507213,2026-08-14 18:54:17.292167068,301.30588411724784,18,18:54:17,5
ORD-11308,12.938284303851768,77.79968094882793,2026-08-14 21:48:05.494938110,617.9340820294237,21,21:48:05,1
ORD-11309,13.00375830398184,77.60142607266712,2026-08-14 14:17:14.239547976,605.6780692151708,14,14:17:14,5
ORD-11310,12.917599593621516,77.66576030779629,2026-08-14 16:41:54.633392281,436.5394369721458,16,16:41:54,4
ORD-11311,12.973790680381128,77.61314244937486,2026-08-14 23:13:51.680374219,450.21280149122646,23,23:13:51,4
ORD-11312,12.982314709358596,77.58651291621057,2026-08-14 19:26:26.976532219,588.9395906393017,19,19:26:26,2
ORD-11313,12.994084385353306,77.66502351083928,2026-08-14 15:20:40.080061960,449.900528533229,15,15:20:40,4
ORD-11314,12.94501144437866,77.61782762214615,2026-08-14 18:15:10.204376022,190.36376992197685,18,18:15:10,4
ORD-11315,12.95368479504182,77.59066518260832,2026-08-14 17:41:29.395747274,553.0404836099891,17,17:41:29,2
ORD-11316,13.00793043845606,77.62134746211686,2026-08-14 19:35:06.344416744,358.0111018892237,19,19:35:06,5
ORD-11317,12.977078734238365,77.59367287367506,2026-08-14 19:04:23.241145731,421.52354183736094,19,19:04:23,2
ORD-11318,12.89019475939521,77.60680785855943,2026-08-14 20:26:50.385560443,698.6805851927213,20,20:26:50,3
ORD-11319,12.9425098739887,77.62653744544798,2026-08-14 19:49:34.805535487,459.9032288986803,19,19:49:34,4
ORD-11320,12.92142967363039,77.55767808893579,2026-08-14 23:23:57.653295333,480.26024038108096,23,23:23:57,2
ORD-11321,12.95166690486452,77.69353205676788,2026-08-14 21:03:40.937397477,556.4500913195396,21,21:03:40,4
ORD-11322,12.944148793334303,77.60421974316687,2026-08-14 21:08:39.044500742,555.8000915811049,21,21:08:39,2
ORD-11323,12.955235585715428,77.63839663344588,2026-08-14 22:54:46.414115051,342.1203348933325,22,22:54:46,4
ORD-11324,13.011008308840385,77.6546380788415,2026-08-14 19:01:41.081246134,470.9552226698439,19,19:01:41,4
ORD-11325,12.958856299062134,77.7221403881497,2026-08-14 16:50:43.103009774,485.4228791888741,16,16:50:43,1
ORD-11326,12.926485922065176,77.63549453237577,2026-08-14 23:01:02.732921690,520.804034494324,23,23:01:02,4
ORD-11327,13.024737096360695,77.6080018539096,2026-08-14 20:20:22.575732973,523.383291137493,20,20:20:22,5
ORD-11328,12.931970254679516,77.63926128009446,2026-08-14 20:20:54.160871090,868.1161843166186,20,20:20:54,4
ORD-11329,13.016497823909363,77.59733025964675,2026-08-14 18:25:00.030706228,303.6210344119133,18,18:25:00,5
ORD-11330,12.925827820219832,77.58252135661132,2026-08-14 18:27:28.302002068,627.0137430296934,18,18:27:28,2
ORD-11331,12.918142189859232,77.5458480935338,2026-08-14 22:07:00.501048938,657.5063708749589,22,22:07:00,2
ORD-11332,12.983803258203586,77.62948322693786,2026-08-14 22:27:41.902183238,553.9175960885291,22,22:27:41,4
ORD-11333,12.99174734921031,77.68859342618842,2026-08-14 21:57:34.410651720,382.4526907690388,21,21:57:34,4
ORD-11334,12.95634500094502,77.66089146758094,2026-08-14 21:58:56.654449009,729.700204540144,21,21:58:56,4
ORD-11335,12.912754755691433,77.60365695965444,2026-08-14 21:25:21.265835337,151.20257028897032,21,21:25:21,3
ORD-11336,12.908173266426846,77.68279611247902,2026-08-14 20:19:43.704570703,377.509995417326,20,20:19:43,4
ORD-11337,12.903457498597357,77.63458124864135,2026-08-14 19:33:41.582841111,655.7523295834217,19,19:33:41,3
ORD-11338,12.869574741438482,77.66579959853914,2026-08-14 23:01:32.914649474,424.48325948662233,23,23:01:32,3
ORD-11339,12.972027390458496,77.6279101938604,2026-08-14 19:03:56.512165585,719.4696787200278,19,19:03:56,4
ORD-11340,12.961857013685172,77.76400000019648,2026-08-14 20:55:29.812924927,253.22928829823996,20,20:55:29,1
ORD-11341,13.05170767313081,77.53288671553838,2026-08-14 17:59:23.883018412,313.1847159077988,17,17:59:23,5
ORD-11342,12.955270958565094,77.55099339442461,2026-08-14 18:21:06.308668346,400.25427448095377,18,18:21:06,2
ORD-11343,12.91590285612951,77.60142419583225,2026-08-14 19:24:34.608889285,542.6098916304793,19,19:24:34,3
ORD-11344,12.90160886097708,77.60973372048316,2026-08-14 17:59:24.554609456,446.69697744299657,17,17:59:24,3
ORD-11345,12.930104009915278,77.78602131526448,2026-08-14 21:59:40.666429305,406.4401121156369,21,21:59:40,1
ORD-11346,12.907004977108048,77.76889175794899,2026-08-14 16:37:47.691736095,693.0594646647786,16,16:37:47,1
ORD-11347,12.95837124516129,77.70901762871674,2026-08-14 20:14:53.066610430,707.0167463083726,20,20:14:53,1
ORD-11348,12.985483417970954,77.58630671196528,2026-08-14 20:19:52.572871580,417.8430351438667,20,20:19:52,2
ORD-11349,12.936589983760188,77.5746993082266,2026-08-14 15:28:22.803795123,223.53482890055065,15,15:28:22,2
ORD-11350,12.944044522951124,77.55054749332294,2026-08-14 18:53:50.785615288,156.37742562189305,18,18:53:50,2
ORD-11351,12.955815209403974,77.604888228578,2026-08-14 20:38:21.295842433,515.8935172170534,20,20:38:21,2
ORD-11352,12.94276102608552,77.74797126001161,2026-08-14 21:04:18.551939647,578.3933433328197,21,21:04:18,1
ORD-11353,12.863615932456431,77.63218064612587,2026-08-14 19:29:21.235122599,489.4496678367819,19,19:29:21,3
ORD-11354,13.033371983194275,77.69232731037685,2026-08-14 21:41:31.993840326,469.36378393788624,21,21:41:31,4
ORD-11355,12.931090885133324,77.6104871449279,2026-08-14 19:43:36.153684876,359.3186077958876,19,19:43:36,3
ORD-11356,12.865578101448238,77.6354957014207,2026-08-14 20:02:02.876208676,578.2469690870757,20,20:02:02,3
ORD-11357,12.996967997665344,77.7330623294267,2026-08-14 20:37:44.884820879,731.7278068348365,20,20:37:44,1
ORD-11358,13.013101328010114,77.74109333731741,2026-08-14 22:19:02.996658608,147.46834839966664,22,22:19:02,1
ORD-11359,12.955569118594491,77.61123672238996,2026-08-14 18:18:38.537978260,468.3748216818427,18,18:18:38,4
ORD-11360,12.890682592505938,77.618656866754,2026-08-14 18:46:58.603147335,334.44774758795995,18,18:46:58,3
ORD-11361,12.89824035658256,77.58774808235619,2026-08-14 18:19:39.931574437,256.4301008919223,18,18:19:39,3
ORD-11362,12.884760857405707,77.63668250131306,2026-08-14 19:10:10.220554723,310.50361938233755,19,19:10:10,3
ORD-11363,12.89501286234681,77.56292014754715,2026-08-14 23:33:56.108322718,536.9509283526606,23,23:33:56,3
ORD-11364,12.895401200002247,77.60897851702619,2026-08-14 21:25:54.527873968,540.7443296386749,21,21:25:54,3
ORD-11365,12.893865963071748,77.5841911611838,2026-08-14 17:10:20.192293480,699.04316417622,17,17:10:20,3
ORD-11366,12.990495371693486,77.57998021086652,2026-08-14 18:29:55.977309702,481.3172320718192,18,18:29:55,2
ORD-11367,12.916593517092943,77.57004670497201,2026-08-14 20:55:54.905018488,216.2667555195632,20,20:55:54,2
ORD-11368,12.920452511728037,77.64624713589892,2026-08-14 17:44:01.429971605,444.27456864360425,17,17:44:01,4
ORD-11369,12.968385003266524,77.6137915948964,2026-08-14 18:11:11.939632667,272.04313916763243,18,18:11:11,4
ORD-11370,12.935123259969268,77.68540540797471,2026-08-14 23:21:44.636995567,298.98061703669924,23,23:21:44,4
ORD-11371,12.931863061808116,77.68506126352,2026-08-14 18:27:59.619343741,567.0838587609743,18,18:27:59,4
ORD-11372,12.84930449358522,77.58973911274491,2026-08-14 22:23:12.001344264,509.127135839163,22,22:23:12,3
ORD-11373,13.038751221685668,77.58223575525966,2026-08-14 23:08:17.908705778,568.1348393152996,23,23:08:17,5
ORD-11374,12.927307730183289,77.63484290920566,2026-08-14 18:09:58.841179479,426.3760729092408,18,18:09:58,4
ORD-11375,12.908342146339026,77.57197748237814,2026-08-14 17:46:30.336990986,598.5794345138033,17,17:46:30,2
ORD-11376,12.9579764717033,77.72804027429508,2026-08-14 19:18:34.811221670,417.9895652564833,19,19:18:34,1
ORD-11377,13.01460997925702,77.61073773113037,2026-08-14 17:16:42.350513937,647.5024249113371,17,17:16:42,5
ORD-11378,12.978571988123615,77.77829998524115,2026-08-14 20:18:09.304906525,531.6958409207314,20,20:18:09,1
ORD-11379,12.96234754583788,77.56750286635764,2026-08-14 19:29:09.132793319,448.9504694273074,19,19:29:09,2
ORD-11380,12.91410814933849,77.62456240643866,2026-08-14 20:54:05.220142977,511.81395662641455,20,20:54:05,3
ORD-11381,12.932727590206948,77.73249086441946,2026-08-14 23:29:32.491106095,477.3208948537624,23,23:29:32,1
ORD-11382,12.9603359175345,77.71515946804402,2026-08-14 22:02:37.364826933,719.4159772969384,22,22:02:37,1
ORD-11383,12.872716477102312,77.7437133097508,2026-08-14 21:13:23.157978711,516.8156433868184,21,21:13:23,1
ORD-11384,12.976999282748515,77.61436455624464,2026-08-14 15:05:05.564283289,479.7580991408237,15,15:05:05,4
ORD-11385,12.996169611569735,77.7534939210285,2026-08-14 21:06:30.383838921,444.2263714423801,21,21:06:30,1
ORD-11386,13.012443331657424,77.51853294229218,2026-08-14 23:59:59.000000000,606.4776328867516,23,23:59:59,5
ORD-11387,12.94239094904627,77.59735376883891,2026-08-14 12:28:25.297353178,586.1870008580257,12,12:28:25,2
ORD-11388,12.950388260784216,77.62333544604073,2026-08-14 21:43:24.442886781,438.9237554531058,21,21:43:24,4
ORD-11389,13.032670149231825,77.67876931397889,2026-08-14 19:36:05.772827192,306.6537728065787,19,19:36:05,5
ORD-11390,12.942802277813492,77.60823314716309,2026-08-14 17:52:31.844972794,344.70477924324695,17,17:52:31,2
ORD-11391,12.893997075389208,77.64089890565411,2026-08-14 22:00:10.157255208,452.3756190686706,22,22:00:10,3
ORD-11392,12.99760169600228,77.61584308645412,2026-08-14 23:59:59.000000000,682.3391259178625,23,23:59:59,5
ORD-11393,12.888335138573638,77.61805173851354,2026-08-14 21:56:17.076559540,442.4735056129629,21,21:56:17,3
ORD-11394,13.00428898990075,77.6944954025865,2026-08-14 19:04:19.272438646,390.8814585051653,19,19:04:19,4
ORD-11395,13.041976946428203,77.61279291056476,2026-08-14 17:38:28.771580327,215.89210301270305,17,17:38:28,5
ORD-11396,12.967241244429689,77.72232301783201,2026-08-14 20:21:41.648704106,707.0312153403445,20,20:21:41,1
ORD-11397,12.970757802824725,77.6103817088911,2026-08-14 22:10:58.523631434,565.354221897219,22,22:10:58,4
ORD-11398,12.864618484305502,77.53836839300156,2026-08-14 19:01:56.522763895,599.4014955008787,19,19:01:56,3
ORD-11399,12.960729733199976,77.6316832391765,2026-08-14 19:16:26.553075143,624.2532077894062,19,19:16:26,4
ORD-11400,12.938279074149522,77.60909038771022,2026-08-14 23:59:59.000000000,455.2904656861555,23,23:59:59,2
ORD-11401,12.91668505550289,77.58684921730455,2026-08-14 22:41:47.867513638,492.6885950621303,22,22:41:47,2
ORD-11402,12.920099052440404,77.5502969474708,2026-08-14 22:52:31.158105543,703.2902912927991,22,22:52:31,2
ORD-11403,12.890837772128602,77.59921718692772,2026-08-14 16:20:57.426845471,506.9371333978705,16,16:20:57,3
ORD-11404,12.937945801651663,77.60870257378194,2026-08-14 18:13:55.301886359,568.1287935095992,18,18:13:55,2
ORD-11405,12.999422308985643,77.64181972867897,2026-08-14 20:11:12.134755088,610.5826075800767,20,20:11:12,4
ORD-11406,13.072835953283844,77.61346784465825,2026-08-14 17:29:49.761979034,576.4396998633965,17,17:29:49,5
ORD-11407,13.036215193771328,77.56267241970552,2026-08-14 23:59:59.000000000,460.774624460026,23,23:59:59,5
ORD-11408,12.997498041798275,77.65339115837776,2026-08-14 23:31:32.810759316,474.9174235779121,23,23:31:32,4
ORD-11409,12.939873711387763,77.65000407019491,2026-08-14 18:39:58.091963544,596.6460656963914,18,18:39:58,4
ORD-11410,12.881804990217862,77.58410428153272,2026-08-14 23:59:59.000000000,596.400428990209,23,23:59:59,3
ORD-11411,12.965132052771189,77.63375015735537,2026-08-14 19:59:21.731129521,655.2348898529192,19,19:59:21,4
ORD-11412,13.015782376180011,77.74945849257456,2026-08-14 23:59:59.000000000,562.6645474964757,23,23:59:59,1
ORD-11413,12.904820860211508,77.61702423652282,2026-08-14 20:21:42.175174725,569.4908420388082,20,20:21:42,3
ORD-11414,12.91795606101767,77.5550993264416,2026-08-14 21:26:25.734752956,413.06499498233296,21,21:26:25,2
ORD-11415,12.96193553992713,77.61344755950643,2026-08-14 23:29:59.130970526,392.8275733392148,23,23:29:59,4
ORD-11416,12.947905149968213,77.56426228676638,2026-08-14 23:11:38.700148270,597.0946011527242,23,23:11:38,2
ORD-11417,12.92265587485705,77.58162500389689,2026-08-14 21:16:36.588595223,393.8722397975437,21,21:16:36,2
ORD-11418,13.012778663882573,77.5741697253253,2026-08-14 19:38:49.737125005,476.8948495324707,19,19:38:49,5
ORD-11419,12.889898830122643,77.58394286577925,2026-08-14 21:17:07.194299938,686.8534861456936,21,21:17:07,3
ORD-11420,12.947394594010788,77.80193103685713,2026-08-14 17:57:34.342453115,663.0855438517633,17,17:57:34,1
ORD-11421,12.945881618586304,77.54562701092713,2026-08-14 20:22:49.203469777,525.2683246195776,20,20:22:49,2
ORD-11422,12.859848026948487,77.62342247241553,2026-08-14 17:13:36.232207518,435.5790630249435,17,17:13:36,3
ORD-11423,12.915532446014971,77.57448833877208,2026-08-14 15:32:52.065239277,461.4931634484743,15,15:32:52,2
ORD-11424,13.020022926143954,77.66415358016002,2026-08-14 20:07:33.840877255,610.1490211583422,20,20:07:33,4
ORD-11425,12.977412374237195,77.68855141854598,2026-08-14 23:09:20.501016044,474.5251083830752,23,23:09:20,4
ORD-11426,12.958388761168951,77.59570004344685,2026-08-14 22:18:52.241774365,396.2576410484604,22,22:18:52,2
ORD-11427,12.942027294260324,77.66942935405588,2026-08-14 19:47:42.789338470,662.3662134611961,19,19:47:42,4
ORD-11428,12.930472843476355,77.61604117187898,2026-08-14 23:59:59.000000000,507.2400208693922,23,23:59:59,3
ORD-11429,12.898272576899588,77.6041781648452,2026-08-14 18:34:38.447482381,393.41162685123805,18,18:34:38,3
ORD-11430,12.945157539090312,77.59103046708923,2026-08-14 15:12:19.506043818,551.8410283398946,15,15:12:19,2
ORD-11431,13.022243045123544,77.57147080174664,2026-08-14 14:32:41.088352191,625.6827619788762,14,14:32:41,5
ORD-11432,12.91654537600245,77.55776084828454,2026-08-14 17:02:49.281534639,328.8490402818359,17,17:02:49,2
ORD-11433,12.951400458934067,77.61901558980831,2026-08-14 22:02:29.622689360,449.9319129970598,22,22:02:29,4
ORD-11434,12.930689291745894,77.6066817168141,2026-08-14 18:24:46.775848794,442.9974948617382,18,18:24:46,3
ORD-11435,12.95218759676436,77.59478133021534,2026-08-14 21:09:08.627776716,547.8430748675214,21,21:09:08,2
ORD-11436,12.98049829490249,77.72440609009155,2026-08-14 23:59:59.000000000,574.8012484289787,23,23:59:59,1
ORD-11437,12.885181921515374,77.58778793978112,2026-08-14 17:14:59.127336800,397.2789133080772,17,17:14:59,3
ORD-11438,12.92206073937306,77.62279095574232,2026-08-14 21:11:46.497586163,256.08732361409625,21,21:11:46,3
ORD-11439,12.92484095282889,77.4810072148,2026-08-14 21:20:50.667653902,634.7698131899101,21,21:20:50,2
ORD-11440,12.950132230478864,77.62709505079253,2026-08-14 17:50:53.358103742,312.00820941341806,17,17:50:53,4
ORD-11441,12.987877171351291,77.58669990870662,2026-08-14 23:23:07.898327206,520.6776307565816,23,23:23:07,2
ORD-11442,12.922297881633495,77.66242606084076,2026-08-14 19:16:50.636500055,460.2028651903977,19,19:16:50,4
ORD-11443,12.923846101451844,77.76378913290526,2026-08-14 19:02:26.223171783,504.3665857806113,19,19:02:26,1
ORD-11444,12.899820485812292,77.56523781901987,2026-08-14 23:59:59.000000000,727.6850957560288,23,23:59:59,2
ORD-11445,12.907091120811634,77.59888499420545,2026-08-14 21:18:24.900681300,935.7422420432742,21,21:18:24,3
ORD-11446,13.011866925176728,77.63965595552251,2026-08-14 22:18:47.614947169,234.98438829020876,22,22:18:47,5
ORD-11447,13.074360825162517,77.61421977203928,2026-08-14 23:23:14.036383697,627.5859232999385,23,23:23:14,5
ORD-11448,12.871681012405933,77.5967235289613,2026-08-14 18:22:25.734004867,456.5628340983531,18,18:22:25,3
ORD-11449,12.954152536507758,77.58023101840864,2026-08-14 23:07:28.389873483,637.1781770568829,23,23:07:28,2
ORD-11450,13.00538643335064,77.61925176734489,2026-08-14 18:44:42.952965021,623.5894614268745,18,18:44:42,5
ORD-11451,12.98142140156848,77.59547759456203,2026-08-14 18:38:18.389495955,691.4617210797245,18,18:38:18,2
ORD-11452,12.88948361562035,77.57024301617196,2026-08-14 19:19:12.000249226,522.7447372744045,19,19:19:12,3
ORD-11453,13.021844984760728,77.53060579417053,2026-08-14 18:26:41.416485495,346.5635272567464,18,18:26:41,5
ORD-11454,12.862806849959911,77.6276288347626,2026-08-14 22:03:19.407893914,619.147423306443,22,22:03:19,3
ORD-11455,12.912409374752905,77.58317047626115,2026-08-14 20:40:04.895896306,497.6996364216096,20,20:40:04,3
ORD-11456,12.949685911993257,77.59076007288584,2026-08-14 18:46:18.980268446,444.9235177298801,18,18:46:18,2
ORD-11457,12.85104479591743,77.681656854502,2026-08-14 21:41:10.545298393,408.5664178942557,21,21:41:10,3
ORD-11458,12.900297009939642,77.58743370072958,2026-08-14 19:18:43.358063523,630.9503353657694,19,19:18:43,3
ORD-11459,12.955230200480292,77.59664288076355,2026-08-14 19:10:47.366666718,720.5054238011065,19,19:10:47,2
ORD-11460,12.967581355178782,77.76689765434212,2026-08-14 20:07:18.154964114,300.69711619505483,20,20:07:18,1
ORD-11461,12.95452540860885,77.59842887573863,2026-08-14 21:09:31.143200996,573.2928363718396,21,21:09:31,2
ORD-11462,12.988398320207,77.54974700529428,2026-08-14 20:58:28.628844397,424.1419221866032,20,20:58:28,2
ORD-11463,12.943192553293358,77.58071653546938,2026-08-14 19:05:30.757359725,259.909140271183,19,19:05:30,2
ORD-11464,13.02642949608128,77.64577155675907,2026-08-14 22:07:04.000866955,502.1558731144512,22,22:07:04,5
ORD-11465,12.91164831337967,77.64769943825576,2026-08-14 19:26:38.452640283,355.0293329715659,19,19:26:38,3
ORD-11466,13.009661592152254,77.66326629430004,2026-08-14 18:21:45.139602522,243.3370158299704,18,18:21:45,4
ORD-11467,12.933760631612842,77.73305940067323,2026-08-14 16:19:47.805161094,362.7389291663199,16,16:19:47,1
ORD-11468,12.92775745070075,77.58145591215724,2026-08-14 22:27:28.606328991,325.83391231292194,22,22:27:28,2
ORD-11469,13.062041091640342,77.52647845686226,2026-08-14 20:01:51.510685746,382.9969720404913,20,20:01:51,5
ORD-11470,12.983301446909373,77.58445065259471,2026-08-14 20:31:37.851226595,281.1173884569466,20,20:31:37,2
ORD-11471,12.887252478426564,77.58411296277806,2026-08-14 22:36:52.226241296,420.728983706068,22,22:36:52,3
ORD-11472,12.92039118174187,77.45686202134391,2026-08-14 18:48:23.343915620,373.0126307874041,18,18:48:23,2
ORD-11473,12.945254865022296,77.71934648113738,2026-08-14 16:33:50.406763733,536.3420815718486,16,16:33:50,1
ORD-11474,12.988447412326291,77.72180656611214,2026-08-14 20:10:28.026319937,569.0308479597473,20,20:10:28,1
ORD-11475,12.909071016994034,77.66407968196815,2026-08-14 20:46:11.653968723,519.0222865167663,20,20:46:11,3
ORD-11476,13.07060230319354,77.62857949899802,2026-08-14 19:20:34.358404557,444.6833313189736,19,19:20:34,5
ORD-11477,13.01830446493562,77.61600612977513,2026-08-14 23:41:03.638202686,440.6358606461528,23,23:41:03,5
ORD-11478,13.027613576984123,77.5901367376263,2026-08-14 13:47:04.500890508,354.4387518882952,13,13:47:04,5
ORD-11479,12.984138987031129,77.72910522440527,2026-08-14 22:48:00.509741098,358.0508010885095,22,22:48:00,1
ORD-11480,13.088055108655512,77.59139544511406,2026-08-14 21:58:40.382853278,585.5405802118104,21,21:58:40,5
ORD-11481,12.956842619819088,77.675446016774,2026-08-14 21:08:30.936999304,216.0446102024304,21,21:08:30,4
ORD-11482,13.007707882110132,77.54528783140583,2026-08-14 11:39:36.886054778,467.89125925305865,11,11:39:36,5
ORD-11483,12.950771356325346,77.65427517880612,2026-08-14 23:12:34.999049432,431.47064076581984,23,23:12:34,4
ORD-11484,13.001015205775625,77.711034680806,2026-08-14 17:26:02.093004277,569.8698152062339,17,17:26:02,1
ORD-11485,12.946803766704392,77.78480953825095,2026-08-14 18:43:50.772194550,266.2482024866474,18,18:43:50,1
ORD-11486,12.943138387026108,77.73951063801675,2026-08-14 19:34:24.666016889,481.8721058228909,19,19:34:24,1
ORD-11487,12.97175565333257,77.60842702623654,2026-08-14 21:01:06.762311868,531.447651203866,21,21:01:06,2
ORD-11488,12.944362905175815,77.7192833925098,2026-08-14 21:35:54.852379733,194.29031720640077,21,21:35:54,1
ORD-11489,12.98144517653548,77.7033398197033,2026-08-14 22:13:55.564988874,318.8508040707394,22,22:13:55,1
ORD-11490,12.926543241263625,77.63616306872464,2026-08-14 22:02:22.681590707,466.2315229780813,22,22:02:22,4
ORD-11491,13.015270243719169,77.77336418281295,2026-08-14 20:37:56.344837918,557.1220361451457,20,20:37:56,1
ORD-11492,12.910207720870623,77.66574467611473,2026-08-14 21:02:23.303931518,507.374896666905,21,21:02:23,4
ORD-11493,12.924716973685838,77.58125039422826,2026-08-14 17:16:23.216557600,564.0681379424711,17,17:16:23,2
ORD-11494,12.91057855242571,77.66043592204011,2026-08-14 18:07:20.758738629,318.0941231039018,18,18:07:20,3
ORD-11495,12.922383401752272,77.61053826525155,2026-08-14 22:14:19.142013073,241.687447540796,22,22:14:19,3
ORD-11496,12.9739024075646,77.5600025803531,2026-08-14 22:05:34.885380558,492.6758708635184,22,22:05:34,2
ORD-11497,12.926604031008154,77.53804537351616,2026-08-14 21:48:34.194748000,295.59701426788274,21,21:48:34,2
ORD-11498,12.9828426865268,77.75582725944903,2026-08-14 18:42:50.249145091,350.20165109282954,18,18:42:50,1
ORD-11499,12.981895772854791,77.59142162769979,2026-08-14 22:16:34.429187493,619.8417532239561,22,22:16:34,2
ORD-11500,12.957454499418224,77.59466282055074,2026-08-14 17:05:48.799927677,508.3649335150277,17,17:05:48,2
ORD-11501,12.975719759646134,77.53608835543352,2026-08-14 22:41:36.238288760,394.7782642116878,22,22:41:36,2
ORD-11502,13.03006160755172,77.64269548563357,2026-08-14 19:20:52.162788787,375.2952743038555,19,19:20:52,5
ORD-11503,12.97715029078079,77.77153073944974,2026-08-14 23:59:59.000000000,573.1382335333748,23,23:59:59,1
ORD-11504,12.99462938432053,77.74508062800741,2026-08-14 16:11:47.021171411,511.7956403474975,16,16:11:47,1
ORD-11505,12.947706560231577,77.77098077402125,2026-08-14 23:59:59.000000000,297.81650365159635,23,23:59:59,1
ORD-11506,12.985099879418602,77.56625384653186,2026-08-14 19:05:46.821037529,187.8264400348579,19,19:05:46,2
ORD-11507,13.021266246397854,77.6048673212713,2026-08-14 19:03:04.686695894,762.2702748960224,19,19:03:04,5
ORD-11508,12.942143677679368,77.6588172310688,2026-08-14 20:29:13.549370870,296.6281162023663,20,20:29:13,4
ORD-11509,13.03656610874077,77.60809332024444,2026-08-14 18:15:26.289784794,559.1544754950185,18,18:15:26,5
ORD-11510,13.064150953347712,77.571629862067,2026-08-14 19:49:09.038988279,706.6039398507262,19,19:49:09,5
ORD-11511,12.918491808199612,77.61449420053279,2026-08-14 18:09:21.363612562,502.13963532497337,18,18:09:21,3
ORD-11512,12.944937950691084,77.72191728760359,2026-08-14 18:14:50.428221187,389.9344985299193,18,18:14:50,1
ORD-11513,12.885944729477766,77.57906636337094,2026-08-14 21:13:01.973552705,266.0926437456432,21,21:13:01,3
ORD-11514,12.981197930149625,77.64946431877787,2026-08-14 17:44:45.910542268,263.9984195519954,17,17:44:45,4
ORD-11515,12.899291231388172,77.64575511552856,2026-08-14 18:04:46.251884951,536.504227301458,18,18:04:46,3
ORD-11516,12.967974765574906,77.6090407929841,2026-08-14 16:34:04.878752282,697.6464484424977,16,16:34:04,2
ORD-11517,13.01885880150261,77.52255783661961,2026-08-14 18:44:24.623880348,420.68113549432064,18,18:44:24,5
ORD-11518,12.959483820885067,77.66532849176774,2026-08-14 23:16:44.418267515,396.6419306775954,23,23:16:44,4
ORD-11519,12.959097036556184,77.5757475495674,2026-08-14 17:53:06.597239073,584.6221636216779,17,17:53:06,2
ORD-11520,12.92503454812961,77.64004508098805,2026-08-14 18:10:15.300613315,377.107911914288,18,18:10:15,4
ORD-11521,12.95645140703282,77.60398657026988,2026-08-14 20:29:05.297518334,521.1724361442632,20,20:29:05,2
ORD-11522,13.006202026177768,77.71433955150266,2026-08-14 19:04:22.832095804,486.2702175128269,19,19:04:22,1
ORD-11523,12.927228015730671,77.59159944237567,2026-08-14 23:59:59.000000000,418.5797912132917,23,23:59:59,2
ORD-11524,12.958086052836986,77.63013273121351,2026-08-14 19:35:37.248317914,477.669276189522,19,19:35:37,4
ORD-11525,12.973579437225382,77.84124007071024,2026-08-14 20:50:16.965115956,744.4728171974969,20,20:50:16,1
ORD-11526,12.97656922285164,77.75208921582029,2026-08-14 22:21:33.919063194,570.6799416151434,22,22:21:33,1
ORD-11527,12.973516402180406,77.7276766957499,2026-08-14 22:18:41.200792766,643.8751206383968,22,22:18:41,1
ORD-11528,13.033775718566783,77.6364725809489,2026-08-14 20:34:59.588234016,342.19584586199085,20,20:34:59,5
ORD-11529,12.975588973384472,77.56682890945407,2026-08-14 19:35:49.852619826,644.3904221411362,19,19:35:49,2
ORD-11530,12.937422038283248,77.73424293379169,2026-08-14 23:59:59.000000000,575.8530713203478,23,23:59:59,1
ORD-11531,12.919185220204382,77.65187552874167,2026-08-14 19:45:02.157522172,255.06058551609485,19,19:45:02,4
ORD-11532,12.869682897552176,77.59890608027389,2026-08-14 18:53:44.789060144,560.9686100056649,18,18:53:44,3
ORD-11533,12.974850850680228,77.68582029813297,2026-08-14 18:23:07.359105354,403.0088794807984,18,18:23:07,4
ORD-11534,12.940624060096177,77.72620390110923,2026-08-14 15:40:58.771175639,248.1294485511576,15,15:40:58,1
ORD-11535,12.907341036915232,77.63121613407576,2026-08-14 22:03:14.541770134,499.4663598491429,22,22:03:14,3
ORD-11536,12.929580413667438,77.60506498640896,2026-08-14 14:07:47.384426093,560.8563886593915,14,14:07:47,2
ORD-11537,12.931578691929342,77.67040761511763,2026-08-14 19:59:08.494431856,502.7412102966844,19,19:59:08,4
ORD-11538,12.99257397808596,77.55720298797782,2026-08-14 19:29:16.254291557,463.6292122731367,19,19:29:16,2
ORD-11539,12.99179752643423,77.58836918484776,2026-08-14 23:59:59.000000000,430.4121992312502,23,23:59:59,5
ORD-11540,12.922030437000288,77.59616009382601,2026-08-14 15:25:15.138941577,849.9882014012335,15,15:25:15,3
ORD-11541,12.939315602046053,77.62979925886252,2026-08-14 17:44:50.070417141,302.6145917207031,17,17:44:50,4
ORD-11542,12.951336688492788,77.56322713582612,2026-08-14 19:39:35.131871865,610.9382973535805,19,19:39:35,2
ORD-11543,12.954095651108318,77.75819907425598,2026-08-14 19:30:22.235962777,482.3134456333476,19,19:30:22,1
ORD-11544,12.99936487195895,77.6706672142069,2026-08-14 18:37:34.098682710,351.8300240599452,18,18:37:34,4
ORD-11545,12.954303349192658,77.6045345598556,2026-08-14 19:47:51.108815380,472.74014240571313,19,19:47:51,2
ORD-11546,13.069487590718364,77.63779582133004,2026-08-14 16:51:03.935440172,271.0601043617074,16,16:51:03,5
ORD-11547,12.969540850105398,77.58686738962712,2026-08-14 20:53:34.735910954,390.676438978972,20,20:53:34,2
ORD-11548,12.941889348184274,77.58426023844859,2026-08-14 14:11:46.631921302,472.9598511246592,14,14:11:46,2
ORD-11549,12.909823667113756,77.63616052394656,2026-08-14 19:56:08.075797105,247.33244121013053,19,19:56:08,3
ORD-11550,13.00086814953053,77.63134063384726,2026-08-14 18:29:56.789751628,555.9573807732088,18,18:29:56,5
ORD-11551,12.924220137038052,77.58123723808983,2026-08-14 22:32:26.591484810,335.4358438632702,22,22:32:26,2
ORD-11552,13.060422225187876,77.59427624973522,2026-08-14 23:59:59.000000000,262.2418562979672,23,23:59:59,5
ORD-11553,12.918241699190634,77.57023966573672,2026-08-14 19:10:20.530481247,317.93733962574447,19,19:10:20,2
ORD-11554,12.932998714658504,77.60882428242738,2026-08-14 23:28:36.533362273,806.3931242753231,23,23:28:36,2
ORD-11555,12.95823500626009,77.61066507581943,2026-08-14 19:12:34.953474326,183.29037871967404,19,19:12:34,4
ORD-11556,12.97235374336096,77.66138236762185,2026-08-14 17:35:04.861291838,545.4184633154686,17,17:35:04,4
ORD-11557,12.938595977855092,77.75243964943003,2026-08-14 23:59:59.000000000,367.25455934710703,23,23:59:59,1
ORD-11558,13.013027018253233,77.58556733528839,2026-08-14 21:18:06.988002606,427.48077427236575,21,21:18:06,5
ORD-11559,12.997984961367568,77.57213500040095,2026-08-14 20:00:39.946703488,570.5896393020499,20,20:00:39,5
ORD-11560,12.98240791129771,77.7689462452903,2026-08-14 21:43:04.597275888,563.2228072258381,21,21:43:04,1
ORD-11561,12.900177971963087,77.59457165839568,2026-08-14 20:41:07.935316172,377.8955371257314,20,20:41:07,3
ORD-11562,12.993589217000716,77.56599102431358,2026-08-14 19:49:37.025328526,276.3263990050059,19,19:49:37,2
ORD-11563,12.870048946173895,77.76906038402778,2026-08-14 16:41:02.086554228,573.3211460550959,16,16:41:02,1
ORD-11564,13.107696784443965,77.60217372586628,2026-08-14 19:19:25.169365549,562.8565789514016,19,19:19:25,5
ORD-11565,12.920230589923078,77.7275028265985,2026-08-14 21:33:29.298811126,437.2545736817718,21,21:33:29,1
ORD-11566,12.900539310424126,77.57448453279754,2026-08-14 19:41:35.057168819,546.2916575712568,19,19:41:35,3
ORD-11567,12.96530639234383,77.65285910155313,2026-08-14 22:15:20.931850173,413.1255778536697,22,22:15:20,4
ORD-11568,12.876159187216382,77.63547783655567,2026-08-14 20:57:32.895214801,355.9443652447817,20,20:57:32,3
ORD-11569,13.025038443225204,77.66118953718303,2026-08-14 17:48:16.773137231,480.59432716816127,17,17:48:16,5
ORD-11570,13.07188242080801,77.56303025726949,2026-08-14 16:42:07.452379511,557.8549111637276,16,16:42:07,5
ORD-11571,13.034047714923831,77.6121027764022,2026-08-14 19:36:25.393500628,526.3875404328651,19,19:36:25,5
ORD-11572,12.895863709061684,77.62154753312073,2026-08-14 18:41:21.943967059,556.3744020115008,18,18:41:21,3
ORD-11573,12.907527853306744,77.59686654492262,2026-08-14 20:50:26.896286595,365.9131690066311,20,20:50:26,3
ORD-11574,12.888997298429194,77.61614365892778,2026-08-14 18:12:16.761071135,717.282168713738,18,18:12:16,3
ORD-11575,12.98019537820266,77.6225028547999,2026-08-14 18:27:41.469068206,428.6428716992063,18,18:27:41,4
ORD-11576,12.940155852535897,77.64113405116511,2026-08-14 22:37:57.627458354,462.1626522785113,22,22:37:57,4
ORD-11577,12.957573157026118,77.55216713507338,2026-08-14 20:22:13.826717651,282.2016136173198,20,20:22:13,2
ORD-11578,12.93705834181431,77.60071513012655,2026-08-14 18:14:35.456411154,450.9217265554074,18,18:14:35,2
ORD-11579,12.977432326335917,77.63169825594169,2026-08-14 20:02:38.776278615,559.8356605277276,20,20:02:38,4
ORD-11580,12.893403467200583,77.5890574445495,2026-08-14 23:26:50.201187015,594.3765919038997,23,23:26:50,3
ORD-11581,12.902059951410015,77.73077943703827,2026-08-14 20:44:04.080194473,714.2911105780173,20,20:44:04,1
ORD-11582,13.01816513205326,77.59037944840343,2026-08-14 21:28:56.557284826,558.0352343738191,21,21:28:56,5
ORD-11583,12.924695628652085,77.57760124393987,2026-08-14 18:07:09.889171253,521.5369793699555,18,18:07:09,2
ORD-11584,12.926324840377829,77.60141848643941,2026-08-14 22:33:57.774394211,413.05573327285214,22,22:33:57,3
ORD-11585,12.94880866185923,77.58341443357929,2026-08-14 23:59:59.000000000,380.73893876504894,23,23:59:59,2
ORD-11586,12.955542200682116,77.60761078982094,2026-08-14 18:01:16.791217384,625.5372772002233,18,18:01:16,2
ORD-11587,12.972795814638058,77.74025694613373,2026-08-14 17:02:42.954230652,622.6605527608363,17,17:02:42,1
ORD-11588,12.99684967434903,77.7774105960722,2026-08-14 20:26:19.880194516,318.4480948726841,20,20:26:19,1
ORD-11589,12.928326902316927,77.62986761870677,2026-08-14 22:11:19.545448600,588.4643830730222,22,22:11:19,4
ORD-11590,12.909176861552783,77.62907710524182,2026-08-14 19:46:17.492951548,577.5575537093764,19,19:46:17,3
ORD-11591,12.966574277858417,77.64087810677569,2026-08-14 17:22:01.142435616,312.92866724787086,17,17:22:01,4
ORD-11592,12.92558746877218,77.60849735112383,2026-08-14 19:43:42.742543976,561.0685207183765,19,19:43:42,3
ORD-11593,12.911081087079737,77.64086915363505,2026-08-14 21:29:42.830454997,322.5680310777289,21,21:29:42,3
ORD-11594,12.962471206948472,77.65108856900844,2026-08-14 18:58:56.713557485,120.0,18,18:58:56,4
ORD-11595,12.92762021324191,77.63972210679924,2026-08-14 21:31:05.295159794,455.98463794619255,21,21:31:05,4
ORD-11596,12.958664452443372,77.7710256555301,2026-08-14 22:54:42.397067159,518.6722057882483,22,22:54:42,1
ORD-11597,12.903482463378348,77.62946929698559,2026-08-14 20:36:02.075631934,462.739379267533,20,20:36:02,3
ORD-11598,12.946180311401392,77.57253883228282,2026-08-14 19:55:48.470058495,910.0660225781962,19,19:55:48,2
ORD-11599,12.949189350822046,77.63000772527434,2026-08-14 22:04:24.095327037,536.8276843852461,22,22:04:24,4
ORD-11600,12.929087321901145,77.67210588457898,2026-08-14 17:51:35.092553065,502.0712728948051,17,17:51:35,4
ORD-11601,12.963160727729164,77.77973545858663,2026-08-14 17:36:47.611496764,544.4386954971136,17,17:36:47,1
ORD-11602,12.857550051191712,77.70915722227596,2026-08-14 19:20:00.849435639,413.80214933998536,19,19:20:00,3
ORD-11603,13.022141038583502,77.74003810735113,2026-08-14 18:46:13.084906670,619.4218593140308,18,18:46:13,1
ORD-11604,12.866176884067466,77.63458099289069,2026-08-14 17:59:29.922222386,534.1502919265653,17,17:59:29,3
ORD-11605,12.92106260585242,77.61016987381451,2026-08-14 23:59:59.000000000,527.2757555838737,23,23:59:59,3
ORD-11606,12.94960480017075,77.59155088908493,2026-08-14 23:59:59.000000000,386.3819665699591,23,23:59:59,2
ORD-11607,13.075033845826503,77.62519511459821,2026-08-14 19:06:56.654619700,245.350451032636,19,19:06:56,5
ORD-11608,12.9693538168051,77.62481001962841,2026-08-14 20:13:45.470547735,404.7920866384064,20,20:13:45,4
ORD-11609,12.92205665765802,77.62882552952739,2026-08-14 19:31:49.414619426,522.3950784389839,19,19:31:49,3
ORD-11610,12.918437001030249,77.53425769498826,2026-08-14 22:46:07.493161063,413.29507803825805,22,22:46:07,2
ORD-11611,12.963921377809102,77.6835792632176,2026-08-14 23:15:50.810056560,523.7590750601056,23,23:15:50,4
ORD-11612,12.970156315485728,77.67016924041111,2026-08-14 15:33:24.625811793,445.14571847155423,15,15:33:24,4
ORD-11613,12.972996015501396,77.73668404335417,2026-08-14 21:11:24.097200591,544.5869226939785,21,21:11:24,1
ORD-11614,12.947733954103509,77.80729788427975,2026-08-14 16:43:58.607929550,333.4763811187029,16,16:43:58,1
ORD-11615,12.889294964151429,77.63583442584913,2026-08-14 23:59:59.000000000,508.93350178276216,23,23:59:59,3
ORD-11616,12.958829265772929,77.62468926330989,2026-08-14 21:06:02.232271894,383.8568780472905,21,21:06:02,4
ORD-11617,12.952658739288935,77.59679871037987,2026-08-14 17:56:29.854154736,249.25755868040457,17,17:56:29,2
ORD-11618,12.95743216172029,77.63424816440111,2026-08-14 19:23:48.107508559,455.22688154574377,19,19:23:48,4
ORD-11619,12.972508905262757,77.63266414311495,2026-08-14 19:16:39.204675605,710.447636072707,19,19:16:39,4
ORD-11620,12.948683057853165,77.57672870252459,2026-08-14 21:18:46.016485972,261.2135388231026,21,21:18:46,2
ORD-11621,12.937997034230902,77.6357325521674,2026-08-14 22:36:17.213437597,497.9088375591299,22,22:36:17,4
ORD-11622,12.937024693145109,77.61990632788529,2026-08-14 17:07:46.134372255,599.6365594896337,17,17:07:46,4
ORD-11623,12.981392966537388,77.58075020884766,2026-08-14 23:59:59.000000000,825.0046027716677,23,23:59:59,2
ORD-11624,12.902687573113877,77.60685549642218,2026-08-14 23:59:59.000000000,406.0600526329968,23,23:59:59,3
ORD-11625,12.914049980890564,77.67622475784265,2026-08-14 17:48:42.087891681,385.1999093093531,17,17:48:42,4
ORD-11626,12.943535995714887,77.59507298385354,2026-08-14 20:10:55.216149261,304.99617060911004,20,20:10:55,2
ORD-11627,12.979322078150751,77.58227692883911,2026-08-14 23:59:59.000000000,651.0774502269329,23,23:59:59,2
ORD-11628,12.946566538383674,77.64481986904624,2026-08-14 23:04:56.267280097,349.8878506141387,23,23:04:56,4
ORD-11629,13.01392307265284,77.59374997265155,2026-08-14 19:09:29.312729569,424.4105352336975,19,19:09:29,5
ORD-11630,13.093163618465994,77.62878079318877,2026-08-14 22:02:09.058331111,202.6593183943117,22,22:02:09,5
ORD-11631,12.945039615931572,77.8273449483012,2026-08-14 23:59:59.000000000,612.595776401779,23,23:59:59,1
ORD-11632,12.928044807964454,77.58087064236098,2026-08-14 20:15:46.439836661,653.7387421167039,20,20:15:46,2
ORD-11633,13.093651956793066,77.66972221548194,2026-08-14 18:25:06.165737040,606.8662595376547,18,18:25:06,5
ORD-11634,12.926744115769814,77.56527224088686,2026-08-14 20:25:51.778668823,239.2012077969423,20,20:25:51,2
ORD-11635,12.929166876489122,77.64951561046311,2026-08-14 20:36:58.968859476,571.0726561168959,20,20:36:58,4
ORD-11636,13.014524982926067,77.76996705658023,2026-08-14 18:41:19.169348999,229.09944229139984,18,18:41:19,1
ORD-11637,12.938760312296512,77.67693041196065,2026-08-14 21:06:14.625610328,488.70604530963607,21,21:06:14,4
ORD-11638,12.967450723443198,77.67688217684284,2026-08-14 16:51:50.390462452,510.7616369975696,16,16:51:50,4
ORD-11639,12.917817802057703,77.59798580353038,2026-08-14 18:20:10.195196922,526.5274827162398,18,18:20:10,3
ORD-11640,12.967625310232334,77.59264517360715,2026-08-14 21:53:44.202985393,560.1954798956202,21,21:53:44,2
ORD-11641,13.022591471888823,77.64406989109132,2026-08-14 15:36:46.162336120,478.7949594661092,15,15:36:46,5
ORD-11642,12.945947588666202,77.5686918711608,2026-08-14 22:15:28.508327953,185.63557309071712,22,22:15:28,2
ORD-11643,12.99083477480458,77.6443246647629,2026-08-14 14:58:12.167708649,560.2681513199299,14,14:58:12,4
ORD-11644,12.851721020545744,77.60471594412763,2026-08-14 15:40:18.078790113,494.6412211691622,15,15:40:18,3
ORD-11645,12.972380373185327,77.56372582573046,2026-08-14 18:45:09.191312497,344.607031294315,18,18:45:09,2
ORD-11646,12.825351986681808,77.61970536478071,2026-08-14 20:43:01.774585374,244.59038682950867,20,20:43:01,3
ORD-11647,12.995832036329354,77.59909668398787,2026-08-14 23:18:47.372428146,711.0033278886538,23,23:18:47,5
ORD-11648,12.97892075593911,77.59990191486102,2026-08-14 20:08:38.604868436,664.6950807436024,20,20:08:38,2
ORD-11649,12.90207793026579,77.6626683537816,2026-08-14 19:23:01.017531816,585.8936110961182,19,19:23:01,3
ORD-11650,12.984597490161097,77.65198709610536,2026-08-14 21:26:56.231231863,378.55501331479456,21,21:26:56,4
ORD-11651,12.958368517676856,77.81948831383411,2026-08-14 17:49:21.910615789,120.0,17,17:49:21,1
ORD-11652,12.915443765275606,77.70087544796527,2026-08-14 20:20:54.736434118,594.7018763152853,20,20:20:54,4
ORD-11653,12.966867591503885,77.82889133381224,2026-08-14 17:00:04.983678402,535.0030160782612,17,17:00:04,1
ORD-11654,12.928118138259547,77.61808641648767,2026-08-14 20:12:23.314651879,423.8006536391735,20,20:12:23,3
ORD-11655,12.877433137536086,77.61600753548446,2026-08-14 19:40:31.473067355,648.7209460046814,19,19:40:31,3
ORD-11656,13.004961168901527,77.622217632049,2026-08-14 17:59:21.588706955,607.1996300944274,17,17:59:21,5
ORD-11657,12.947777276450342,77.72526526310695,2026-08-14 20:24:45.365728840,506.4143232346274,20,20:24:45,1
ORD-11658,12.924540721235823,77.75293553756163,2026-08-14 20:23:46.946878437,485.2587626806671,20,20:23:46,1
ORD-11659,12.931985743475252,77.70879042231627,2026-08-14 22:56:19.086111052,487.6451576399522,22,22:56:19,1
ORD-11660,12.901770824908128,77.59297953386856,2026-08-14 15:59:09.299372435,581.9909809252119,15,15:59:09,3
ORD-11661,12.952770751491231,77.61092556088941,2026-08-14 19:48:35.559830727,351.3785480185518,19,19:48:35,2
ORD-11662,12.930666673075258,77.5728145389321,2026-08-14 18:05:57.638402669,543.8974682677555,18,18:05:57,2
ORD-11663,12.978005452490905,77.55989655356134,2026-08-14 22:10:27.858523587,341.9113583295614,22,22:10:27,2
ORD-11664,12.98208475183684,77.64607108724957,2026-08-14 21:53:05.208586729,680.4832757628351,21,21:53:05,4
ORD-11665,12.875293359922487,77.61774928140296,2026-08-14 21:16:10.918605618,559.8192857362852,21,21:16:10,3
ORD-11666,12.904349820317057,77.62766084297222,2026-08-14 18:14:25.500677375,376.76576075416057,18,18:14:25,3
ORD-11667,12.968654410918734,77.61529868651998,2026-08-14 22:12:49.235246461,492.0893736044625,22,22:12:49,4
ORD-11668,12.93640166859991,77.61181253489913,2026-08-14 16:10:28.821641310,351.9320429957939,16,16:10:28,2
ORD-11669,13.068962916800144,77.6206143242233,2026-08-14 15:39:42.203667665,705.6169256551194,15,15:39:42,5
ORD-11670,12.948157224298456,77.72217872235494,2026-08-14 16:48:37.161000883,723.4313976706815,16,16:48:37,1
ORD-11671,12.85536756864064,77.58829111445893,2026-08-14 19:54:58.726707058,584.4335523844272,19,19:54:58,3
ORD-11672,12.925005578924356,77.62266669811248,2026-08-14 21:41:16.479608895,713.4984851481865,21,21:41:16,3
ORD-11673,13.048366928271813,77.64369802179604,2026-08-14 12:33:35.707733914,502.7693923308751,12,12:33:35,5
ORD-11674,13.011392252022937,77.63683526158385,2026-08-14 23:18:24.685486918,594.5268850762195,23,23:18:24,5
ORD-11675,12.951287926731336,77.77721586216273,2026-08-14 20:19:40.009765606,663.7086782864633,20,20:19:40,1
ORD-11676,12.884143456261423,77.63272973547781,2026-08-14 16:04:50.048871692,479.1384606726125,16,16:04:50,3
ORD-11677,12.900335922049392,77.74065018799205,2026-08-14 20:15:08.522732606,490.6655785976018,20,20:15:08,1
ORD-11678,12.950612389785729,77.6062661007069,2026-08-14 22:43:52.728732106,620.0484902143346,22,22:43:52,2
ORD-11679,12.879834682993542,77.63971414642536,2026-08-14 21:29:54.969137756,576.974694839399,21,21:29:54,3
ORD-11680,12.966178802355357,77.73286502735392,2026-08-14 22:44:51.657562986,366.6808919698421,22,22:44:51,1
ORD-11681,12.9798663572404,77.7330834199681,2026-08-14 16:35:03.780335426,151.97559430927964,16,16:35:03,1
ORD-11682,12.956972599742354,77.65079007838658,2026-08-14 18:57:53.952883754,453.67079061044274,18,18:57:53,4
ORD-11683,13.051044121164733,77.6028269845402,2026-08-14 17:41:17.769925288,165.46287311622314,17,17:41:17,5
ORD-11684,12.851337119908436,77.6007356878738,2026-08-14 23:59:59.000000000,331.34739958416776,23,23:59:59,3
ORD-11685,12.911079895537911,77.51727877775834,2026-08-14 21:35:54.265591380,348.8569564199423,21,21:35:54,2
ORD-11686,12.88739044734246,77.5135707235177,2026-08-14 23:59:59.000000000,394.70365335898106,23,23:59:59,2
ORD-11687,12.970258665750592,77.6232568089797,2026-08-14 18:49:51.514199245,603.0657216245312,18,18:49:51,4
ORD-11688,12.955337108151852,77.62461745617277,2026-08-14 18:11:17.932094859,635.6519311095391,18,18:11:17,4
ORD-11689,13.00208112805805,77.5293777194518,2026-08-14 19:38:34.560252644,556.3111079710811,19,19:38:34,2
ORD-11690,12.873709595520948,77.58008560979609,2026-08-14 23:26:45.214992803,574.8760464092708,23,23:26:45,3
ORD-11691,12.940489910568752,77.58900880257029,2026-08-14 19:05:04.922795622,578.4180684552969,19,19:05:04,2
ORD-11692,12.934304252365555,77.76186415627839,2026-08-14 20:18:39.938381163,120.0,20,20:18:39,1
ORD-11693,12.927070427402018,77.62486909991094,2026-08-14 20:14:30.216325981,481.5296523010675,20,20:14:30,3
ORD-11694,13.009708769343492,77.70869188930298,2026-08-14 20:05:55.470850820,210.5311918244992,20,20:05:55,1
ORD-11695,12.949854660240232,77.62401093700333,2026-08-14 18:22:08.413855838,556.3709213507311,18,18:22:08,4
ORD-11696,12.92352798016606,77.65548397123031,2026-08-14 19:39:24.380388807,166.03377790204547,19,19:39:24,4
ORD-11697,12.965965495409495,77.5913728221404,2026-08-14 19:32:59.076587838,452.9342196973951,19,19:32:59,2
ORD-11698,12.972024379564973,77.65064240889043,2026-08-14 19:58:51.918062928,562.165466402938,19,19:58:51,4
ORD-11699,12.96204476381921,77.61507574663007,2026-08-14 22:21:31.651363374,312.3363077525532,22,22:21:31,4
ORD-11700,12.98824172062686,77.70493964341246,2026-08-14 23:59:59.000000000,624.257394076983,23,23:59:59,1
ORD-11701,12.916240230242456,77.74571474035884,2026-08-14 17:53:56.087135973,555.993325492762,17,17:53:56,1
ORD-11702,12.938002412097072,77.77114376094036,2026-08-14 19:01:12.057376911,537.1237043756864,19,19:01:12,1
ORD-11703,12.914998983848406,77.60672094485787,2026-08-14 17:56:14.892914344,584.7002381265797,17,17:56:14,3
ORD-11704,12.947748304902808,77.72430433468577,2026-08-14 20:28:03.913835000,426.11998683500167,20,20:28:03,1
ORD-11705,12.884572562876077,77.60822234188296,2026-08-14 18:39:14.854882401,502.7878295635213,18,18:39:14,3
ORD-11706,12.954557518560184,77.60921839607647,2026-08-14 20:35:58.171503678,481.5077358351299,20,20:35:58,2
ORD-11707,12.957168814625607,77.68276246376881,2026-08-14 22:45:32.642194003,478.1176583075783,22,22:45:32,4
ORD-11708,12.925831445468791,77.59054201497781,2026-08-14 13:41:07.514827759,379.1953385029384,13,13:41:07,2
ORD-11709,12.932953827531398,77.591049634879,2026-08-14 21:13:46.019006406,293.6201827915942,21,21:13:46,2
ORD-11710,12.9175452060846,77.57130375201334,2026-08-14 18:50:58.316559919,429.47124760657874,18,18:50:58,2
ORD-11711,12.967619012187953,77.61098990985226,2026-08-14 21:09:03.800411859,421.20781392086,21,21:09:03,4
ORD-11712,13.042173438603555,77.56074133249876,2026-08-14 17:45:31.775060248,369.4903518724665,17,17:45:31,5
ORD-11713,12.986858167040042,77.56793205666527,2026-08-14 22:59:26.348894762,607.8080672715037,22,22:59:26,2
ORD-11714,12.930240194740437,77.65522391109337,2026-08-14 22:16:59.525562363,304.16900732165806,22,22:16:59,4
ORD-11715,13.00607657592814,77.6400289474619,2026-08-14 21:25:15.169336884,454.27362616631376,21,21:25:15,5
ORD-11716,12.873315413855265,77.72924836995212,2026-08-14 21:58:59.031460291,654.9509567341878,21,21:58:59,1
ORD-11717,12.97770506395956,77.63539361887109,2026-08-14 18:08:09.415795450,616.3694028899329,18,18:08:09,4
ORD-11718,12.952037867644316,77.63682427434043,2026-08-14 18:27:03.386207796,662.4440827645924,18,18:27:03,4
ORD-11719,12.916180284957822,77.66873495786837,2026-08-14 21:52:51.925807357,391.3829133938659,21,21:52:51,4
ORD-11720,12.944387601179814,77.5970542649574,2026-08-14 18:04:50.437715082,597.643218859156,18,18:04:50,2
ORD-11721,12.918723571530633,77.66374158498995,2026-08-14 23:36:50.715419923,320.5544404532802,23,23:36:50,4
ORD-11722,13.025803424638717,77.80349160472201,2026-08-14 19:11:27.680358471,438.618906627519,19,19:11:27,1
ORD-11723,12.961696122276887,77.6156581295919,2026-08-14 21:15:17.049508746,452.7366283829711,21,21:15:17,4
ORD-11724,12.80314701611348,77.6205006008333,2026-08-14 23:59:59.000000000,393.6239681702984,23,23:59:59,3
ORD-11725,12.935135993440456,77.62939937337124,2026-08-14 18:14:03.989813387,425.7279017873212,18,18:14:03,4
ORD-11726,12.973486407146163,77.54818082433178,2026-08-14 20:10:18.855757603,405.9936108753971,20,20:10:18,2
ORD-11727,12.997909299489791,77.66292757099112,2026-08-14 22:38:07.648481736,332.6409283347457,22,22:38:07,4
ORD-11728,13.059681857372087,77.63013019512506,2026-08-14 22:22:41.496499889,608.4620259008686,22,22:22:41,5
ORD-11729,12.937741807572255,77.59574897059615,2026-08-14 19:10:49.662207846,452.6324995688596,19,19:10:49,2
ORD-11730,12.967320710322936,77.75318937035387,2026-08-14 18:42:29.426062303,510.2154815875929,18,18:42:29,1
ORD-11731,12.920369480718731,77.64503761795902,2026-08-14 19:25:01.776607095,504.5665306789282,19,19:25:01,4
ORD-11732,12.994128406355788,77.66730702038495,2026-08-14 23:37:10.719895362,488.2089637665032,23,23:37:10,4
ORD-11733,13.047026414295964,77.7527877353915,2026-08-14 19:18:08.047292760,493.9206819084643,19,19:18:08,1
ORD-11734,12.800917055803922,77.66778913631445,2026-08-14 20:11:43.041232351,434.1874169953468,20,20:11:43,3
ORD-11735,12.908986828135452,77.55484806273591,2026-08-14 18:55:58.921761689,692.7595302772295,18,18:55:58,2
ORD-11736,12.955854415375372,77.73436749336149,2026-08-14 21:45:49.937083164,594.1117142453038,21,21:45:49,1
ORD-11737,12.95662944335369,77.56991974773058,2026-08-14 20:23:19.725338253,482.757304915653,20,20:23:19,2
ORD-11738,12.932079773897293,77.7620105493969,2026-08-14 17:29:29.095703176,412.9418346050905,17,17:29:29,1
ORD-11739,12.991603041064463,77.77245395757276,2026-08-14 17:34:40.582973685,462.1768735906379,17,17:34:40,1
ORD-11740,13.008253730237335,77.56276070227568,2026-08-14 15:00:12.549901000,542.6432274557618,15,15:00:12,5
ORD-11741,12.898867780817424,77.61849554632997,2026-08-14 17:55:18.107317869,704.9910138804468,17,17:55:18,3
ORD-11742,13.08779170792454,77.52533969849802,2026-08-14 21:59:05.512232690,274.0428683002433,21,21:59:05,5
ORD-11743,12.927474493506455,77.57785625456411,2026-08-14 23:18:33.844842110,578.9662137962666,23,23:18:33,2
ORD-11744,12.911971506292629,77.78384348258707,2026-08-14 21:42:50.025268955,649.0085455167952,21,21:42:50,1
ORD-11745,12.990661860107478,77.61033017305816,2026-08-14 21:23:11.689805766,256.99222951421524,21,21:23:11,5
ORD-11746,12.967435904390586,77.60770983861319,2026-08-14 19:41:01.265554242,452.8273684903088,19,19:41:01,2
ORD-11747,12.954657686928323,77.82650057158529,2026-08-14 21:56:14.230994226,320.32230403754414,21,21:56:14,1
ORD-11748,13.027170013100916,77.62272962395689,2026-08-14 20:42:56.504007737,544.5794417515551,20,20:42:56,5
ORD-11749,12.935423353933716,77.55981095144725,2026-08-14 23:59:59.000000000,426.2473601466672,23,23:59:59,2
ORD-11750,12.900037984866955,77.5743355523021,2026-08-14 19:45:13.992172409,460.4791399679812,19,19:45:13,3
ORD-11751,12.972163543808447,77.65209020798225,2026-08-14 23:21:27.072753625,418.34162890822887,23,23:21:27,4
ORD-11752,12.96719270074784,77.58995338373722,2026-08-14 22:11:07.026736361,588.0245149152403,22,22:11:07,2
ORD-11753,12.99175553715428,77.59072873449347,2026-08-14 21:50:18.989575837,514.3549440897208,21,21:50:18,5
ORD-11754,12.98584885395345,77.64043766985323,2026-08-14 14:58:16.578070844,514.6390146059483,14,14:58:16,4
ORD-11755,13.02971441628899,77.64385072484033,2026-08-14 22:19:22.706053929,504.093273762218,22,22:19:22,5
ORD-11756,12.953721131794191,77.59356381605008,2026-08-14 19:40:52.428189818,565.8736320678206,19,19:40:52,2
ORD-11757,12.972299842017224,77.58060606429997,2026-08-14 18:53:24.661550086,440.7042217715515,18,18:53:24,2
ORD-11758,13.053408402167893,77.6481777616754,2026-08-14 16:17:33.782629399,735.116218131139,16,16:17:33,5
ORD-11759,12.957273079867347,77.55763609507845,2026-08-14 19:59:09.715794286,294.78078731722206,19,19:59:09,2
ORD-11760,12.905789905630092,77.55871733199919,2026-08-14 20:05:01.964371364,221.1122327745527,20,20:05:01,2
ORD-11761,13.03982296201157,77.6469565028058,2026-08-14 16:44:32.982703667,208.697914708714,16,16:44:32,5
ORD-11762,12.974459119983576,77.63251831910762,2026-08-14 16:19:00.478443957,168.06178210613467,16,16:19:00,4
ORD-11763,12.960289131700414,77.60400843247443,2026-08-14 21:12:59.575321153,580.9754722230379,21,21:12:59,2
ORD-11764,12.91704767008804,77.68464273985174,2026-08-14 22:10:45.346179552,562.7051548923961,22,22:10:45,4
ORD-11765,12.963178343655372,77.74697817496137,2026-08-14 20:28:32.546189302,661.1664737663392,20,20:28:32,1
ORD-11766,12.839046215124275,77.6032597803717,2026-08-14 22:52:37.511847159,321.5042677941717,22,22:52:37,3
ORD-11767,13.000876944828772,77.55722970980365,2026-08-14 19:47:02.535140837,591.819218211825,19,19:47:02,5
ORD-11768,12.94352478829275,77.77774488562068,2026-08-14 19:51:50.838530398,488.5236093223959,19,19:51:50,1
ORD-11769,12.918116997176869,77.78702303526397,2026-08-14 17:42:26.747741333,504.9879748733789,17,17:42:26,1
ORD-11770,12.952974963843944,77.58100011228281,2026-08-14 16:05:57.822202017,573.8434343024412,16,16:05:57,2
ORD-11771,12.996464255820603,77.61023161911497,2026-08-14 23:59:59.000000000,366.5577373406335,23,23:59:59,5
ORD-11772,13.013995519476028,77.61025240338111,2026-08-14 22:49:41.691452248,868.0873703106731,22,22:49:41,5
ORD-11773,12.948150015832082,77.6805467204922,2026-08-14 16:31:07.386895754,679.7820456413031,16,16:31:07,4
ORD-11774,13.0247162158923,77.64510697434996,2026-08-14 20:23:21.767170482,400.2441069006959,20,20:23:21,5
ORD-11775,12.998033674075751,77.64699004520848,2026-08-14 19:44:59.583200067,316.3892913414978,19,19:44:59,4
ORD-11776,12.881457212846575,77.64315348279924,2026-08-14 19:18:54.067741533,466.8143757292962,19,19:18:54,3
ORD-11777,12.975108004525074,77.71416854183022,2026-08-14 18:58:38.839369666,507.3387665373064,18,18:58:38,1
ORD-11778,12.947624366957715,77.68328171829687,2026-08-14 20:57:11.422322712,639.8422889562466,20,20:57:11,4
ORD-11779,13.032706934936575,77.67437414041055,2026-08-14 22:02:43.579729243,304.6918632647511,22,22:02:43,5
ORD-11780,12.963372668675632,77.70116459504159,2026-08-14 21:00:21.520521254,522.823041479875,21,21:00:21,1
ORD-11781,12.958783898142649,77.61886177701734,2026-08-14 19:41:55.334630587,250.64774633778163,19,19:41:55,4
ORD-11782,13.040692754071076,77.60780421407698,2026-08-14 19:36:24.959547980,545.4536390116679,19,19:36:24,5
ORD-11783,12.91004704374726,77.64624301308177,2026-08-14 22:20:31.328852304,463.8743669312924,22,22:20:31,3
ORD-11784,12.967484408299269,77.59330123750507,2026-08-14 21:09:31.004443045,770.5019643428645,21,21:09:31,2
ORD-11785,12.9026450821181,77.58775996113508,2026-08-14 20:10:54.205167319,248.0996183670485,20,20:10:54,3
ORD-11786,12.94570246034261,77.63803318670315,2026-08-14 19:54:36.888321599,685.5912572235158,19,19:54:36,4
ORD-11787,12.866754133993435,77.67700621234722,2026-08-14 20:51:47.434586511,224.42529972506725,20,20:51:47,3
ORD-11788,12.91275922747111,77.6152227251089,2026-08-14 18:49:44.861802965,280.9184588390244,18,18:49:44,3
ORD-11789,12.940007097400429,77.68904150925779,2026-08-14 22:03:13.849355774,228.4358162291752,22,22:03:13,4
ORD-11790,12.94367247346008,77.59471587217614,2026-08-14 17:18:37.272943459,517.5528912676581,17,17:18:37,2
ORD-11791,12.946837324248689,77.63701975227585,2026-08-14 18:58:16.891412102,303.94517838694,18,18:58:16,4
ORD-11792,12.965029554174704,77.62402123494742,2026-08-14 21:31:39.954859014,277.7502742079193,21,21:31:39,4
ORD-11793,12.88771478137092,77.59284786037678,2026-08-14 17:10:04.054679812,510.4151402435071,17,17:10:04,3
ORD-11794,12.864842417090188,77.5781617120523,2026-08-14 16:04:02.923116154,547.7663078812036,16,16:04:02,3
ORD-11795,12.998467078198471,77.68195000197028,2026-08-14 20:09:27.699078863,485.9773956225489,20,20:09:27,4
ORD-11796,12.918902602702714,77.66830260065164,2026-08-14 15:45:31.876609982,455.6671276467671,15,15:45:31,4
ORD-11797,12.92959739296871,77.61598063941013,2026-08-14 16:45:10.768013533,754.3364448655768,16,16:45:10,3
ORD-11798,12.937177872696294,77.62012774416367,2026-08-14 21:53:29.347066558,501.8754399362956,21,21:53:29,4
ORD-11799,12.927668128675394,77.66451893375023,2026-08-14 19:29:16.932681548,600.8537210883374,19,19:29:16,4
ORD-11800,12.983654747888467,77.66573686175518,2026-08-14 23:12:49.382547381,501.4383188534938,23,23:12:49,4
ORD-11801,12.952698318384709,77.62368650284792,2026-08-14 16:59:16.670931563,315.31855676179737,16,16:59:16,4
ORD-11802,12.93584050359321,77.70264969388626,2026-08-14 19:45:54.428709309,562.4831522853025,19,19:45:54,4
ORD-11803,12.975007322218255,77.74400602933113,2026-08-14 20:59:56.260978869,381.6304032795312,20,20:59:56,1
ORD-11804,12.972858700012203,77.7494381086263,2026-08-14 17:04:25.365628840,466.35207929411456,17,17:04:25,1
ORD-11805,13.12622507810583,77.55044208105255,2026-08-14 22:34:45.857140497,525.8104022840139,22,22:34:45,5
ORD-11806,12.84695188055626,77.62173318917318,2026-08-14 21:16:36.109948494,188.7872899670036,21,21:16:36,3
ORD-11807,12.922025210589414,77.63556237544054,2026-08-14 15:58:36.416219813,238.57468141624068,15,15:58:36,3
ORD-11808,12.95563590577994,77.66944366433125,2026-08-14 19:54:20.323834123,616.4188758746345,19,19:54:20,4
ORD-11809,12.882447096286562,77.605014873575,2026-08-14 20:57:53.610626328,380.4380330101584,20,20:57:53,3
ORD-11810,12.931606644060828,77.63706622584905,2026-08-14 18:31:29.489938247,387.55170163367086,18,18:31:29,4
ORD-11811,13.112570734260094,77.63044963898898,2026-08-14 16:18:01.215850421,504.965759605623,16,16:18:01,5
ORD-11812,12.96781239914398,77.71883474864701,2026-08-14 20:41:46.129105027,422.1491104317196,20,20:41:46,1
ORD-11813,12.915449855154836,77.6037554011965,2026-08-14 23:59:59.000000000,542.6382572464184,23,23:59:59,3
ORD-11814,12.95813317699798,77.6334949105955,2026-08-14 19:01:57.143107581,472.3317316900434,19,19:01:57,4
ORD-11815,12.932072265020524,77.62554344858184,2026-08-14 23:55:23.170631562,509.7904425270673,23,23:55:23,4
ORD-11816,13.0005141643708,77.76230818242409,2026-08-14 18:07:09.400604147,374.7212414636621,18,18:07:09,1
ORD-11817,13.055702561560446,77.610402259852,2026-08-14 20:32:19.910715090,509.0392234921392,20,20:32:19,5
ORD-11818,12.973525075711311,77.61836150723386,2026-08-14 21:55:43.702777885,645.7633630253166,21,21:55:43,4
ORD-11819,12.956289202074524,77.71794857356032,2026-08-14 19:58:44.277006258,394.83776758287024,19,19:58:44,1
ORD-11820,12.94393633103734,77.53907535948287,2026-08-14 19:15:20.379160069,617.2977450408227,19,19:15:20,2
ORD-11821,12.928749884935856,77.61729560490275,2026-08-14 21:48:55.147692153,472.2659522516026,21,21:48:55,3
ORD-11822,12.868843520123397,77.57761069564704,2026-08-14 23:59:59.000000000,590.1722483966906,23,23:59:59,3
ORD-11823,13.064138013555189,77.60507491121761,2026-08-14 20:45:05.282321752,499.3156977529666,20,20:45:05,5
ORD-11824,12.920162591679755,77.62082216368762,2026-08-14 18:42:35.458411227,474.98836198531103,18,18:42:35,3
ORD-11825,12.974841965578213,77.63810018970004,2026-08-14 19:31:32.235984663,532.4594523114549,19,19:31:32,4
ORD-11826,12.939520021359629,77.57346254101634,2026-08-14 23:59:59.000000000,662.0396343453374,23,23:59:59,2
ORD-11827,13.035454548770604,77.6537619093565,2026-08-14 20:20:14.164047043,515.4145941322613,20,20:20:14,5
ORD-11828,13.015176119422172,77.55313093985967,2026-08-14 18:30:50.276712798,551.7796246362597,18,18:30:50,5
ORD-11829,12.983656997733531,77.7458989798259,2026-08-14 17:08:14.388751657,424.7272629634948,17,17:08:14,1
ORD-11830,13.033495137511135,77.62869324517666,2026-08-14 15:26:06.890152987,715.6329710992538,15,15:26:06,5
ORD-11831,12.887291672361114,77.64145286763826,2026-08-14 20:54:32.258464615,576.0505666394507,20,20:54:32,3
ORD-11832,13.003984866245087,77.60050279786635,2026-08-14 21:38:11.777935421,491.6562690037509,21,21:38:11,5
ORD-11833,12.940272496668625,77.60878095077402,2026-08-14 19:00:29.734380313,461.6019491617988,19,19:00:29,2
ORD-11834,13.043985278535324,77.63777468088973,2026-08-14 19:57:45.266237720,626.6862403909665,19,19:57:45,5
ORD-11835,12.938486141690753,77.60417539465836,2026-08-14 17:04:25.844616402,389.0693884432111,17,17:04:25,2
ORD-11836,12.982532689107416,77.5417300619523,2026-08-14 20:19:56.356183448,212.56874755930005,20,20:19:56,2
ORD-11837,13.041622565899766,77.69029143167883,2026-08-14 21:12:13.457885104,490.8599399136683,21,21:12:13,5
ORD-11838,12.905951751132967,77.58146788626817,2026-08-14 18:39:43.521595491,658.5006859671515,18,18:39:43,3
ORD-11839,12.930073176524514,77.65972438640092,2026-08-14 23:59:59.000000000,718.6963216777011,23,23:59:59,4
ORD-11840,12.93277571834864,77.7591268386119,2026-08-14 17:54:26.043059278,463.905908484918,17,17:54:26,1
ORD-11841,12.949562576562307,77.76032993427681,2026-08-14 20:42:31.289436171,486.5381495912675,20,20:42:31,1
ORD-11842,12.967532970907074,77.7532527478439,2026-08-14 22:07:14.854977341,557.9295648773932,22,22:07:14,1
ORD-11843,12.897352630863749,77.59224776174663,2026-08-14 19:48:24.394498656,440.3475871704353,19,19:48:24,3
ORD-11844,12.93795453799096,77.61593004270145,2026-08-14 19:31:43.708629950,557.4608922586723,19,19:31:43,4
ORD-11845,12.914260223303076,77.59409313593994,2026-08-14 16:25:40.204645953,467.1897373397598,16,16:25:40,3
ORD-11846,12.956671105798517,77.62336236374298,2026-08-14 23:23:36.073461447,631.705238578527,23,23:23:36,4
ORD-11847,12.964267434689509,77.59279709753201,2026-08-14 19:34:30.961184992,588.4470769646736,19,19:34:30,2
ORD-11848,12.86561963761018,77.56424485713607,2026-08-14 21:20:36.288824413,601.5341748453649,21,21:20:36,3
ORD-11849,12.889777658675726,77.60734240599719,2026-08-14 21:40:54.484390741,449.2023532796868,21,21:40:54,3
ORD-11850,12.947510417500537,77.77593559329678,2026-08-14 18:25:45.313571840,768.8890980753392,18,18:25:45,1
ORD-11851,13.025714740815213,77.60226660745708,2026-08-14 19:30:22.242561379,552.5867913569208,19,19:30:22,5
ORD-11852,12.933417209545432,77.58972342823442,2026-08-14 23:20:10.341156692,517.0941080230248,23,23:20:10,2
ORD-11853,13.034955481134077,77.61487102416436,2026-08-14 17:12:25.221008336,365.8585529149543,17,17:12:25,5
ORD-11854,12.900052070316097,77.63187962743288,2026-08-14 23:59:59.000000000,465.43922697771694,23,23:59:59,3
ORD-11855,12.9615211915821,77.70409578017355,2026-08-14 18:08:16.144932514,497.1569641053954,18,18:08:16,1
ORD-11856,13.042382567494712,77.56720868311433,2026-08-14 17:03:04.342890235,361.848405536355,17,17:03:04,5
ORD-11857,12.994886708707812,77.67193619516148,2026-08-14 20:19:50.781186197,436.1524281346368,20,20:19:50,4
ORD-11858,13.008269976795477,77.60863303166283,2026-08-14 23:59:59.000000000,455.12999728454855,23,23:59:59,5
ORD-11859,12.85515730439534,77.62598668303045,2026-08-14 15:13:21.306579670,488.38809913848274,15,15:13:21,3
ORD-11860,13.00480001700701,77.57513078835478,2026-08-14 19:38:50.858533593,215.5939514937594,19,19:38:50,5
ORD-11861,12.878054972855606,77.63572529291191,2026-08-14 21:11:26.385155309,459.70941889436034,21,21:11:26,3
ORD-11862,12.970455652511564,77.62531848251305,2026-08-14 20:05:02.849626820,423.39807253801024,20,20:05:02,4
ORD-11863,12.94134506531325,77.65023330626363,2026-08-14 20:57:17.295030027,476.867377556265,20,20:57:17,4
ORD-11864,12.952135645528587,77.56512886950254,2026-08-14 18:12:17.702260450,635.2914849270385,18,18:12:17,2
ORD-11865,12.943943615348497,77.54423288642255,2026-08-14 18:30:02.503386617,787.8593238181809,18,18:30:02,2
ORD-11866,12.969801307772473,77.61116018061642,2026-08-14 19:37:44.196175567,581.756579946694,19,19:37:44,4
ORD-11867,12.956329963419046,77.67355251212932,2026-08-14 17:10:31.007208875,294.8366741900496,17,17:10:31,4
ORD-11868,12.892889939738277,77.60469220041877,2026-08-14 19:53:17.822387038,428.1889572251199,19,19:53:17,3
ORD-11869,12.913951512457004,77.66391429616621,2026-08-14 19:01:41.292356956,569.3944963246637,19,19:01:41,4
ORD-11870,13.012756604872084,77.57619237064178,2026-08-14 18:49:29.593333606,552.4935744643535,18,18:49:29,5
ORD-11871,12.951934920144453,77.60429699460013,2026-08-14 20:48:04.557713388,628.0988603179612,20,20:48:04,2
ORD-11872,12.976938405901418,77.54029619026612,2026-08-14 15:26:54.064561205,465.3973508564106,15,15:26:54,2
ORD-11873,13.11330154798948,77.54983017693917,2026-08-14 19:25:38.189069552,425.47496334517416,19,19:25:38,5
ORD-11874,12.905338655360344,77.60896316374553,2026-08-14 23:59:59.000000000,742.8636005874058,23,23:59:59,3
ORD-11875,13.038544084702488,77.54823039766735,2026-08-14 17:17:05.012823069,488.80059050544565,17,17:17:05,5
ORD-11876,13.041029644741757,77.62110118873856,2026-08-14 23:12:49.504468359,327.4988435968328,23,23:12:49,5
ORD-11877,12.986198336354814,77.56013782095437,2026-08-14 20:08:11.905088214,701.2700485549382,20,20:08:11,2
ORD-11878,12.989789943471331,77.7246779682153,2026-08-14 18:29:33.379720067,255.58567629083328,18,18:29:33,1
ORD-11879,13.015933143861943,77.56061282898123,2026-08-14 16:41:54.225064232,120.0,16,16:41:54,5
ORD-11880,12.912639452694036,77.59066544191954,2026-08-14 20:20:57.137687567,595.408013705636,20,20:20:57,3
ORD-11881,12.893336696315057,77.60884619359177,2026-08-14 23:38:00.573952332,616.6051456536946,23,23:38:00,3
ORD-11882,12.935341056159338,77.65241535696154,2026-08-14 19:01:37.099693229,542.1019412917036,19,19:01:37,4
ORD-11883,12.973504371212714,77.63424597458193,2026-08-14 19:47:51.347177369,284.6315874011925,19,19:47:51,4
ORD-11884,13.022890711687491,77.60869256187881,2026-08-14 22:31:33.337651713,471.1695217136519,22,22:31:33,5
ORD-11885,13.037930201423814,77.5853893554779,2026-08-14 20:51:07.837122117,438.2747139669193,20,20:51:07,5
ORD-11886,12.887165659185357,77.61380286451576,2026-08-14 16:04:09.517982479,399.4066483661416,16,16:04:09,3
ORD-11887,12.971887138868636,77.5951638231184,2026-08-14 20:14:49.984942697,691.8104146213919,20,20:14:49,2
ORD-11888,12.895588146934774,77.63087388013027,2026-08-14 23:46:50.114195990,323.0000912052467,23,23:46:50,3
ORD-11889,12.978507104085852,77.66126180333704,2026-08-14 19:54:27.529321793,527.41566796596,19,19:54:27,4
ORD-11890,12.943524033926542,77.6412868861843,2026-08-14 13:08:46.595134704,659.1070475493863,13,13:08:46,4
ORD-11891,12.954669458496666,77.75811058297107,2026-08-14 20:58:13.934924320,537.2162287978557,20,20:58:13,1
ORD-11892,13.003341944800642,77.6420951767876,2026-08-14 19:30:13.892044104,666.1677558743061,19,19:30:13,4
ORD-11893,12.913000384911394,77.66400966206423,2026-08-14 15:25:38.150274709,564.5572083643394,15,15:25:38,4
ORD-11894,12.9634237563656,77.6016699653765,2026-08-14 15:48:07.127189516,544.4024505738043,15,15:48:07,2
ORD-11895,12.899276240718828,77.57454015990912,2026-08-14 22:26:15.964289599,535.025230324822,22,22:26:15,3
ORD-11896,12.855533386433816,77.57316365444926,2026-08-14 18:10:08.555289644,572.0164899975225,18,18:10:08,3
ORD-11897,12.923863190137444,77.631915771259,2026-08-14 17:43:52.532573376,422.16913538816095,17,17:43:52,3
ORD-11898,13.005163275964913,77.7343984889071,2026-08-14 19:54:39.252951615,284.718922219082,19,19:54:39,1
ORD-11899,13.004931373250647,77.54650498248989,2026-08-14 18:23:22.173015121,623.1065117194964,18,18:23:22,5
ORD-11900,12.988402226626643,77.64301180803653,2026-08-14 20:15:00.437650000,654.2613450758649,20,20:15:00,4
ORD-11901,12.97952155937847,77.64934764618515,2026-08-14 19:29:35.519735069,517.7968216359066,19,19:29:35,4
ORD-11902,13.058149016104366,77.65641683228982,2026-08-14 17:00:00.039779157,397.7436570548445,17,17:00:00,5
ORD-11903,12.946822851149587,77.64711453866084,2026-08-14 18:43:19.219812948,246.3424325205543,18,18:43:19,4
ORD-11904,12.90537256483518,77.56242848202008,2026-08-14 21:06:24.779891782,492.8710649885082,21,21:06:24,2
ORD-11905,12.911265288482516,77.62417943365128,2026-08-14 20:06:17.262362148,277.65744829230425,20,20:06:17,3
ORD-11906,12.980527488037549,77.70822000491994,2026-08-14 19:47:42.517658474,256.6518746043112,19,19:47:42,1
ORD-11907,12.972644700865686,77.79125952054089,2026-08-14 23:59:59.000000000,476.8902707976461,23,23:59:59,1
ORD-11908,12.954572296544828,77.73909134399821,2026-08-14 21:49:39.337728470,365.4345748217978,21,21:49:39,1
ORD-11909,12.88868473269718,77.59851851954932,2026-08-14 22:07:51.971383392,531.7964334247156,22,22:07:51,3
ORD-11910,12.98824434869773,77.75026460631379,2026-08-14 19:35:06.284329846,456.1056596157189,19,19:35:06,1
ORD-11911,12.960902851696405,77.58924388819207,2026-08-14 20:33:01.306713161,389.0048150666085,20,20:33:01,2
ORD-11912,12.96606411939268,77.71599039023255,2026-08-14 18:55:20.100094269,224.2627378906552,18,18:55:20,1
ORD-11913,12.966513375095042,77.79070503393969,2026-08-14 21:56:37.947889717,352.0667811254464,21,21:56:37,1
ORD-11914,12.955757677770936,77.77483598177842,2026-08-14 19:43:26.400863109,357.5795264923364,19,19:43:26,1
ORD-11915,12.94908054807031,77.61739721897015,2026-08-14 20:33:21.399740375,296.20384897275574,20,20:33:21,4
ORD-11916,12.84549309770562,77.58353883612996,2026-08-14 20:24:05.501719397,430.6433557136423,20,20:24:05,3
ORD-11917,13.0146661016716,77.61306182915597,2026-08-14 19:57:16.498067351,307.91220132380226,19,19:57:16,5
ORD-11918,12.985404360633025,77.68972100731149,2026-08-14 23:59:59.000000000,455.4385879063177,23,23:59:59,4
ORD-11919,12.944584072526371,77.7643975170903,2026-08-14 18:20:00.426502548,516.0616820502984,18,18:20:00,1
ORD-11920,12.93096341468754,77.65261333730466,2026-08-14 18:18:38.596228572,356.0745068416233,18,18:18:38,4
ORD-11921,12.930129663569886,77.63870384303358,2026-08-14 21:44:06.870721306,543.8112944127877,21,21:44:06,4
ORD-11922,12.917173098467597,77.57555700422245,2026-08-14 18:30:43.479008323,275.79631931284445,18,18:30:43,2
ORD-11923,12.890847303411682,77.76508533922456,2026-08-14 19:16:17.342747860,313.1733902405564,19,19:16:17,1
ORD-11924,13.04188815229445,77.57536387352648,2026-08-14 17:17:02.301419799,463.0174053562847,17,17:17:02,5
ORD-11925,12.878528943021944,77.6465408830043,2026-08-14 21:13:44.021274623,583.0561637832958,21,21:13:44,3
ORD-11926,12.962292797403157,77.61409061528289,2026-08-14 21:15:38.315200357,610.1099312233899,21,21:15:38,4
ORD-11927,13.036841698564412,77.51964991918881,2026-08-14 19:12:43.271460689,721.8585933236338,19,19:12:43,5
ORD-11928,12.892113971695418,77.60277185353408,2026-08-14 21:47:13.350196321,423.5116687773735,21,21:47:13,3
ORD-11929,12.986118916095132,77.56722589432778,2026-08-14 15:21:16.874876398,460.8748021982543,15,15:21:16,2
ORD-11930,13.039355135898822,77.59935495655482,2026-08-14 18:13:58.319386371,325.098670647302,18,18:13:58,5
ORD-11931,12.968239976839316,77.58766790828734,2026-08-14 19:34:30.187324102,291.93505020134654,19,19:34:30,2
ORD-11932,12.9563307938737,77.63128408657442,2026-08-14 17:04:09.457527873,514.2858129491287,17,17:04:09,4
ORD-11933,12.879201773607116,77.62218949635754,2026-08-14 15:37:41.582663232,363.6192750830636,15,15:37:41,3
ORD-11934,12.903153641700255,77.583425329302,2026-08-14 19:13:48.936314654,664.8568800025935,19,19:13:48,3
ORD-11935,13.126309131148936,77.61166677571636,2026-08-14 21:44:06.180783547,260.6421402198914,21,21:44:06,5
ORD-11936,12.99126429406314,77.78982218732341,2026-08-14 23:12:18.975522839,552.9529808737045,23,23:12:18,1
ORD-11937,12.986052751913853,77.65833021681927,2026-08-14 18:37:54.409051152,329.1391141774456,18,18:37:54,4
ORD-11938,12.883786498752674,77.56769317564866,2026-08-14 21:49:58.942538594,356.93272998418746,21,21:49:58,3
ORD-11939,12.919133891438738,77.64486031777396,2026-08-14 21:35:28.878342681,560.8668097878046,21,21:35:28,3
ORD-11940,12.942855139314952,77.61866148407556,2026-08-14 23:02:47.473569010,378.61793458381374,23,23:02:47,4
ORD-11941,12.96938009293803,77.71576919417672,2026-08-14 19:07:28.280726814,402.632389872015,19,19:07:28,1
ORD-11942,12.983396866193054,77.62242790678175,2026-08-14 15:30:13.495543338,358.1762454672647,15,15:30:13,4
ORD-11943,12.940879713938768,77.6655573031305,2026-08-14 20:10:31.672671805,747.7544687420162,20,20:10:31,4
ORD-11944,13.008149401611467,77.62124853236053,2026-08-14 17:27:55.856331272,387.3770533379986,17,17:27:55,5
ORD-11945,12.961670264507235,77.63626662448178,2026-08-14 18:11:28.454018442,487.73283261491446,18,18:11:28,4
ORD-11946,13.005568697183737,77.75739232897286,2026-08-14 19:14:49.027703521,449.7129599578389,19,19:14:49,1
ORD-11947,12.92331644451669,77.65813262625129,2026-08-14 19:09:09.651317858,513.2125592586392,19,19:09:09,4
ORD-11948,12.99244165831398,77.72604458592699,2026-08-14 20:21:14.033402062,387.7894579551097,20,20:21:14,1
ORD-11949,12.92332704642822,77.73990134847614,2026-08-14 21:45:28.406847777,449.87741481875247,21,21:45:28,1
ORD-11950,12.988239483537187,77.66462705055565,2026-08-14 19:04:50.379750516,539.0928013490903,19,19:04:50,4
ORD-11951,12.89626853856153,77.5836284904435,2026-08-14 20:59:21.277559472,350.5489292995512,20,20:59:21,3
ORD-11952,13.016213934738785,77.55485274333347,2026-08-14 20:02:13.344089375,643.3982034942231,20,20:02:13,5
ORD-11953,12.934425336327472,77.58853750746323,2026-08-14 22:20:19.449562906,657.8220778562448,22,22:20:19,2
ORD-11954,13.03499657235826,77.61383513203018,2026-08-14 19:31:42.673340043,570.9738939238109,19,19:31:42,5
ORD-11955,12.967917653557205,77.58937005289211,2026-08-14 19:48:09.659918029,490.4814575394725,19,19:48:09,2
ORD-11956,12.9254268198982,77.5411391996527,2026-08-14 19:03:50.395968010,120.0,19,19:03:50,2
ORD-11957,12.8926980326378,77.74228019209065,2026-08-14 19:35:39.763140374,543.6436698981694,19,19:35:39,1
ORD-11958,12.925241712219584,77.57071807602918,2026-08-14 18:02:28.606844887,421.3004392156704,18,18:02:28,2
ORD-11959,12.997695730633328,77.61665154204391,2026-08-14 17:47:36.624424708,443.058838287369,17,17:47:36,5
ORD-11960,12.954899906816,77.61967906288642,2026-08-14 21:56:21.888467545,195.3934004215775,21,21:56:21,4
ORD-11961,12.997107060241513,77.7089029196498,2026-08-14 17:17:31.184851339,554.0382728811289,17,17:17:31,1
ORD-11962,13.023342277901955,77.65467571620242,2026-08-14 19:12:07.937192719,262.71284297595685,19,19:12:07,5
ORD-11963,12.972191274547892,77.75442093801054,2026-08-14 22:32:18.085076439,497.76368189870914,22,22:32:18,1
ORD-11964,13.052308130508871,77.5456230241953,2026-08-14 19:07:05.692844968,615.6986222864762,19,19:07:05,5
ORD-11965,12.999475062832474,77.65283951979329,2026-08-14 22:04:18.664083170,409.6007728023672,22,22:04:18,4
ORD-11966,12.92382997257255,77.65458707753992,2026-08-14 18:31:20.588513458,662.4077587842661,18,18:31:20,4
ORD-11967,12.935429317597618,77.72596436615514,2026-08-14 17:22:19.527542847,367.95144326892296,17,17:22:19,1
ORD-11968,12.983273824561666,77.77794983355886,2026-08-14 16:00:46.567305893,570.0649615096503,16,16:00:46,1
ORD-11969,12.97443277793422,77.67943700054288,2026-08-14 23:16:54.516623454,284.2821372812209,23,23:16:54,4
ORD-11970,12.93283937045057,77.66627641143104,2026-08-14 17:09:28.159365290,634.6695652020785,17,17:09:28,4
ORD-11971,13.02381933047928,77.62857319590559,2026-08-14 21:52:04.679311126,611.3985573868935,21,21:52:04,5
ORD-11972,12.977062107924828,77.76559872674787,2026-08-14 17:30:00.476758860,550.2536884445594,17,17:30:00,1
ORD-11973,12.986422775590771,77.53843532465707,2026-08-14 23:17:36.455261458,421.0073795079283,23,23:17:36,2
ORD-11974,12.930455734939873,77.7535889503936,2026-08-14 23:59:59.000000000,269.69990648578323,23,23:59:59,1
ORD-11975,12.86884523221256,77.61199238861198,2026-08-14 15:47:01.229462787,421.4039527170814,15,15:47:01,3
ORD-11976,13.000304458820084,77.76145096935072,2026-08-14 17:17:17.192092571,646.5460763622184,17,17:17:17,1
ORD-11977,12.930560309553472,77.79830486286039,2026-08-14 21:55:58.186774229,499.49428073536734,21,21:55:58,1
ORD-11978,12.999202372390142,77.5880476889606,2026-08-14 21:16:57.386310292,247.0444605731325,21,21:16:57,5
ORD-11979,13.053668738245792,77.60406085291785,2026-08-14 21:56:32.296692842,311.2908540870088,21,21:56:32,5
ORD-11980,12.953762921614958,77.62031544351808,2026-08-14 18:33:56.200046361,667.972710127842,18,18:33:56,4
ORD-11981,13.034590251605469,77.6287001160174,2026-08-14 23:59:59.000000000,553.1869128191829,23,23:59:59,5
ORD-11982,13.053696845666376,77.54559750679594,2026-08-14 20:17:42.445200208,294.89998188901086,20,20:17:42,5
ORD-11983,12.967966563045897,77.55328388301687,2026-08-14 16:57:27.336808408,215.1252755738109,16,16:57:27,2
ORD-11984,12.990920871450164,77.6039291710738,2026-08-14 19:22:01.663499613,386.24367980999,19,19:22:01,5
ORD-11985,12.884687972217495,77.6468365449597,2026-08-14 16:59:27.897933941,202.2961938015121,16,16:59:27,3
ORD-11986,12.97765088901601,77.63332592539963,2026-08-14 23:58:38.472226987,456.6248264989499,23,23:58:38,4
ORD-11987,12.978767925704869,77.60891993229716,2026-08-14 18:20:57.018634799,847.7438057754456,18,18:20:57,4
ORD-11988,13.019319423198894,77.71940302554951,2026-08-14 21:13:52.351362702,240.4565886451242,21,21:13:52,1
ORD-11989,12.91268535135698,77.59425584480216,2026-08-14 18:49:23.941695160,452.09615051906775,18,18:49:23,3
ORD-11990,12.99492471424479,77.58550686592041,2026-08-14 18:27:41.514212137,676.7889862996876,18,18:27:41,5
ORD-11991,12.973970238359383,77.64433107519375,2026-08-14 15:13:27.712368471,592.3631787450142,15,15:13:27,4
ORD-11992,12.939150867503788,77.61522664640786,2026-08-14 21:29:43.571426915,457.68889278012927,21,21:29:43,4
ORD-11993,12.9535163323955,77.59647933801782,2026-08-14 23:14:52.631273663,458.0476994747704,23,23:14:52,2
ORD-11994,13.024967153992549,77.6037201482939,2026-08-14 17:42:36.291767714,306.61353263631315,17,17:42:36,5
ORD-11995,12.926313055060866,77.62130657492227,2026-08-14 16:08:12.937965012,439.851634499167,16,16:08:12,3
ORD-11996,12.973558265129428,77.62759018096044,2026-08-14 22:00:29.844384640,516.5161071360195,22,22:00:29,4
ORD-11997,13.04572199490655,77.65623755455263,2026-08-14 15:53:03.827858044,645.7670314911136,15,15:53:03,5
ORD-11998,12.949660161658342,77.61633770256277,2026-08-14 23:02:55.796423534,386.9736564727866,23,23:02:55,4
ORD-11999,12.954007341056965,77.74542197921956,2026-08-14 17:44:20.443893408,451.5247307904807,17,17:44:20,1
ORD-12000,12.980049009525532,77.68418475595779,2026-08-14 17:14:30.365314578,337.61797788649767,17,17:14:30,4
ORD-12001,12.880271364161889,77.60220911638713,2026-08-14 20:37:16.161790182,513.7987769310757,20,20:37:16,3
ORD-12002,12.935149880287248,77.57452543984968,2026-08-14 17:24:16.746434897,597.5669175463445,17,17:24:16,2
ORD-12003,12.986934242913485,77.57261611245515,2026-08-14 18:13:56.000268361,574.4472020144842,18,18:13:56,2
ORD-12004,12.94350290856388,77.80320321093468,2026-08-14 20:53:05.837394039,304.4719386836467,20,20:53:05,1
ORD-12005,13.04038917636363,77.62796949039803,2026-08-14 13:55:37.988965500,502.02948141846224,13,13:55:37,5
ORD-12006,13.04159364301443,77.72571684537344,2026-08-14 23:59:59.000000000,378.40312076247176,23,23:59:59,1
ORD-12007,13.03232399817728,77.58746505846742,2026-08-14 20:06:32.761192192,631.657502347925,20,20:06:32,5
ORD-12008,12.866789244843083,77.61363611186854,2026-08-14 16:46:03.305888368,455.8030915839693,16,16:46:03,3
ORD-12009,13.002437176558324,77.61352063396343,2026-08-14 17:27:24.791676418,252.07299926383732,17,17:27:24,5
ORD-12010,12.95686791092858,77.61135718567762,2026-08-14 22:28:44.817404347,447.02959415884,22,22:28:44,4
ORD-12011,12.912236596739804,77.66892394851645,2026-08-14 21:30:09.476415667,548.7708853798322,21,21:30:09,4
ORD-12012,12.910493899877482,77.59319287135776,2026-08-14 23:28:01.025915567,516.60090947142,23,23:28:01,3
ORD-12013,12.940916713823714,77.675660095569,2026-08-14 18:17:35.314396762,403.23059795220297,18,18:17:35,4
ORD-12014,13.005599432518531,77.54926594827666,2026-08-14 20:44:29.254534357,392.208991519328,20,20:44:29,5
ORD-12015,12.928235639162873,77.77026184363243,2026-08-14 21:03:59.111206053,331.8743402675525,21,21:03:59,1
ORD-12016,12.967548182341728,77.73406898756161,2026-08-14 21:44:17.407502270,420.7875569497041,21,21:44:17,1
ORD-12017,12.963446975939808,77.5894610783731,2026-08-14 22:49:05.530110889,351.6481550211296,22,22:49:05,2
ORD-12018,12.937036008541131,77.65179400242643,2026-08-14 18:12:24.624847401,625.5128979265972,18,18:12:24,4
ORD-12019,12.903471185176976,77.66499816449154,2026-08-14 19:42:52.467590156,344.8293913902576,19,19:42:52,3
ORD-12020,12.950818333186843,77.66379251732197,2026-08-14 18:28:28.652289779,498.34266935433016,18,18:28:28,4
ORD-12021,13.021784149353095,77.54639465787548,2026-08-14 19:52:06.493139793,488.1455854989499,19,19:52:06,5
ORD-12022,12.915883268845164,77.62287725875099,2026-08-14 21:44:45.895038567,621.8501171827367,21,21:44:45,3
ORD-12023,12.975703559170586,77.61849765398641,2026-08-14 15:51:53.680497654,643.4052433437556,15,15:51:53,4
ORD-12024,12.94408651172131,77.78345775378158,2026-08-14 22:46:24.344125134,584.3954914921992,22,22:46:24,1
ORD-12025,13.011224218590357,77.70923678280207,2026-08-14 17:09:07.360881626,532.9392514935195,17,17:09:07,1
ORD-12026,12.874463022286175,77.61798398386942,2026-08-14 19:13:53.667122725,322.7030780858913,19,19:13:53,3
ORD-12027,13.000427622170012,77.63033258201695,2026-08-14 23:06:35.477324695,319.66948683926137,23,23:06:35,5
ORD-12028,12.993575283699382,77.72514521876069,2026-08-14 20:49:12.087461851,353.1463770352577,20,20:49:12,1
ORD-12029,12.84258572403242,77.59526346246837,2026-08-14 20:50:55.769534373,592.7881499441872,20,20:50:55,3
ORD-12030,12.93741312512796,77.61484560140362,2026-08-14 17:02:54.365592344,490.99948923759536,17,17:02:54,4
ORD-12031,12.93104888577192,77.53105228584424,2026-08-14 17:23:23.226577585,610.2985861103343,17,17:23:23,2
ORD-12032,12.953606891847125,77.62601795200774,2026-08-14 22:21:11.307570020,630.4204101480125,22,22:21:11,4
ORD-12033,13.02236691037948,77.68236996844485,2026-08-14 18:31:37.708090640,371.1072149551128,18,18:31:37,4
ORD-12034,12.8880431662698,77.56972027867295,2026-08-14 18:45:45.793140301,484.81114913357806,18,18:45:45,3
ORD-12035,12.987182211524296,77.77222850040593,2026-08-14 22:24:35.561259492,478.0509481974615,22,22:24:35,1
ORD-12036,12.949205936182018,77.55400778540168,2026-08-14 17:22:30.778091674,430.8318465563677,17,17:22:30,2
ORD-12037,12.90485903952908,77.62346089233999,2026-08-14 20:40:23.116195976,399.7735718212933,20,20:40:23,3
ORD-12038,12.952252636812066,77.65135575769108,2026-08-14 20:06:26.165935509,657.7133255116585,20,20:06:26,4
ORD-12039,12.974848873279871,77.76157743322884,2026-08-14 19:59:35.828467231,487.7957590073251,19,19:59:35,1
ORD-12040,12.930870291042638,77.60689667809764,2026-08-14 18:42:14.079313102,481.9717182839652,18,18:42:14,3
ORD-12041,12.982550297802185,77.59690081810166,2026-08-14 18:33:01.303366830,359.58334876971065,18,18:33:01,2
ORD-12042,12.962207092030193,77.59744519987649,2026-08-14 17:18:14.722525846,581.2818645620257,17,17:18:14,2
ORD-12043,12.952160698259377,77.63386163861144,2026-08-14 21:12:23.985234372,329.2338748742977,21,21:12:23,4
ORD-12044,12.941228924642084,77.62989526514728,2026-08-14 18:19:46.657276349,548.2358293267023,18,18:19:46,4
ORD-12045,12.925880737296133,77.58738505178344,2026-08-14 22:25:18.701590505,552.3344040082743,22,22:25:18,2
ORD-12046,12.966126237509796,77.57668305818159,2026-08-14 19:26:19.004625684,418.1227426014647,19,19:26:19,2
ORD-12047,12.878750531674124,77.6218546542652,2026-08-14 17:21:13.945595211,527.6478121774769,17,17:21:13,3
ORD-12048,12.98967388337253,77.55102320717737,2026-08-14 19:24:19.675060664,507.8504338566731,19,19:24:19,2
ORD-12049,12.921801388165465,77.60328706587231,2026-08-14 18:58:22.285207772,474.0959062784776,18,18:58:22,3
ORD-12050,12.954566328699144,77.62762592216956,2026-08-14 22:31:21.930705552,481.9415970217849,22,22:31:21,4
ORD-12051,12.996327691224154,77.59393072370511,2026-08-14 19:04:38.998296736,489.2672734790282,19,19:04:38,5
ORD-12052,12.916091332550977,77.57726226154229,2026-08-14 19:18:34.106569197,499.4867509008072,19,19:18:34,2
ORD-12053,12.977606472857367,77.60362398650997,2026-08-14 23:31:43.920349432,489.036304701556,23,23:31:43,2
ORD-12054,13.01106658135744,77.62218598241687,2026-08-14 21:16:14.405893170,314.4203714681787,21,21:16:14,5
ORD-12055,12.914142173279888,77.60005116732982,2026-08-14 23:59:59.000000000,457.1683573491593,23,23:59:59,3
ORD-12056,12.986832403490135,77.56864756125306,2026-08-14 23:08:51.405036575,519.7422901795308,23,23:08:51,2
ORD-12057,12.957768521817146,77.75425113724698,2026-08-14 17:46:55.536704733,494.5933092808937,17,17:46:55,1
ORD-12058,12.89911920824902,77.63351798235936,2026-08-14 22:28:29.557689601,623.0625389092708,22,22:28:29,3
ORD-12059,13.03701732762874,77.56819956535875,2026-08-14 23:48:47.729628671,573.0129884249181,23,23:48:47,5
ORD-12060,12.87692061462936,77.55443909413833,2026-08-14 23:49:55.318190911,349.4385697420296,23,23:49:55,3
ORD-12061,12.966333615047676,77.57138923934558,2026-08-14 22:28:12.863852190,455.0059337918408,22,22:28:12,2
ORD-12062,13.043075117537349,77.60164091852091,2026-08-14 22:25:07.706954183,433.2995019829218,22,22:25:07,5
ORD-12063,12.915487410368508,77.53107906596816,2026-08-14 19:14:36.050606920,479.3477270059224,19,19:14:36,2
ORD-12064,12.945557663412114,77.6292400092152,2026-08-14 17:54:23.561240854,479.552790024195,17,17:54:23,4
ORD-12065,13.020896370057171,77.53899997452037,2026-08-14 19:07:10.044129923,571.7282503859773,19,19:07:10,5
ORD-12066,12.951698694196777,77.66901648408984,2026-08-14 15:50:16.898987105,506.5992544711716,15,15:50:16,4
ORD-12067,12.97952938540766,77.72033841383022,2026-08-14 23:21:25.157838795,664.5817507812826,23,23:21:25,1
ORD-12068,12.93675932579499,77.57668600716732,2026-08-14 19:17:30.363365241,516.150470649354,19,19:17:30,2
ORD-12069,13.006828624984356,77.75286455170854,2026-08-14 23:13:41.976561585,355.4114219494085,23,23:13:41,1
ORD-12070,12.973914508088637,77.58647639738446,2026-08-14 16:55:16.503805006,409.9079069747671,16,16:55:16,2
ORD-12071,12.987815552858198,77.58294333326586,2026-08-14 22:42:23.624289020,570.5683606097638,22,22:42:23,2
ORD-12072,12.925543649749594,77.58164592275334,2026-08-14 18:45:46.074076386,237.8747603241472,18,18:45:46,2
ORD-12073,12.947728934547856,77.56020357799933,2026-08-14 16:47:20.675325217,278.11793778599326,16,16:47:20,2
ORD-12074,12.852424411804822,77.56990599202653,2026-08-14 23:59:59.000000000,481.60458106878457,23,23:59:59,3
ORD-12075,12.96224024004496,77.569357469369,2026-08-14 22:46:05.805024067,622.6383177781748,22,22:46:05,2
ORD-12076,12.996029474479323,77.6395138781992,2026-08-14 20:31:46.131781671,676.0553147932317,20,20:31:46,4
ORD-12077,12.983456535679814,77.59010606069289,2026-08-14 20:05:05.440966215,447.4341379467343,20,20:05:05,2
ORD-12078,12.97600998272825,77.63158017277081,2026-08-14 21:05:55.590169372,639.1243030478827,21,21:05:55,4
ORD-12079,13.025220571277112,77.61558035067235,2026-08-14 20:29:11.657201257,490.8401864653347,20,20:29:11,5
ORD-12080,12.90244590695733,77.58684371599465,2026-08-14 18:01:09.516412457,250.28775266351545,18,18:01:09,3
ORD-12081,12.895888173219362,77.6960979091687,2026-08-14 18:58:11.529571935,478.7885195282445,18,18:58:11,4
ORD-12082,12.99016200155847,77.6052572270588,2026-08-14 23:59:59.000000000,387.1637813067673,23,23:59:59,5
ORD-12083,12.89088698653973,77.60471698052362,2026-08-14 23:59:59.000000000,617.7346320716612,23,23:59:59,3
ORD-12084,12.967520002874132,77.60209591293962,2026-08-14 23:54:24.016547076,476.148710946827,23,23:54:24,2
ORD-12085,12.937418288944777,77.60020941000961,2026-08-14 21:11:44.015461464,288.3130340165294,21,21:11:44,2
ORD-12086,12.920365826162772,77.59770360950394,2026-08-14 19:09:20.258705683,255.0427783637161,19,19:09:20,3
ORD-12087,12.942293721753254,77.55628022670145,2026-08-14 18:00:16.326954927,476.8530063878324,18,18:00:16,2
ORD-12088,13.055567169250995,77.62095701467435,2026-08-14 18:10:09.458306128,120.0,18,18:10:09,5
ORD-12089,12.939012471355706,77.72128850386036,2026-08-14 18:37:00.591071819,402.2752065258149,18,18:37:00,1
ORD-12090,13.027994101155675,77.60687126736617,2026-08-14 23:59:59.000000000,514.6545488614263,23,23:59:59,5
ORD-12091,12.973050075286505,77.65597468610672,2026-08-14 23:59:59.000000000,321.4475243916963,23,23:59:59,4
ORD-12092,12.99690428783881,77.60672991307976,2026-08-14 21:51:56.505509419,629.0980735357995,21,21:51:56,5
ORD-12093,12.91156870102538,77.62350732540607,2026-08-14 17:35:54.481412285,658.6509824626038,17,17:35:54,3
ORD-12094,13.028716010157464,77.76374689270679,2026-08-14 22:13:57.503340399,327.49485708720727,22,22:13:57,1
ORD-12095,12.997728796362622,77.59266376728677,2026-08-14 19:24:12.446743405,435.293373870527,19,19:24:12,5
ORD-12096,12.932451678052594,77.6170999422887,2026-08-14 14:37:02.915052203,629.2039726982207,14,14:37:02,3
ORD-12097,12.869304835905556,77.59959549246102,2026-08-14 20:43:03.905736611,479.80386986173664,20,20:43:03,3
ORD-12098,13.000648176079713,77.60143886397972,2026-08-14 17:53:42.782632494,270.82821328514706,17,17:53:42,5
ORD-12099,12.956978041300175,77.75618667361375,2026-08-14 17:58:47.519138190,458.5018397153471,17,17:58:47,1
ORD-12100,12.928682269423822,77.54836693402964,2026-08-14 19:22:26.328057888,352.06075165562413,19,19:22:26,2
ORD-12101,12.993540697223516,77.5928932021855,2026-08-14 18:45:15.093243518,646.2296844638828,18,18:45:15,5
ORD-12102,12.900601484724694,77.7029324294672,2026-08-14 19:54:51.688628064,570.8898141486883,19,19:54:51,4
ORD-12103,12.9332750558351,77.60473588063103,2026-08-14 19:47:39.025049845,432.9364582101558,19,19:47:39,2
ORD-12104,13.085332158434564,77.66146354632852,2026-08-14 15:18:37.718164371,501.32220187950605,15,15:18:37,5
ORD-12105,12.964712770219013,77.76215891202521,2026-08-14 23:48:02.501899945,283.78176345412703,23,23:48:02,1
ORD-12106,12.893319901369896,77.57774825372312,2026-08-14 17:32:29.609493462,366.9333812163583,17,17:32:29,3
ORD-12107,12.920932810618403,77.58936894617675,2026-08-14 17:37:08.414533826,712.9918781538739,17,17:37:08,2
ORD-12108,12.981446616752295,77.76959399570899,2026-08-14 19:10:43.020733887,488.0271978869501,19,19:10:43,1
ORD-12109,12.9867174929705,77.59842400806798,2026-08-14 19:43:44.986373676,619.5128707187048,19,19:43:44,5
ORD-12110,12.902353651299062,77.60537573331877,2026-08-14 23:38:50.818351487,514.8019632612043,23,23:38:50,3
ORD-12111,12.925321579282688,77.66127710016652,2026-08-14 20:40:24.811068494,677.1422764544286,20,20:40:24,4
ORD-12112,12.894497135460147,77.61199047331402,2026-08-14 21:24:58.189356986,180.17437011011705,21,21:24:58,3
ORD-12113,12.96125533243749,77.57240428839262,2026-08-14 20:41:10.825688250,451.767362397149,20,20:41:10,2
ORD-12114,12.9327145477445,77.60521602849752,2026-08-14 20:34:43.154242489,726.7172469324584,20,20:34:43,2
ORD-12115,12.944187414006365,77.61650346096667,2026-08-14 20:46:27.565527783,623.4260153340966,20,20:46:27,4
ORD-12116,12.993147291545492,77.69592302574077,2026-08-14 15:10:05.392716880,678.8058388185286,15,15:10:05,4
ORD-12117,12.9038840797064,77.62048004368431,2026-08-14 19:22:30.733636444,478.9853109515264,19,19:22:30,3
ORD-12118,12.953879333680216,77.67675334179638,2026-08-14 22:54:20.349995140,399.4340376879925,22,22:54:20,4
ORD-12119,12.914214136659703,77.63468186166513,2026-08-14 23:59:59.000000000,325.92533104681075,23,23:59:59,3
ORD-12120,13.012734166066911,77.64350262440405,2026-08-14 16:59:21.219607144,315.4607862507735,16,16:59:21,5
ORD-12121,13.000211349434444,77.56262894971287,2026-08-14 21:03:27.719642919,601.0590843312779,21,21:03:27,5
ORD-12122,12.989146373303814,77.63900674575638,2026-08-14 18:34:20.580799131,556.9816575631278,18,18:34:20,4
ORD-12123,12.991695460778624,77.74218549440484,2026-08-14 23:59:59.000000000,470.013982600446,23,23:59:59,1
ORD-12124,12.96764638210184,77.6887183103967,2026-08-14 16:36:55.955152877,556.2285982277521,16,16:36:55,4
ORD-12125,12.913144768694051,77.63902478134672,2026-08-14 21:33:44.455412843,501.3677638578091,21,21:33:44,3
ORD-12126,12.908712698023454,77.66843321407296,2026-08-14 16:28:55.100104462,624.3326552099226,16,16:28:55,4
ORD-12127,12.911458287973256,77.60300497640634,2026-08-14 19:12:12.899987453,622.9030132362255,19,19:12:12,3
ORD-12128,12.981258101339057,77.56732687631866,2026-08-14 19:54:51.180023252,320.1188849272736,19,19:54:51,2
ORD-12129,13.025837600715754,77.78121442028582,2026-08-14 22:40:27.225135656,521.0468981204685,22,22:40:27,1
ORD-12130,12.929787260270372,77.5610347284794,2026-08-14 17:18:25.498564573,229.6699874708877,17,17:18:25,2
ORD-12131,12.934523859350486,77.62805705187367,2026-08-14 21:39:30.447439626,499.9531107135894,21,21:39:30,4
ORD-12132,13.012452620665654,77.6501956511684,2026-08-14 20:02:48.999510492,570.6456419552378,20,20:02:48,5
ORD-12133,12.94762544872997,77.62264136173958,2026-08-14 20:40:55.140476574,282.9420982810259,20,20:40:55,4
ORD-12134,12.943389075460468,77.64766944458437,2026-08-14 22:23:44.994432166,417.5305896808752,22,22:23:44,4
ORD-12135,12.945354146924744,77.51491258081633,2026-08-14 16:47:36.989762952,481.42895658297033,16,16:47:36,2
ORD-12136,12.929760214861528,77.5840502348779,2026-08-14 22:01:35.354758337,515.0872374560084,22,22:01:35,2
ORD-12137,12.909508797947868,77.6444001482647,2026-08-14 18:34:39.856322195,438.20944451627474,18,18:34:39,3
ORD-12138,12.945880279255624,77.6646831803239,2026-08-14 22:44:22.861094791,304.1567771392992,22,22:44:22,4
ORD-12139,12.939861387224973,77.53745859211158,2026-08-14 20:50:11.018710841,471.8989197121113,20,20:50:11,2
ORD-12140,12.947570354769956,77.60220830665878,2026-08-14 19:28:34.244566347,232.1634649588533,19,19:28:34,2
ORD-12141,12.96411257367771,77.56040689912163,2026-08-14 18:31:29.766278183,445.1037844976783,18,18:31:29,2
ORD-12142,12.857078046262204,77.58438398752845,2026-08-14 22:03:29.654949198,413.7939579454605,22,22:03:29,3
ORD-12143,12.962992798029733,77.77330572382972,2026-08-14 23:09:08.565169328,459.8601489840869,23,23:09:08,1
ORD-12144,12.97820208785488,77.65088235365104,2026-08-14 18:40:04.336132258,396.1017033786476,18,18:40:04,4
ORD-12145,12.99955385803841,77.62783706122201,2026-08-14 17:10:02.940907967,253.84787427656997,17,17:10:02,5
ORD-12146,12.973255456009506,77.61891341934415,2026-08-14 21:44:07.899386507,425.0485019115732,21,21:44:07,4
ORD-12147,12.954521979785705,77.78750881308618,2026-08-14 16:22:43.221521697,619.6230187555979,16,16:22:43,1
ORD-12148,12.981932866542085,77.57081942552787,2026-08-14 16:44:10.388061753,669.2191205983207,16,16:44:10,2
ORD-12149,13.035379158988038,77.5886155449372,2026-08-14 17:20:35.697520249,845.9001418078899,17,17:20:35,5
ORD-12150,12.986921242272322,77.7087078137719,2026-08-14 18:57:40.945652651,733.7475612596496,18,18:57:40,1
ORD-12151,12.934172690425951,77.63833575384272,2026-08-14 16:39:33.012997061,300.4593109997844,16,16:39:33,4
ORD-12152,12.917755815751756,77.65724294355361,2026-08-14 15:09:10.800815566,418.7343598091011,15,15:09:10,4
ORD-12153,13.062890797092487,77.59673817211407,2026-08-14 17:09:41.002250966,476.5821547743335,17,17:09:41,5
ORD-12154,12.94278411841242,77.63484829430186,2026-08-14 21:36:22.270019154,467.166024864945,21,21:36:22,4
ORD-12155,12.94931548614584,77.56060197015174,2026-08-14 16:49:16.103350859,490.4299994844339,16,16:49:16,2
ORD-12156,12.924646579648073,77.57254463261323,2026-08-14 19:08:57.572898412,841.1387132321338,19,19:08:57,2
ORD-12157,13.01453983316108,77.7478702667999,2026-08-14 23:59:59.000000000,317.6922681311404,23,23:59:59,1
ORD-12158,12.964833066761214,77.62598790662116,2026-08-14 19:52:37.432829756,372.9703295678552,19,19:52:37,4
ORD-12159,12.931381367910747,77.57059779199673,2026-08-14 20:51:22.778907566,726.573889513364,20,20:51:22,2
ORD-12160,12.914118312311542,77.59836915593708,2026-08-14 17:38:05.639835736,387.6027985372722,17,17:38:05,3
ORD-12161,12.85554134889879,77.5859403318367,2026-08-14 23:59:59.000000000,539.0370975503573,23,23:59:59,3
ORD-12162,12.963376088729422,77.74597671739778,2026-08-14 18:38:48.349597754,635.1986054802313,18,18:38:48,1
ORD-12163,12.983921900171294,77.63730829540665,2026-08-14 19:25:47.057839936,552.9748525098045,19,19:25:47,4
ORD-12164,12.9680263929388,77.59591435768311,2026-08-14 23:17:33.528101705,508.7648449653738,23,23:17:33,2
ORD-12165,12.992422457341895,77.61321733111338,2026-08-14 19:32:44.391796317,620.7916154540976,19,19:32:44,5
ORD-12166,12.932572459059646,77.59725238738936,2026-08-14 20:07:10.999044077,346.03971652425446,20,20:07:10,2
ORD-12167,12.903819506077348,77.64457066226744,2026-08-14 19:17:44.805112898,405.5455305755998,19,19:17:44,3
ORD-12168,12.968808585058063,77.63546902807201,2026-08-14 19:18:46.508597485,560.3456382697746,19,19:18:46,4
ORD-12169,13.002104214779914,77.73177792877031,2026-08-14 20:55:34.518097453,169.58411111786234,20,20:55:34,1
ORD-12170,12.860683309479104,77.66225481327349,2026-08-14 21:22:56.488702783,692.4875735017039,21,21:22:56,3
ORD-12171,13.007108021129168,77.67849823708194,2026-08-14 18:23:30.764119087,525.5088562796672,18,18:23:30,4
ORD-12172,12.92344749213571,77.5840877981445,2026-08-14 18:05:05.275894678,502.9547629171725,18,18:05:05,2
ORD-12173,12.890601105576314,77.5239693601335,2026-08-14 18:28:37.775200282,235.4230683538414,18,18:28:37,2
ORD-12174,12.931441748355647,77.68069872853289,2026-08-14 16:29:48.713872202,287.0086311900393,16,16:29:48,4
ORD-12175,13.030841807884473,77.60758130151218,2026-08-14 16:01:26.127673326,420.2124503548707,16,16:01:26,5
ORD-12176,13.017945893750646,77.73585666408587,2026-08-14 20:44:34.504325024,601.1144775443398,20,20:44:34,1
ORD-12177,12.987843600985189,77.67982330426241,2026-08-14 22:20:47.362228576,168.5075981702122,22,22:20:47,4
ORD-12178,12.912011103146185,77.58988630075933,2026-08-14 22:10:39.407638307,598.2547201166035,22,22:10:39,3
ORD-12179,12.996003331623662,77.58243662701184,2026-08-14 14:02:42.078541770,425.995301383745,14,14:02:42,5
ORD-12180,12.929320567402645,77.7948433528733,2026-08-14 19:23:14.414216611,446.4864790887522,19,19:23:14,1
ORD-12181,12.977775658554698,77.62994290613172,2026-08-14 17:14:41.172399667,518.038941253621,17,17:14:41,4
ORD-12182,12.890999733619514,77.5814665812074,2026-08-14 20:21:33.636940388,520.3975856769617,20,20:21:33,3
ORD-12183,12.97355302509467,77.73250451379232,2026-08-14 18:57:19.588330716,373.1357115095104,18,18:57:19,1
ORD-12184,12.904661747375044,77.64586871042711,2026-08-14 21:28:47.207156201,573.7365132703264,21,21:28:47,3
ORD-12185,12.953561276109788,77.63113499381741,2026-08-14 19:57:07.622186388,132.09027901553424,19,19:57:07,4
ORD-12186,12.893228187181796,77.57088829509595,2026-08-14 15:15:35.982945739,412.4371670148518,15,15:15:35,3
ORD-12187,13.062364359341103,77.61268274193544,2026-08-14 17:34:56.227144804,503.0522644765356,17,17:34:56,5
ORD-12188,13.089433313390566,77.61171878470664,2026-08-14 20:00:52.066033440,428.2576027178288,20,20:00:52,5
ORD-12189,12.981283818643696,77.6290006230603,2026-08-14 20:13:30.993863080,205.9634544051027,20,20:13:30,4
ORD-12190,13.006975860665602,77.73867697686255,2026-08-14 16:29:08.908730664,593.7041068140707,16,16:29:08,1
ORD-12191,12.928400052415938,77.61478305413438,2026-08-14 16:09:31.862668085,292.7418281809422,16,16:09:31,3
ORD-12192,12.973054235970755,77.63562329322588,2026-08-14 20:08:26.208038159,469.87289887075656,20,20:08:26,4
ORD-12193,12.968688987982288,77.6428067260335,2026-08-14 16:29:26.994245545,502.9551895601434,16,16:29:26,4
ORD-12194,12.858480747030203,77.57472179244726,2026-08-14 15:49:42.335161493,482.97407306480505,15,15:49:42,3
ORD-12195,12.993657197828393,77.75049379246886,2026-08-14 18:53:13.735386318,655.3516388795723,18,18:53:13,1
ORD-12196,12.992792977789346,77.59685426328512,2026-08-14 18:46:43.985177952,472.010616000947,18,18:46:43,5
ORD-12197,12.947883099311134,77.55439590126524,2026-08-14 17:48:14.395703946,544.118310704541,17,17:48:14,2
ORD-12198,12.991567013012787,77.62940450848727,2026-08-14 18:14:26.367389475,471.6143950273138,18,18:14:26,4
ORD-12199,13.012519271137592,77.8204744003127,2026-08-14 20:02:04.521509002,571.9434126249412,20,20:02:04,1
ORD-12200,12.986943445522584,77.65038688803965,2026-08-14 18:11:58.533866882,689.0242945571285,18,18:11:58,4
ORD-12201,12.881888963753916,77.60590060096015,2026-08-14 20:10:36.273194984,500.6312744208291,20,20:10:36,3
ORD-12202,12.963042127409768,77.78676118432968,2026-08-14 19:02:55.783174944,597.27755363745,19,19:02:55,1
ORD-12203,12.913814960656865,77.65237190069121,2026-08-14 20:25:08.851398480,698.2993402323295,20,20:25:08,3
ORD-12204,12.916543239906282,77.60389911597099,2026-08-14 22:11:43.850088930,683.5776370461407,22,22:11:43,3
ORD-12205,12.936611288919662,77.56920952697115,2026-08-14 22:05:53.230608515,422.2065894583184,22,22:05:53,2
ORD-12206,12.954783696316756,77.69033249329735,2026-08-14 23:13:13.894239595,635.4648533617751,23,23:13:13,4
ORD-12207,12.919221602743525,77.56610111488479,2026-08-14 22:05:43.322072074,517.3156740070789,22,22:05:43,2
ORD-12208,12.951740665372782,77.76459055719066,2026-08-14 20:35:47.017783876,647.5844996600871,20,20:35:47,1
ORD-12209,12.950952118347669,77.59102680766247,2026-08-14 18:54:59.115261239,565.2951875344424,18,18:54:59,2
ORD-12210,13.070639531665732,77.61714466740406,2026-08-14 19:01:50.151694654,521.3502114054282,19,19:01:50,5
ORD-12211,13.025473033356803,77.58080002999999,2026-08-14 17:48:20.004242078,545.0958120519532,17,17:48:20,5
ORD-12212,12.94614877828684,77.64458184884657,2026-08-14 20:00:40.763619464,518.2856934058397,20,20:00:40,4
ORD-12213,13.027324550746105,77.6824910565729,2026-08-14 21:44:36.487308407,524.1499567704765,21,21:44:36,4
ORD-12214,12.89764844477225,77.60652978019554,2026-08-14 18:11:08.991574053,456.1751459127137,18,18:11:08,3
ORD-12215,12.993285623172122,77.78737992223206,2026-08-14 19:54:25.039272026,442.2413489088724,19,19:54:25,1
ORD-12216,13.068663931404668,77.59476427585089,2026-08-14 18:18:23.739941504,744.4762394059004,18,18:18:23,5
ORD-12217,12.925909207165,77.7150372268314,2026-08-14 20:31:24.188971689,551.6291866666776,20,20:31:24,1
ORD-12218,12.93744217300118,77.59487789527985,2026-08-14 18:37:35.549544450,394.0042616652901,18,18:37:35,2
ORD-12219,12.896746221929796,77.62605993638113,2026-08-14 18:09:04.404858354,438.3873852855535,18,18:09:04,3
ORD-12220,12.938692852494013,77.56980706698725,2026-08-14 18:18:00.299745612,638.4387680171926,18,18:18:00,2
ORD-12221,13.010274902063156,77.5813864098004,2026-08-14 21:15:29.958964610,369.5719934867071,21,21:15:29,5
ORD-12222,12.979216458940185,77.60582916439785,2026-08-14 19:45:29.255352026,257.6958477283484,19,19:45:29,2
ORD-12223,12.899268108099054,77.60846520535554,2026-08-14 18:55:44.204430000,268.7326289096933,18,18:55:44,3
ORD-12224,12.931869815692291,77.61090320326299,2026-08-14 20:39:12.640522925,220.65365996928185,20,20:39:12,3
ORD-12225,12.964039950244942,77.60628878023867,2026-08-14 18:57:49.354042791,285.17777126033127,18,18:57:49,2
ORD-12226,12.963808722057124,77.74768606621168,2026-08-14 22:48:58.661043171,302.87010902987845,22,22:48:58,1
ORD-12227,12.91177707602791,77.60830943056037,2026-08-14 17:33:55.204616761,687.7856069412207,17,17:33:55,3
ORD-12228,12.966677884580792,77.8063602543169,2026-08-14 19:31:57.256384644,473.07311810110974,19,19:31:57,1
ORD-12229,12.93691521914611,77.68670966350251,2026-08-14 16:29:17.113004997,425.5104691294925,16,16:29:17,4
ORD-12230,12.938232397287551,77.62222844564096,2026-08-14 19:07:58.130472989,263.4880405472139,19,19:07:58,4
ORD-12231,12.89990484428141,77.57095878657485,2026-08-14 15:48:03.280520640,458.531040379299,15,15:48:03,3
ORD-12232,12.98170888557395,77.63239386367123,2026-08-14 21:51:56.848703032,219.40079061537116,21,21:51:56,4
ORD-12233,12.840839013445285,77.56686219397602,2026-08-14 21:54:58.533903050,424.5874243070453,21,21:54:58,3
ORD-12234,12.974846721917435,77.59343781047778,2026-08-14 21:57:37.531563519,789.6741584765513,21,21:57:37,2
ORD-12235,12.954428571809068,77.58470342353297,2026-08-14 20:04:19.852321570,579.5705368059547,20,20:04:19,2
ORD-12236,12.888668605918111,77.52323284895202,2026-08-14 17:48:01.166357609,448.5302759468204,17,17:48:01,2
ORD-12237,12.972039155875716,77.55999720828133,2026-08-14 17:59:56.934311676,584.7185408109535,17,17:59:56,2
ORD-12238,12.943854500823807,77.65553028224652,2026-08-14 23:49:31.548496985,401.7685232808648,23,23:49:31,4
ORD-12239,12.88440707953846,77.59215060590917,2026-08-14 23:35:21.093934198,359.89833856812186,23,23:35:21,3
ORD-12240,13.078261271593703,77.61565121020794,2026-08-14 20:18:22.996412557,735.6194444299264,20,20:18:22,5
ORD-12241,12.91359500025924,77.66657871511764,2026-08-14 18:42:39.293693277,308.658801911959,18,18:42:39,4
ORD-12242,13.0138287503209,77.60401684425555,2026-08-14 23:25:17.610804287,426.88181464839744,23,23:25:17,5
ORD-12243,12.946894392024422,77.62632929537848,2026-08-14 18:15:49.471547537,525.9049923545265,18,18:15:49,4
ORD-12244,12.937923536038438,77.57629918097983,2026-08-14 20:34:19.642872863,339.56486913638275,20,20:34:19,2
ORD-12245,13.00446350123822,77.54105790719618,2026-08-14 23:22:47.615748586,577.5907430447114,23,23:22:47,5
ORD-12246,12.882900776482682,77.63083048890188,2026-08-14 17:54:32.953503018,434.0108213036621,17,17:54:32,3
ORD-12247,13.018595945516758,77.57505329848557,2026-08-14 22:04:23.012270734,579.5865491350285,22,22:04:23,5
ORD-12248,12.909718014828895,77.59528410456794,2026-08-14 21:18:05.047162595,567.8976269625778,21,21:18:05,3
ORD-12249,12.933353571219971,77.6473717643683,2026-08-14 19:54:04.351119916,443.5481804061256,19,19:54:04,4
ORD-12250,12.937611714659234,77.61985885726158,2026-08-14 17:30:59.097607802,736.5988008886477,17,17:30:59,4
ORD-12251,12.96909502228766,77.5369636443793,2026-08-14 18:11:20.042159071,380.1996294849838,18,18:11:20,2
ORD-12252,12.935373622659666,77.55160984923216,2026-08-14 20:43:25.059655656,682.3305705823105,20,20:43:25,2
ORD-12253,13.006457334199972,77.55455700035817,2026-08-14 16:26:29.968846068,656.2399863942061,16,16:26:29,5
ORD-12254,12.955267988740816,77.58061064182415,2026-08-14 20:19:36.694731164,745.632331149066,20,20:19:36,2
ORD-12255,12.971127386439246,77.55586434542947,2026-08-14 21:21:09.458856555,506.1084059014531,21,21:21:09,2
ORD-12256,12.96111072764235,77.56787871438418,2026-08-14 22:27:46.981555282,361.7121432108015,22,22:27:46,2
ORD-12257,12.983220925519896,77.71531181026339,2026-08-14 16:30:14.786329858,791.519487799432,16,16:30:14,1
ORD-12258,13.016342802782177,77.69135468426316,2026-08-14 23:17:26.225674451,429.7947798035454,23,23:17:26,4
ORD-12259,12.94157180586402,77.80870201784882,2026-08-14 23:59:59.000000000,357.96861409416965,23,23:59:59,1
ORD-12260,13.02057014382133,77.55097924674584,2026-08-14 21:01:31.364109422,451.5319881142781,21,21:01:31,5
ORD-12261,12.92426750468882,77.5934612715225,2026-08-14 17:24:17.562767178,332.7463925764383,17,17:24:17,2
ORD-12262,12.89864454105336,77.54454452162204,2026-08-14 19:10:47.016404757,558.9223237685019,19,19:10:47,2
ORD-12263,13.066693076196907,77.74119568349356,2026-08-14 19:52:51.624793933,389.1497427362231,19,19:52:51,1
ORD-12264,12.84920514238835,77.6623798415652,2026-08-14 20:40:34.171578575,436.8773745142692,20,20:40:34,3
ORD-12265,12.93798748167887,77.58327367491431,2026-08-14 20:03:17.833973792,625.1668292497443,20,20:03:17,2
ORD-12266,12.938940831895986,77.61817154786554,2026-08-14 20:42:10.486286052,573.5539815264287,20,20:42:10,4
ORD-12267,12.90795785853787,77.54269077635442,2026-08-14 19:46:23.279183948,482.3376858854488,19,19:46:23,2
ORD-12268,12.997753398761164,77.60931033382244,2026-08-14 20:39:45.963850610,505.6310293120473,20,20:39:45,5
ORD-12269,13.023945010776885,77.6393452235288,2026-08-14 18:50:55.289209548,481.8383145947312,18,18:50:55,5
ORD-12270,12.900164665943102,77.6606616452527,2026-08-14 19:09:16.319547158,415.3267400373953,19,19:09:16,3
ORD-12271,12.94699951075477,77.68466547946186,2026-08-14 18:33:35.773465710,479.6210008728319,18,18:33:35,4
ORD-12272,12.956739064189223,77.60851731256217,2026-08-14 23:59:59.000000000,553.6262438239415,23,23:59:59,2
ORD-12273,12.900404217320128,77.59935330806762,2026-08-14 23:39:35.107075569,461.07568065317406,23,23:39:35,3
ORD-12274,13.0184248115725,77.64452728931015,2026-08-14 21:23:17.647710123,542.9651445345411,21,21:23:17,5
ORD-12275,12.887084559105029,77.63467106132836,2026-08-14 23:18:47.780975410,354.4996832365429,23,23:18:47,3
ORD-12276,12.9235186448434,77.52184383194883,2026-08-14 21:59:46.152050801,389.4159523281443,21,21:59:46,2
ORD-12277,12.986592351982,77.60831400477007,2026-08-14 20:27:11.440435627,369.8519245089037,20,20:27:11,5
ORD-12278,12.917304239535332,77.64130952033744,2026-08-14 16:14:09.857930823,395.2302942311391,16,16:14:09,3
ORD-12279,12.911666224548572,77.63627749260873,2026-08-14 19:20:40.524718873,673.0771570059137,19,19:20:40,3
ORD-12280,12.914956422009142,77.76424816341896,2026-08-14 19:09:44.658971835,588.9058189665541,19,19:09:44,1
ORD-12281,13.038157089343896,77.71518002766364,2026-08-14 17:10:02.323442171,318.46153219734816,17,17:10:02,1
ORD-12282,12.945006925380428,77.5697494594988,2026-08-14 16:17:04.539528540,545.6247444612683,16,16:17:04,2
ORD-12283,12.939749937903056,77.58729373045011,2026-08-14 21:13:54.474119103,421.4126531027145,21,21:13:54,2
ORD-12284,12.949943658254185,77.65413939809142,2026-08-14 20:48:40.538901337,377.6423121792652,20,20:48:40,4
ORD-12285,12.988502152470884,77.68810546010266,2026-08-14 17:04:53.427179391,257.13908014162394,17,17:04:53,4
ORD-12286,13.013230868280552,77.67360785949887,2026-08-14 18:08:07.093442074,625.7878040730367,18,18:08:07,4
ORD-12287,12.99885564803212,77.76304947870295,2026-08-14 22:54:11.000458387,275.42052754992926,22,22:54:11,1
ORD-12288,12.97930662599718,77.63073362893442,2026-08-14 17:48:20.731378351,472.2055232985188,17,17:48:20,4
ORD-12289,13.00252297206612,77.59114358378223,2026-08-14 20:25:37.190135404,338.05331314126965,20,20:25:37,5
ORD-12290,12.954334388852818,77.60708240156974,2026-08-14 19:31:31.995303888,596.3765920604887,19,19:31:31,2
ORD-12291,12.965261443178996,77.69622142583663,2026-08-14 21:15:57.271239559,429.8472260529074,21,21:15:57,4
ORD-12292,12.92523237066696,77.5895957264711,2026-08-14 17:51:35.031126092,459.8306016719483,17,17:51:35,2
ORD-12293,12.955365094967291,77.55616347656776,2026-08-14 20:13:30.751297861,464.8898605604951,20,20:13:30,2
ORD-12294,12.919488206444043,77.61028613750418,2026-08-14 20:25:18.503196113,525.3855502403675,20,20:25:18,3
ORD-12295,12.938586422145358,77.5679837548198,2026-08-14 20:34:31.627256063,481.9507145974964,20,20:34:31,2
ORD-12296,12.884606864828914,77.63716699947557,2026-08-14 20:11:51.664721664,473.50902165583256,20,20:11:51,3
ORD-12297,12.907289665902546,77.66210854265805,2026-08-14 20:51:41.483885347,402.2397037117833,20,20:51:41,3
ORD-12298,12.943084440270528,77.64573667525723,2026-08-14 23:59:59.000000000,243.79059399868603,23,23:59:59,4
ORD-12299,13.01917423121473,77.73916012158676,2026-08-14 23:59:59.000000000,312.21735606872164,23,23:59:59,1
ORD-12300,13.01569296531043,77.62750959049595,2026-08-14 18:24:07.054732919,587.7719608020968,18,18:24:07,5
ORD-12301,12.98943297473754,77.58804343915625,2026-08-14 14:12:15.813176828,434.1270805010553,14,14:12:15,5
ORD-12302,13.02030102884346,77.5871714491556,2026-08-14 21:29:19.457706498,380.398533341628,21,21:29:19,5
ORD-12303,12.970947077314452,77.75074279277919,2026-08-14 20:27:56.272139111,269.1407783372932,20,20:27:56,1
ORD-12304,12.895189213678552,77.58561548863202,2026-08-14 22:39:09.376732652,222.0529289864472,22,22:39:09,3
ORD-12305,13.018686606208949,77.76557389103817,2026-08-14 20:42:43.973097438,374.51896798077024,20,20:42:43,1
ORD-12306,12.936287219923962,77.6188381451592,2026-08-14 20:08:47.435455731,613.2079281067886,20,20:08:47,4
ORD-12307,12.928180345994225,77.63634183199713,2026-08-14 22:49:20.159362895,396.43947095665226,22,22:49:20,4
ORD-12308,12.95652335908114,77.61288472983622,2026-08-14 23:10:19.025295725,540.0728287862171,23,23:10:19,4
ORD-12309,12.981167355793854,77.7667978909402,2026-08-14 16:32:00.959470971,389.54102559030633,16,16:32:00,1
ORD-12310,12.936348175436557,77.60048806894143,2026-08-14 17:57:30.544315744,575.8300044043274,17,17:57:30,2
ORD-12311,12.852254363979416,77.59978867984374,2026-08-14 19:44:09.663366402,427.2373797286997,19,19:44:09,3
ORD-12312,12.994712006909694,77.62076411440252,2026-08-14 20:14:45.938615321,295.2173631674256,20,20:14:45,5
ORD-12313,12.902773360174066,77.62091663922584,2026-08-14 19:26:06.151169830,439.65703981508346,19,19:26:06,3
ORD-12314,13.02823838459394,77.69028193769019,2026-08-14 21:05:07.864600757,755.100062742061,21,21:05:07,4
ORD-12315,12.93417895552707,77.62937618707554,2026-08-14 22:29:24.943103854,748.4826473326282,22,22:29:24,4
ORD-12316,13.008681890065704,77.69747192946582,2026-08-14 23:59:59.000000000,552.9799954169047,23,23:59:59,1
ORD-12317,12.958492349006304,77.79674496594379,2026-08-14 21:26:50.217213956,459.4411776879446,21,21:26:50,1
ORD-12318,13.003932018958968,77.76292423221774,2026-08-14 17:52:08.996893922,525.5852703142625,17,17:52:08,1
ORD-12319,12.917095865813428,77.74825314184356,2026-08-14 19:37:53.613973220,527.5278508099934,19,19:37:53,1
ORD-12320,12.90725296113125,77.5944863615986,2026-08-14 19:48:41.829828664,474.0169871449348,19,19:48:41,3
ORD-12321,12.88827286603218,77.5741996811759,2026-08-14 21:17:11.762159830,546.1416029883926,21,21:17:11,3
ORD-12322,12.844329715281074,77.65286316397419,2026-08-14 20:58:13.512300905,511.2340293230345,20,20:58:13,3
ORD-12323,12.955808032099492,77.7555001024296,2026-08-14 23:59:59.000000000,432.60414219535295,23,23:59:59,1
ORD-12324,13.035721665923404,77.55963981234638,2026-08-14 18:50:46.381782706,300.7114800924536,18,18:50:46,5
ORD-12325,12.934332728099314,77.6056139705901,2026-08-14 20:57:42.754803901,410.9911136669752,20,20:57:42,2
ORD-12326,13.010489104640971,77.60983121864548,2026-08-14 23:59:59.000000000,599.9278273610395,23,23:59:59,5
ORD-12327,12.907349881776778,77.68562717210581,2026-08-14 18:32:13.137927868,475.28066632569534,18,18:32:13,4
ORD-12328,12.952550286256262,77.6383925842383,2026-08-14 20:21:46.338265533,525.0430337381258,20,20:21:46,4
ORD-12329,12.93101193841344,77.67749982575022,2026-08-14 17:38:16.075489884,437.5476708443381,17,17:38:16,4
ORD-12330,12.96216980291076,77.7489058505046,2026-08-14 20:12:18.782096647,321.0603742484063,20,20:12:18,1
ORD-12331,12.941149108891224,77.64906380641901,2026-08-14 18:02:58.045666761,444.20554276922655,18,18:02:58,4
ORD-12332,12.938891782765106,77.59347061525445,2026-08-14 22:37:01.208131422,326.63161488759727,22,22:37:01,2
ORD-12333,12.897945219820093,77.63249660350033,2026-08-14 20:22:05.869731283,317.0566239594673,20,20:22:05,3
ORD-12334,12.960233280436194,77.6107327106312,2026-08-14 17:39:41.424660159,660.8454913304114,17,17:39:41,4
ORD-12335,12.914248417561254,77.74274393663971,2026-08-14 22:06:05.109280125,416.98709925986753,22,22:06:05,1
ORD-12336,12.993423402958904,77.6577895896247,2026-08-14 20:26:56.994349844,368.77729118099495,20,20:26:56,4
ORD-12337,12.927871471318076,77.73507000615093,2026-08-14 22:22:55.368995011,722.6939526571358,22,22:22:55,1
ORD-12338,12.921570875346612,77.6719531868801,2026-08-14 17:07:51.036348470,602.2477553106362,17,17:07:51,4
ORD-12339,12.968577047483947,77.71824357042198,2026-08-14 20:55:19.419710238,424.2736161747243,20,20:55:19,1
ORD-12340,13.055354334902264,77.58283765179856,2026-08-14 21:56:00.075251802,544.1454488328552,21,21:56:00,5
ORD-12341,12.892346445432471,77.59325293424533,2026-08-14 18:56:29.602587878,444.6317522608946,18,18:56:29,3
ORD-12342,12.995891468404793,77.63794732275773,2026-08-14 16:51:08.975457287,376.09804810806,16,16:51:08,4
ORD-12343,12.973571601940838,77.74125371924657,2026-08-14 19:53:45.532541665,551.2036836727507,19,19:53:45,1
ORD-12344,12.938125209474157,77.59270825811008,2026-08-14 23:04:13.037644028,431.3547172019696,23,23:04:13,2
ORD-12345,12.926825908987258,77.61411957815973,2026-08-14 22:48:53.372975707,491.32470134991047,22,22:48:53,3
ORD-12346,12.947007941840695,77.61090865211003,2026-08-14 18:55:44.144087200,633.2044852349508,18,18:55:44,2
ORD-12347,12.935572140755657,77.72856519881847,2026-08-14 16:47:32.231072612,616.6819655693065,16,16:47:32,1
ORD-12348,12.90233434572786,77.66553859906148,2026-08-14 18:55:19.382516854,397.4860062215885,18,18:55:19,3
ORD-12349,12.965396410718345,77.59544753267048,2026-08-14 18:49:43.701143413,552.9047403430629,18,18:49:43,2
ORD-12350,12.906735430271102,77.58780932340278,2026-08-14 21:06:58.021049743,310.8215630781366,21,21:06:58,3
ORD-12351,12.981889152398091,77.53320429925051,2026-08-14 19:44:14.986473863,547.5621241973557,19,19:44:14,2
ORD-12352,12.920606662058658,77.60630152551023,2026-08-14 18:07:00.622094366,502.2742958701658,18,18:07:00,3
ORD-12353,12.956839352074818,77.57925967702963,2026-08-14 22:45:38.367605346,536.8469043545147,22,22:45:38,2
ORD-12354,12.85506268931706,77.60131087578752,2026-08-14 20:21:03.832807004,435.3832868033651,20,20:21:03,3
ORD-12355,12.901174322371984,77.62728528412947,2026-08-14 21:05:18.740874578,792.6106910478734,21,21:05:18,3
ORD-12356,12.97809619627821,77.52202011645187,2026-08-14 15:41:15.131092819,344.80504385695286,15,15:41:15,2
ORD-12357,12.907192204261005,77.60515574661757,2026-08-14 13:56:21.616163724,625.7327566452692,13,13:56:21,3
ORD-12358,12.958242911660538,77.62050439824368,2026-08-14 16:24:22.087967000,325.24525203475025,16,16:24:22,4
ORD-12359,12.929125945385351,77.63905309540021,2026-08-14 18:47:55.109169539,555.6516261943982,18,18:47:55,4
ORD-12360,12.913297943469388,77.63254735208963,2026-08-14 21:26:27.204158524,566.3684965877674,21,21:26:27,3
ORD-12361,12.99702291708072,77.72436951575921,2026-08-14 14:08:39.778166334,488.2463807343428,14,14:08:39,1
ORD-12362,12.997147534193228,77.75183304690546,2026-08-14 23:58:55.668579348,405.7013384184444,23,23:58:55,1
ORD-12363,13.00819110841688,77.58755030349731,2026-08-14 20:25:35.094240931,501.1702336117948,20,20:25:35,5
ORD-12364,12.984943562930674,77.59317878189125,2026-08-14 23:24:02.654936549,520.0515500145261,23,23:24:02,2
ORD-12365,12.93183257082858,77.6335625649879,2026-08-14 17:47:06.269257733,748.4904729459424,17,17:47:06,4
ORD-12366,12.953988261422872,77.58076522808265,2026-08-14 21:15:34.739407552,349.1489572049556,21,21:15:34,2
ORD-12367,13.021777176308628,77.52951179358075,2026-08-14 20:12:46.763369737,396.6129755528997,20,20:12:46,5
ORD-12368,12.945831576159138,77.74670058252323,2026-08-14 22:02:39.176817491,522.7103335604004,22,22:02:39,1
ORD-12369,12.93103245891801,77.66526603847095,2026-08-14 19:24:55.877691603,441.5919314407122,19,19:24:55,4
ORD-12370,12.851559797912122,77.59233070550636,2026-08-14 21:10:58.936881068,464.99384434041,21,21:10:58,3
ORD-12371,12.961360827927026,77.59810676908685,2026-08-14 22:45:19.757868941,640.5527753045641,22,22:45:19,2
ORD-12372,12.926108925457502,77.665777850976,2026-08-14 18:22:19.413354974,120.0,18,18:22:19,4
ORD-12373,12.97402221663127,77.78654087953048,2026-08-14 20:36:20.198092407,390.3075982473283,20,20:36:20,1
ORD-12374,12.937034297853868,77.59486631310482,2026-08-14 15:16:49.239864999,218.6446160623126,15,15:16:49,2
ORD-12375,12.920486373862278,77.75962508044022,2026-08-14 21:45:22.527171570,300.62753446438944,21,21:45:22,1
ORD-12376,12.917576429399912,77.79533224754344,2026-08-14 23:59:59.000000000,840.6936738108705,23,23:59:59,1
ORD-12377,13.03012782642871,77.6388312094029,2026-08-14 16:53:20.075570262,569.7252200929134,16,16:53:20,5
ORD-12378,12.952992494805365,77.75940977752404,2026-08-14 19:46:17.568656149,622.7347387587156,19,19:46:17,1
ORD-12379,13.043127210006714,77.59542345586961,2026-08-14 22:12:04.331708227,467.9205525320353,22,22:12:04,5
ORD-12380,13.02065691703112,77.61073596064647,2026-08-14 20:04:42.757261199,593.8070737247865,20,20:04:42,5
ORD-12381,12.895484285778087,77.54056976348643,2026-08-14 20:24:45.895963439,215.0153238719626,20,20:24:45,2
ORD-12382,12.971398941266438,77.60835087961122,2026-08-14 19:01:21.005026287,635.7447617654401,19,19:01:21,2
ORD-12383,12.972106206301078,77.80827998338903,2026-08-14 18:55:46.629722209,357.023382216015,18,18:55:46,1
ORD-12384,12.96042820684463,77.79629461269961,2026-08-14 19:46:59.752617732,400.30262710111305,19,19:46:59,1
ORD-12385,12.977745092972404,77.55873372374732,2026-08-14 20:06:15.042799254,555.7726605681978,20,20:06:15,2
ORD-12386,13.03448140671198,77.78467487963184,2026-08-14 17:02:47.028645804,527.4670137873322,17,17:02:47,1
ORD-12387,12.912364263914666,77.63555099408369,2026-08-14 19:50:05.802126486,492.6930072590323,19,19:50:05,3
ORD-12388,12.902470379810074,77.63912021622708,2026-08-14 23:55:16.805448384,275.5355769629522,23,23:55:16,3
ORD-12389,12.83291225021506,77.57440695332069,2026-08-14 18:57:07.795857700,494.9720503232463,18,18:57:07,3
ORD-12390,13.004074091050043,77.74126205616234,2026-08-14 16:54:24.705154128,624.0842030224842,16,16:54:24,1
ORD-12391,12.942463980321106,77.57736250182596,2026-08-14 19:37:17.255388122,400.1269355850309,19,19:37:17,2
ORD-12392,13.034475344849572,77.79166853753011,2026-08-14 18:12:48.484690881,677.2405568010444,18,18:12:48,1
ORD-12393,12.928176017356863,77.61033564500978,2026-08-14 16:39:14.923572103,349.0962096128986,16,16:39:14,3
ORD-12394,12.963936152649689,77.6522864657559,2026-08-14 20:20:52.516155594,480.9821837577561,20,20:20:52,4
ORD-12395,13.003181608953398,77.82601309335888,2026-08-14 18:13:27.461665640,710.299160006492,18,18:13:27,1
ORD-12396,12.902917703482832,77.59582146093254,2026-08-14 18:26:17.572498321,377.79001309505855,18,18:26:17,3
ORD-12397,12.893587060868132,77.63996162273773,2026-08-14 20:23:00.846423468,638.0978225065611,20,20:23:00,3
ORD-12398,12.922746124243154,77.60478171067848,2026-08-14 16:10:01.428641739,776.1978543332714,16,16:10:01,3
ORD-12399,12.944924051984316,77.65323150118252,2026-08-14 15:38:45.873147740,505.65661033862256,15,15:38:45,4
ORD-12400,12.91640181567496,77.72910597902346,2026-08-14 21:40:37.849750517,400.947451892504,21,21:40:37,1
ORD-12401,12.963905025794308,77.60812914606495,2026-08-14 15:10:22.497593483,364.0891795574965,15,15:10:22,2
ORD-12402,12.941862787327464,77.78564880996777,2026-08-14 17:33:29.900742234,675.6904055020988,17,17:33:29,1
ORD-12403,12.92466749755966,77.73944470672731,2026-08-14 15:30:01.444181504,671.5041299009474,15,15:30:01,1
ORD-12404,12.928102540903168,77.59001630301314,2026-08-14 18:47:04.771798361,697.3963684303013,18,18:47:04,2
ORD-12405,12.944010447960462,77.5901893058681,2026-08-14 21:04:12.528728859,475.0742474016079,21,21:04:12,2
ORD-12406,13.019101682270607,77.74559887958765,2026-08-14 20:16:51.041538591,635.6710412290657,20,20:16:51,1
ORD-12407,12.958694454784688,77.6506108383544,2026-08-14 23:59:59.000000000,472.6740913310895,23,23:59:59,4
ORD-12408,12.956436099903955,77.56892797079705,2026-08-14 22:43:02.240560101,347.5417317587461,22,22:43:02,2
ORD-12409,12.984226451413235,77.59713009214937,2026-08-14 17:40:19.579348591,648.6265177668529,17,17:40:19,2
ORD-12410,12.93605391096513,77.6021715384666,2026-08-14 17:00:26.504956562,725.0805417417307,17,17:00:26,2
ORD-12411,12.920135030541974,77.69479655538436,2026-08-14 23:59:59.000000000,326.909704082802,23,23:59:59,4
ORD-12412,12.920067607847123,77.62028826674275,2026-08-14 22:39:23.148051600,324.0853555648995,22,22:39:23,3
ORD-12413,12.91508893496358,77.61274774837908,2026-08-14 21:28:24.326465426,485.9972901345187,21,21:28:24,3
ORD-12414,12.960501400859911,77.56647980040401,2026-08-14 20:11:13.666309941,623.41929086115,20,20:11:13,2
ORD-12415,12.99839284735827,77.68947252585825,2026-08-14 20:41:01.694107275,309.927120936907,20,20:41:01,4
ORD-12416,12.986250478143631,77.75361836986743,2026-08-14 16:17:41.340520658,514.0523605433859,16,16:17:41,1
ORD-12417,12.900674582531526,77.64258888430385,2026-08-14 20:23:33.352531771,391.4359568910372,20,20:23:33,3
ORD-12418,13.010672237110526,77.61117568816717,2026-08-14 20:10:41.082577131,585.1243649737503,20,20:10:41,5
ORD-12419,12.956640574722684,77.73036188041567,2026-08-14 17:44:22.750412087,360.31697677561647,17,17:44:22,1
ORD-12420,12.918070501792696,77.52841451562146,2026-08-14 18:39:13.261917884,595.7704500411269,18,18:39:13,2
ORD-12421,12.94937623850495,77.59490567382758,2026-08-14 23:47:16.587540992,456.26777837734375,23,23:47:16,2
ORD-12422,12.979440790842286,77.62336164824063,2026-08-14 19:41:13.425717346,339.42892144784355,19,19:41:13,4
ORD-12423,12.933729377523532,77.58274658311407,2026-08-14 23:59:59.000000000,489.5534933140333,23,23:59:59,2
ORD-12424,13.0211254836916,77.70067744706914,2026-08-14 15:38:53.885071614,189.30400282674708,15,15:38:53,1
ORD-12425,12.874259061789076,77.59232571663468,2026-08-14 18:41:40.828323968,396.135814184259,18,18:41:40,3
ORD-12426,12.975432057740363,77.56939803987937,2026-08-14 16:07:54.493038778,530.6101605486992,16,16:07:54,2
ORD-12427,12.9926691407893,77.66113498389866,2026-08-14 16:58:35.197914973,214.23678314521567,16,16:58:35,4
ORD-12428,12.897729383070768,77.77794754682675,2026-08-14 17:55:46.148649066,120.0,17,17:55:46,1
ORD-12429,12.958581205794475,77.57198750493603,2026-08-14 20:47:17.786640935,129.09490202802493,20,20:47:17,2
ORD-12430,12.96043212268043,77.64987594510137,2026-08-14 20:40:01.435539723,679.0692833250555,20,20:40:01,4
ORD-12431,13.039409127400102,77.58119941133862,2026-08-14 18:18:06.387123352,468.48614808559057,18,18:18:06,5
ORD-12432,12.944351023759596,77.63948527717218,2026-08-14 14:25:49.803983971,400.1301908989219,14,14:25:49,4
ORD-12433,12.989741562189646,77.73865380986358,2026-08-14 23:41:39.235857289,621.7732103500244,23,23:41:39,1
ORD-12434,12.90148746481583,77.68520498631018,2026-08-14 19:17:08.117555673,419.3325476296333,19,19:17:08,4
ORD-12435,12.97645781276457,77.73671314261631,2026-08-14 17:12:33.388467290,520.2692849800098,17,17:12:33,1
ORD-12436,12.999800543594814,77.8033623508769,2026-08-14 20:41:14.377029631,483.8633026384894,20,20:41:14,1
ORD-12437,12.871733095067922,77.76519922774727,2026-08-14 20:30:40.006534709,409.3500868870533,20,20:30:40,1
ORD-12438,12.92166727762164,77.61206886773796,2026-08-14 19:11:35.911815000,524.1218825833658,19,19:11:35,3
ORD-12439,12.93967745208311,77.64675042842542,2026-08-14 20:22:16.779140774,595.9891832130216,20,20:22:16,4
ORD-12440,12.954126333492688,77.52903659608633,2026-08-14 17:06:44.731436328,452.26400744745183,17,17:06:44,2
ORD-12441,12.955837113306018,77.60883966722989,2026-08-14 21:53:59.215588588,410.9166640268078,21,21:53:59,2
ORD-12442,13.071338731503634,77.55598590448345,2026-08-14 17:30:28.196147188,428.623138800082,17,17:30:28,5
ORD-12443,13.071747114940557,77.57432446986236,2026-08-14 18:29:09.873102269,135.31312008214024,18,18:29:09,5
ORD-12444,12.982485745855808,77.7321537116497,2026-08-14 21:37:19.216345364,522.4589319763368,21,21:37:19,1
ORD-12445,12.976175971969925,77.78121571720996,2026-08-14 23:00:35.630685092,298.6333066517173,23,23:00:35,1
ORD-12446,12.9268545072949,77.72620329361386,2026-08-14 23:57:51.971112417,574.4578086178386,23,23:57:51,1
ORD-12447,12.941673690556971,77.70855542813607,2026-08-14 22:38:22.184146199,466.4363848987059,22,22:38:22,1
ORD-12448,12.90498836007416,77.6959046860099,2026-08-14 19:11:23.350345784,495.7681644795661,19,19:11:23,4
ORD-12449,13.039954815628631,77.74659410972545,2026-08-14 16:08:50.702378096,585.0493755909304,16,16:08:50,1
ORD-12450,12.959364661583002,77.72577771804674,2026-08-14 23:30:45.500270426,341.02143504885976,23,23:30:45,1
ORD-12451,12.976012911438357,77.59156481986041,2026-08-14 23:25:36.263900144,535.3872665026436,23,23:25:36,2
ORD-12452,12.96893163439378,77.64699080958478,2026-08-14 18:19:12.214619819,520.1431578843997,18,18:19:12,4
ORD-12453,12.948412022813317,77.74157464936039,2026-08-14 22:18:10.701340421,452.282875103581,22,22:18:10,1
ORD-12454,12.912060083400648,77.60769217308459,2026-08-14 19:10:10.399854623,340.7720698854693,19,19:10:10,3
ORD-12455,12.944456858973298,77.62672958259179,2026-08-14 23:45:11.491951606,569.2857546082746,23,23:45:11,4
ORD-12456,12.962211053242225,77.73975347284296,2026-08-14 18:42:46.218038366,585.5181816628974,18,18:42:46,1
ORD-12457,12.934166508179525,77.6090914189444,2026-08-14 23:59:59.000000000,497.0403038966826,23,23:59:59,2
ORD-12458,12.982624015504436,77.60212439861091,2026-08-14 21:57:55.084928384,319.4546376428033,21,21:57:55,2
ORD-12459,13.009119955048352,77.77369479340813,2026-08-14 23:59:59.000000000,400.88264506118185,23,23:59:59,1
ORD-12460,12.985150164510255,77.69394477107282,2026-08-14 18:50:25.824573151,470.95009163699,18,18:50:25,4
ORD-12461,12.94260939851698,77.62857369410766,2026-08-14 21:00:45.266439998,583.274182497314,21,21:00:45,4
ORD-12462,12.937842991293532,77.5456328322374,2026-08-14 17:34:36.487214901,242.4765898330325,17,17:34:36,2
ORD-12463,13.017269216716176,77.599331168447,2026-08-14 22:06:35.903269073,395.42948035434347,22,22:06:35,5
ORD-12464,12.914781583018474,77.61994719216214,2026-08-14 22:14:51.373795534,419.5991160086696,22,22:14:51,3
ORD-12465,12.923125589331503,77.63244601011361,2026-08-14 23:59:59.000000000,467.5167630895456,23,23:59:59,3
ORD-12466,12.949084337677991,77.7945995290557,2026-08-14 21:12:18.358174977,284.80120739627296,21,21:12:18,1
ORD-12467,12.931224416023264,77.61110956550472,2026-08-14 21:48:36.847822555,447.370083244,21,21:48:36,3
ORD-12468,12.939227596449824,77.6040071526202,2026-08-14 18:49:22.526611466,433.42746535311153,18,18:49:22,2
ORD-12469,12.97814874850438,77.60819486147871,2026-08-14 21:21:12.414353717,324.36121927655154,21,21:21:12,2
ORD-12470,12.89924618393732,77.56845865804159,2026-08-14 19:03:00.979121812,462.3048623746974,19,19:03:00,3
ORD-12471,13.000295695587733,77.69276246516567,2026-08-14 20:17:22.746829578,398.8246354821747,20,20:17:22,4
ORD-12472,12.891977623216352,77.63853044492465,2026-08-14 20:26:10.640953912,554.337921376456,20,20:26:10,3
ORD-12473,12.926536887055772,77.60985279834073,2026-08-14 19:07:09.256139857,347.2008658493492,19,19:07:09,3
ORD-12474,12.9576857956209,77.54614186932012,2026-08-14 20:09:26.505868878,493.4751183192683,20,20:09:26,2
ORD-12475,12.96247049805736,77.55575377734968,2026-08-14 19:03:42.343472579,358.7416744156098,19,19:03:42,2
ORD-12476,12.907906766349184,77.65921742084605,2026-08-14 19:03:02.419874695,390.0368642761781,19,19:03:02,3
ORD-12477,12.96989557936649,77.5436740766266,2026-08-14 22:41:29.981863520,524.5937441558109,22,22:41:29,2
ORD-12478,12.934565301477218,77.63476495501517,2026-08-14 20:26:18.722776438,515.2076599263233,20,20:26:18,4
ORD-12479,13.052765712678912,77.58643705273113,2026-08-14 20:52:03.596449802,417.44667261324594,20,20:52:03,5
ORD-12480,13.05836293840246,77.74202376044319,2026-08-14 16:21:24.257079130,439.5884072500998,16,16:21:24,1
ORD-12481,12.919822484676404,77.55500546659151,2026-08-14 21:03:31.124986474,261.9590332335714,21,21:03:31,2
ORD-12482,12.932236738578236,77.60442364312163,2026-08-14 21:19:33.811175777,690.414646587105,21,21:19:33,2
ORD-12483,12.97732523190867,77.5723750507446,2026-08-14 19:00:14.952395801,583.1184596817043,19,19:00:14,2
ORD-12484,12.962990163157553,77.61023462637831,2026-08-14 23:59:59.000000000,577.717207630666,23,23:59:59,4
ORD-12485,12.99894701371081,77.64102920302315,2026-08-14 14:16:36.954622343,240.7451674565677,14,14:16:36,4
ORD-12486,12.990584838933623,77.5662862637476,2026-08-14 21:57:39.304221935,390.676501126607,21,21:57:39,2
ORD-12487,12.982426690131142,77.61764198360427,2026-08-14 21:46:55.243244594,429.8180956614566,21,21:46:55,4
ORD-12488,12.92452752745272,77.55697139331592,2026-08-14 21:21:14.246387995,190.34077619489813,21,21:21:14,2
ORD-12489,12.933157738746258,77.77372894898137,2026-08-14 20:26:25.914350748,613.492514411413,20,20:26:25,1
ORD-12490,12.924834528175388,77.73841414830272,2026-08-14 21:22:36.113903625,698.0826732822204,21,21:22:36,1
ORD-12491,12.951114653874589,77.62218419229087,2026-08-14 22:10:13.579316003,789.2902434005421,22,22:10:13,4
ORD-12492,13.044861063049945,77.55969690510278,2026-08-14 18:11:07.011745512,323.11742587233954,18,18:11:07,5
ORD-12493,12.990619903068902,77.72853758376334,2026-08-14 20:44:52.760599621,497.598524525141,20,20:44:52,1
ORD-12494,12.960238311396072,77.60292061047672,2026-08-14 19:32:30.148421790,678.4227403725632,19,19:32:30,2
ORD-12495,12.97520773775358,77.59543930066555,2026-08-14 17:15:56.084397970,441.9572281579569,17,17:15:56,2
ORD-12496,12.945328061230814,77.58411577060802,2026-08-14 21:47:34.529771520,394.9518129235984,21,21:47:34,2
ORD-12497,12.927976425679296,77.53477201683914,2026-08-14 18:35:20.756177844,200.09734896832637,18,18:35:20,2
ORD-12498,12.962211346179032,77.65436879576615,2026-08-14 16:15:19.271926985,649.8933686657624,16,16:15:19,4
ORD-12499,12.925089718865411,77.7904803578058,2026-08-14 18:39:08.004053684,477.1108865889952,18,18:39:08,1
ORD-12500,13.080236464190994,77.5534197298414,2026-08-14 18:00:09.909917162,370.5987211555407,18,18:00:09,5
ORD-12501,13.083316687156756,77.59197464439507,2026-08-14 22:34:16.311082711,522.578593474329,22,22:34:16,5
ORD-12502,12.986248009570495,77.57721721317552,2026-08-14 20:22:58.738265023,502.95080597679976,20,20:22:58,2
ORD-12503,13.010706568952935,77.6550132906597,2026-08-14 23:27:21.444711209,505.2388653531887,23,23:27:21,4
ORD-12504,12.906704636019084,77.58371793000121,2026-08-14 18:20:00.993918903,447.4352906509987,18,18:20:00,3
ORD-12505,12.884089414767676,77.63107796217514,2026-08-14 22:11:07.528847068,723.3537238145049,22,22:11:07,3
ORD-12506,12.94793649941229,77.60568379875727,2026-08-14 23:59:59.000000000,459.9510400106367,23,23:59:59,2
ORD-12507,12.96567066168874,77.70950512405174,2026-08-14 20:53:24.292204144,722.8983114484957,20,20:53:24,1
ORD-12508,13.011927382069167,77.63733220236367,2026-08-14 22:09:14.839760908,564.6175389600296,22,22:09:14,5
ORD-12509,12.910938000238996,77.58791961707385,2026-08-14 21:44:01.658978029,532.6755214142597,21,21:44:01,3
ORD-12510,12.89755223307488,77.63628040659107,2026-08-14 16:26:41.322053168,463.0087870082767,16,16:26:41,3
ORD-12511,12.911881040341232,77.61953494498215,2026-08-14 21:27:52.355677207,626.0935040318881,21,21:27:52,3
ORD-12512,12.996874519717238,77.73265029186987,2026-08-14 20:45:58.106885846,496.9487651366993,20,20:45:58,1
ORD-12513,12.967166759042833,77.57531093159858,2026-08-14 19:21:02.273549415,340.18031773297025,19,19:21:02,2
ORD-12514,12.866919838120925,77.58008951496585,2026-08-14 17:47:23.672632156,335.1761713502947,17,17:47:23,3
ORD-12515,12.934837606470229,77.59428408243804,2026-08-14 21:44:05.849162943,543.3726932901408,21,21:44:05,2
ORD-12516,12.940399176625744,77.61393934311144,2026-08-14 17:34:08.366343504,343.89316722502565,17,17:34:08,4
ORD-12517,13.004257331200234,77.59682396665963,2026-08-14 23:59:59.000000000,470.6653414541251,23,23:59:59,5
ORD-12518,12.94121388398336,77.54801787037292,2026-08-14 20:17:07.521751392,638.5776807826637,20,20:17:07,2
ORD-12519,12.77931599119336,77.62003258097434,2026-08-14 16:56:30.236569921,525.5955266841501,16,16:56:30,3
ORD-12520,12.866733202119748,77.60266419040505,2026-08-14 18:42:54.033495045,371.67976945068784,18,18:42:54,3
ORD-12521,12.92462660356414,77.68005902108455,2026-08-14 19:18:16.790955392,691.4981267424209,19,19:18:16,4
ORD-12522,12.983799879353024,77.75580506593795,2026-08-14 23:59:59.000000000,562.1812855492052,23,23:59:59,1
ORD-12523,12.999094690412178,77.76289741553937,2026-08-14 17:47:18.699478715,632.6689480806134,17,17:47:18,1
ORD-12524,13.019781305245404,77.6345016575589,2026-08-14 19:42:34.044630738,139.8662485186046,19,19:42:34,5
ORD-12525,12.93095874552391,77.76131365156367,2026-08-14 18:39:19.544671215,529.6279317394119,18,18:39:19,1
ORD-12526,12.88103505720523,77.63163803501305,2026-08-14 21:14:53.326370235,606.323675456984,21,21:14:53,3
ORD-12527,12.985154637462053,77.69947592366701,2026-08-14 18:41:43.049276655,735.0432963446988,18,18:41:43,1
ORD-12528,12.880425913729535,77.60346894884512,2026-08-14 17:09:08.490004743,260.4272123773437,17,17:09:08,3
ORD-12529,13.007193884930096,77.6525361039739,2026-08-14 19:30:42.348781834,660.91718837918,19,19:30:42,4
ORD-12530,12.922910676796814,77.57663525039645,2026-08-14 19:15:05.455410010,726.6570428551867,19,19:15:05,2
ORD-12531,13.0151213578168,77.64057643528781,2026-08-14 18:31:09.800601384,177.4066534081531,18,18:31:09,5
ORD-12532,12.967997178218612,77.76313758936506,2026-08-14 18:39:10.706769926,551.7886664804614,18,18:39:10,1
ORD-12533,12.931168408492823,77.58309200696625,2026-08-14 22:57:42.262180929,572.6431221511053,22,22:57:42,2
ORD-12534,12.949283364912626,77.62771313345864,2026-08-14 19:12:02.338071592,430.94885060221407,19,19:12:02,4
ORD-12535,13.116497289307851,77.56145465171222,2026-08-14 17:09:52.851037694,406.48583099005657,17,17:09:52,5
ORD-12536,12.945390052242018,77.5641959611887,2026-08-14 18:50:40.956325801,580.1780869931733,18,18:50:40,2
ORD-12537,12.940707129868558,77.65867773061721,2026-08-14 20:08:09.020935189,387.7527369884052,20,20:08:09,4
ORD-12538,12.963275270936624,77.58982736340154,2026-08-14 16:39:33.573271038,447.41260073728535,16,16:39:33,2
ORD-12539,13.016087659308509,77.57243149455967,2026-08-14 23:59:59.000000000,601.8652351235883,23,23:59:59,5
ORD-12540,12.93008244282908,77.6493239997248,2026-08-14 22:10:08.215297556,743.1064575490296,22,22:10:08,4
ORD-12541,13.03113524496698,77.60419202496459,2026-08-14 23:34:31.554692569,560.6976408813027,23,23:34:31,5
ORD-12542,13.039800806357071,77.59706312272247,2026-08-14 20:58:49.153129389,500.0226743121767,20,20:58:49,5
ORD-12543,12.878473007680077,77.6488955610603,2026-08-14 14:45:56.722948829,402.5403773008844,14,14:45:56,3
ORD-12544,12.94553183788556,77.63832085215009,2026-08-14 23:50:18.003449747,328.4099939023416,23,23:50:18,4
ORD-12545,12.943372162984105,77.57852728607038,2026-08-14 17:50:27.884762611,646.4367362251425,17,17:50:27,2
ORD-12546,12.929035303080123,77.57080563572929,2026-08-14 18:02:40.319303981,456.9825223309673,18,18:02:40,2
ORD-12547,12.91071879861808,77.72897382242765,2026-08-14 20:23:26.926295599,652.6054912000093,20,20:23:26,1
ORD-12548,12.988088226825482,77.72714019135245,2026-08-14 23:26:44.068620031,430.5672183006808,23,23:26:44,1
ORD-12549,12.899541818084325,77.59598600213668,2026-08-14 22:37:59.584205572,382.6067007958483,22,22:37:59,3
ORD-12550,12.953863015189912,77.7376149363013,2026-08-14 22:15:56.530081584,543.1198333241274,22,22:15:56,1
ORD-12551,13.01099325082723,77.66141172199706,2026-08-14 19:13:13.556524129,468.51960910974,19,19:13:13,4
ORD-12552,13.07166709392986,77.63790031274957,2026-08-14 19:10:51.532265171,299.17070930838935,19,19:10:51,5
ORD-12553,12.892941269573308,77.54011723847545,2026-08-14 20:51:53.493011821,752.6052494672772,20,20:51:53,2
ORD-12554,12.896459539796307,77.67120771466682,2026-08-14 19:40:29.362428448,385.9524339342544,19,19:40:29,3
ORD-12555,12.959248287389114,77.59700253362162,2026-08-14 22:13:23.861165964,619.1387281761321,22,22:13:23,2
ORD-12556,12.956515132992308,77.58624880638999,2026-08-14 22:04:31.058980457,606.2784944094723,22,22:04:31,2
ORD-12557,12.97919446457931,77.75878328572492,2026-08-14 21:28:42.071890554,291.0805852628465,21,21:28:42,1
ORD-12558,12.906213680264427,77.64849797373797,2026-08-14 13:41:06.348464076,329.6418533075273,13,13:41:06,3
ORD-12559,12.949228226318745,77.58913032821532,2026-08-14 20:19:11.895273095,434.7735990449808,20,20:19:11,2
ORD-12560,13.059837092467616,77.57453625086194,2026-08-14 19:43:40.315073406,350.1530183132525,19,19:43:40,5
ORD-12561,12.89667270017466,77.63080838173926,2026-08-14 20:25:12.230415836,738.9684557818032,20,20:25:12,3
ORD-12562,12.905179338818824,77.61103227917386,2026-08-14 18:06:51.078253082,449.9736544802233,18,18:06:51,3
ORD-12563,12.954650976231502,77.69639323545026,2026-08-14 16:41:16.926806407,613.4623564221102,16,16:41:16,4
ORD-12564,12.990989157666696,77.76654239170465,2026-08-14 21:09:28.246319775,557.0456083500306,21,21:09:28,1
ORD-12565,12.988378055428544,77.71243834040766,2026-08-14 19:06:33.288140411,519.603367349453,19,19:06:33,1
ORD-12566,12.939245885853795,77.62345817290823,2026-08-14 21:26:12.236943368,486.0481816109382,21,21:26:12,4
ORD-12567,12.981055458913046,77.75407778183666,2026-08-14 18:19:21.770600837,665.5696061683045,18,18:19:21,1
ORD-12568,13.0490894887096,77.58609864817852,2026-08-14 23:32:23.195764434,356.2360539997475,23,23:32:23,5
ORD-12569,12.929951312108011,77.539926000188,2026-08-14 22:30:09.583583137,738.9502965684879,22,22:30:09,2
ORD-12570,12.958603245269895,77.79867917418618,2026-08-14 20:44:31.443976913,286.91652292438573,20,20:44:31,1
ORD-12571,12.939058291886989,77.58216776369159,2026-08-14 19:28:00.404279526,597.2267588433635,19,19:28:00,2
ORD-12572,13.036164314668902,77.70237077575946,2026-08-14 22:07:51.679900184,269.22542100903263,22,22:07:51,1
ORD-12573,12.932769055559383,77.65454489939466,2026-08-14 20:58:52.930337137,432.6441671659561,20,20:58:52,4
ORD-12574,12.936808632761712,77.61600959372986,2026-08-14 20:35:47.257691375,493.996490709145,20,20:35:47,4
ORD-12575,12.874627848621651,77.62576936932383,2026-08-14 22:36:25.788686036,406.9956976755729,22,22:36:25,3
ORD-12576,12.997456095433462,77.60249269737078,2026-08-14 23:33:58.825389660,452.74956455746633,23,23:33:58,5
ORD-12577,12.911690354505737,77.59835694587885,2026-08-14 16:52:08.299339630,271.954432810381,16,16:52:08,3
ORD-12578,12.978759200124657,77.71082624152228,2026-08-14 17:22:26.543033852,331.8824296914673,17,17:22:26,1
ORD-12579,12.96041816090796,77.64215383235592,2026-08-14 18:02:57.653470691,554.7397060793824,18,18:02:57,4
ORD-12580,12.922488855444351,77.61692534509265,2026-08-14 16:14:38.178621208,484.45077374661673,16,16:14:38,3
ORD-12581,12.923125224740282,77.55565920064477,2026-08-14 19:50:35.263269878,376.420796126774,19,19:50:35,2
ORD-12582,12.956079970361774,77.5851405371314,2026-08-14 21:30:01.048097201,678.6416644694507,21,21:30:01,2
ORD-12583,13.026250392974749,77.78313164079157,2026-08-14 19:56:47.235345429,297.0103650014676,19,19:56:47,1
ORD-12584,13.004312914756785,77.60754739645516,2026-08-14 18:39:52.905225484,425.76143012039057,18,18:39:52,5
ORD-12585,12.877493554687408,77.6086478113398,2026-08-14 22:48:58.119814162,404.1515582732292,22,22:48:58,3
ORD-12586,12.96916709608647,77.58046073797215,2026-08-14 20:21:05.007628861,572.2556441641567,20,20:21:05,2
ORD-12587,12.938879362240565,77.6913913228842,2026-08-14 20:51:26.846706297,487.2245536705792,20,20:51:26,4
ORD-12588,12.97236358260964,77.67399101974466,2026-08-14 22:53:08.113244098,463.7752130198105,22,22:53:08,4
ORD-12589,12.924241856265477,77.64397761820678,2026-08-14 19:41:30.822550340,203.36749441991407,19,19:41:30,4
ORD-12590,13.010675137497609,77.62485523343194,2026-08-14 23:59:59.000000000,609.7551720948139,23,23:59:59,5
ORD-12591,13.058703584692129,77.60714689109132,2026-08-14 18:52:49.664965154,447.32612777523946,18,18:52:49,5
ORD-12592,13.017660259690148,77.57574253067534,2026-08-14 23:59:59.000000000,497.34915264156297,23,23:59:59,5
ORD-12593,12.965052986923425,77.59794117144754,2026-08-14 17:33:47.383362788,367.7155169859184,17,17:33:47,2
ORD-12594,12.89916361601187,77.63244261803301,2026-08-14 21:17:37.364125924,344.12568557743907,21,21:17:37,3
ORD-12595,12.975637435546616,77.63364340870498,2026-08-14 18:23:37.210480744,704.8931637713531,18,18:23:37,4
ORD-12596,12.971432307829808,77.73176874836336,2026-08-14 22:47:56.095052830,214.0142132606381,22,22:47:56,1
ORD-12597,12.942396923569673,77.58638973396333,2026-08-14 18:48:15.906529274,321.8701458325842,18,18:48:15,2
ORD-12598,12.993889089877031,77.76917086425581,2026-08-14 20:43:37.840715797,702.0738229003621,20,20:43:37,1
ORD-12599,12.910506171845254,77.59488861145803,2026-08-14 18:22:25.122035626,576.1119571497981,18,18:22:25,3
ORD-12600,12.939591454721189,77.58481784083848,2026-08-14 22:20:35.026563000,431.18062023863706,22,22:20:35,2
ORD-12601,12.937296842092785,77.62883141248835,2026-08-14 18:21:38.238654248,666.989447143298,18,18:21:38,4
ORD-12602,12.927522174610436,77.64013946505636,2026-08-14 23:59:59.000000000,547.0290174594013,23,23:59:59,4
ORD-12603,12.925596297209642,77.68310942361589,2026-08-14 17:30:36.026037347,514.8990137961629,17,17:30:36,4
ORD-12604,12.915339345157008,77.68755349427413,2026-08-14 16:38:09.348735047,513.8343025653627,16,16:38:09,4
ORD-12605,13.04237609350306,77.65869119974481,2026-08-14 22:22:43.968702712,549.7857325821741,22,22:22:43,5
ORD-12606,12.928445652128376,77.56212597213053,2026-08-14 18:31:15.207237628,555.8538751946179,18,18:31:15,2
ORD-12607,12.887793631442184,77.72850866434577,2026-08-14 19:58:54.864178954,809.3959579343936,19,19:58:54,1
ORD-12608,12.909667422944771,77.65562188903696,2026-08-14 19:11:39.829615479,450.7660782490992,19,19:11:39,3
ORD-12609,12.965573191083983,77.6324591777647,2026-08-14 16:43:06.525595626,455.3929217777694,16,16:43:06,4
ORD-12610,13.00465543301706,77.56337271546143,2026-08-14 19:48:27.057022755,294.4660218643929,19,19:48:27,5
ORD-12611,12.9440944690475,77.64889678425939,2026-08-14 23:09:44.243054751,472.2153919768473,23,23:09:44,4
ORD-12612,12.948915844178597,77.58828907141377,2026-08-14 22:30:28.233029750,759.4330349317229,22,22:30:28,2
ORD-12613,12.939373367007724,77.62500688384856,2026-08-14 20:34:46.134863633,627.6727503651985,20,20:34:46,4
ORD-12614,12.932326675783344,77.7225487660395,2026-08-14 22:46:50.414637316,398.4498384187008,22,22:46:50,1
ORD-12615,12.959297359109655,77.61629223626989,2026-08-14 17:21:04.332737752,484.5062046781927,17,17:21:04,4
ORD-12616,13.025420155557276,77.76753952466225,2026-08-14 19:11:10.911039855,285.5342436622508,19,19:11:10,1
ORD-12617,12.952767908413374,77.74964280398632,2026-08-14 20:59:22.244466572,334.632098355254,20,20:59:22,1
ORD-12618,13.03801841874232,77.57150633903653,2026-08-14 19:40:26.266558646,502.4161728920576,19,19:40:26,5
ORD-12619,12.937859413063782,77.77454864628334,2026-08-14 19:22:58.590025711,405.8318095769321,19,19:22:58,1
ORD-12620,13.065384565396473,77.61813235143435,2026-08-14 16:59:54.206409110,323.3100315932372,16,16:59:54,5
ORD-12621,12.980936133301332,77.56393793673959,2026-08-14 14:47:47.927502216,553.4761147106839,14,14:47:47,2
ORD-12622,13.028399476812488,77.7184677608506,2026-08-14 22:02:40.797824547,467.6624870020014,22,22:02:40,1
ORD-12623,12.892456005282105,77.52130143912477,2026-08-14 20:36:28.994159270,244.8674442463441,20,20:36:28,2
ORD-12624,12.95419716401606,77.73236971821098,2026-08-14 22:15:17.985403891,168.72795507483175,22,22:15:17,1
ORD-12625,12.996807804808912,77.64933618295672,2026-08-14 18:54:24.876520575,394.49827521386186,18,18:54:24,4
ORD-12626,12.89344593201433,77.6107545816551,2026-08-14 18:13:04.999036552,241.7602284837708,18,18:13:04,3
ORD-12627,12.903598829261933,77.54794062135633,2026-08-14 20:00:58.931699730,199.66328902940197,20,20:00:58,2
ORD-12628,12.937266864554532,77.5676215229285,2026-08-14 22:08:07.796837515,649.3453802103128,22,22:08:07,2
ORD-12629,13.019976875693732,77.7567007750585,2026-08-14 19:25:16.930065111,465.3433665202061,19,19:25:16,1
ORD-12630,12.939775906388164,77.55764775759978,2026-08-14 22:00:16.066658956,440.18304326617454,22,22:00:16,2
ORD-12631,12.95839750690549,77.65563857220585,2026-08-14 17:29:03.227949662,451.7391275773877,17,17:29:03,4
ORD-12632,12.86525792614994,77.59981391466295,2026-08-14 19:35:46.975801471,309.3251773810545,19,19:35:46,3
ORD-12633,12.952551795055545,77.64705359587383,2026-08-14 19:49:28.972703298,541.6464247521252,19,19:49:28,4
ORD-12634,12.892852684432947,77.59940751879313,2026-08-14 23:03:57.509495296,460.3949509901189,23,23:03:57,3
ORD-12635,12.89569166286342,77.61396463164311,2026-08-14 20:31:08.646582143,366.3887016030882,20,20:31:08,3
ORD-12636,13.020301248601168,77.61381352450006,2026-08-14 23:59:59.000000000,388.85569732125,23,23:59:59,5
ORD-12637,13.070828717421897,77.56964147746785,2026-08-14 16:37:50.836800473,295.8811930181557,16,16:37:50,5
ORD-12638,12.948733047562609,77.66945081164201,2026-08-14 20:19:29.270139702,419.0635690647248,20,20:19:29,4
ORD-12639,12.948867773230267,77.6398993477867,2026-08-14 20:26:54.582352624,444.0558178826229,20,20:26:54,4
ORD-12640,12.923747090712364,77.73369171576748,2026-08-14 21:33:00.838778282,415.1575006305054,21,21:33:00,1
ORD-12641,12.964004600720116,77.62595396441974,2026-08-14 17:57:59.760571960,488.2731836012379,17,17:57:59,4
ORD-12642,12.998220750383089,77.61304112786938,2026-08-14 23:59:59.000000000,468.2232442857366,23,23:59:59,5
ORD-12643,12.8915817459353,77.67290836969373,2026-08-14 20:01:56.675473246,514.615280799691,20,20:01:56,3
ORD-12644,12.989269451184638,77.64564340992244,2026-08-14 17:16:56.392383586,621.4645555382392,17,17:16:56,4
ORD-12645,13.01743523466694,77.75226769725433,2026-08-14 19:57:35.775086277,568.9535215819621,19,19:57:35,1
ORD-12646,13.005190312303126,77.69252021033557,2026-08-14 19:13:01.546294079,623.1884760765504,19,19:13:01,4
ORD-12647,12.980192453862802,77.585668448997,2026-08-14 23:59:59.000000000,352.8398655260657,23,23:59:59,2
ORD-12648,12.9101382314638,77.74709032659975,2026-08-14 22:37:29.492395725,403.7077658867014,22,22:37:29,1
ORD-12649,13.00041981145968,77.62769716996486,2026-08-14 20:07:26.952201374,578.0395025918951,20,20:07:26,5
ORD-12650,12.952852777300144,77.60555453167632,2026-08-14 19:43:12.749833207,580.721650714813,19,19:43:12,2
ORD-12651,12.900611245086834,77.73266747156984,2026-08-14 22:22:39.511762332,378.2069073694677,22,22:22:39,1
ORD-12652,12.959147929513112,77.73904748614835,2026-08-14 22:29:49.759442954,571.7375888672614,22,22:29:49,1
ORD-12653,12.956849472494229,77.69399867438551,2026-08-14 12:43:16.050726114,338.4701825031088,12,12:43:16,4
ORD-12654,13.04012352206444,77.58941438737952,2026-08-14 21:36:26.938392600,552.158358621269,21,21:36:26,5
ORD-12655,12.960727236544855,77.75435346684176,2026-08-14 20:04:11.698895808,476.0555698701539,20,20:04:11,1
ORD-12656,13.006809718387808,77.6012069495561,2026-08-14 16:43:19.705603917,272.3346594140495,16,16:43:19,5
ORD-12657,12.943678431771612,77.5902390122251,2026-08-14 22:12:01.927256618,414.8889267360889,22,22:12:01,2
ORD-12658,12.951213967690167,77.6396811663272,2026-08-14 23:59:59.000000000,807.340171454324,23,23:59:59,4
ORD-12659,12.854583616121376,77.63239045554384,2026-08-14 21:23:31.163521450,510.41705442074925,21,21:23:31,3
ORD-12660,12.948114480401816,77.55624562929486,2026-08-14 22:45:03.855980312,825.067496507739,22,22:45:03,2
ORD-12661,12.889244186025074,77.59807395636653,2026-08-14 23:59:59.000000000,263.4110205187445,23,23:59:59,3
ORD-12662,12.927409877547133,77.56563109256051,2026-08-14 17:55:27.640643520,592.6112688995763,17,17:55:27,2
ORD-12663,12.93333132353173,77.55971371542205,2026-08-14 15:21:21.856993498,120.0,15,15:21:21,2
ORD-12664,12.92149374754814,77.61844746239856,2026-08-14 21:38:31.794569786,479.9646772627825,21,21:38:31,3
ORD-12665,13.000795197859324,77.81235896752634,2026-08-14 19:22:51.496172027,574.6826066476981,19,19:22:51,1
ORD-12666,12.88743632859348,77.62266341503779,2026-08-14 16:33:52.438928656,605.6835142494415,16,16:33:52,3
ORD-12667,12.906928264673454,77.62528123900864,2026-08-14 19:48:16.470574778,360.10954131293806,19,19:48:16,3
ORD-12668,12.924148406982678,77.59776088150421,2026-08-14 21:49:07.926364116,635.8635632965104,21,21:49:07,2
ORD-12669,12.95436842339862,77.71092422006856,2026-08-14 19:37:39.255017121,399.94278599329584,19,19:37:39,1
ORD-12670,12.95117515538423,77.62617214635598,2026-08-14 18:01:58.551323385,455.3854123331405,18,18:01:58,4
ORD-12671,13.00192188692283,77.73913613522336,2026-08-14 19:26:28.436457331,415.0016670965049,19,19:26:28,1
ORD-12672,12.893610758595695,77.57235897266798,2026-08-14 19:57:04.711812288,309.5415973901503,19,19:57:04,3
ORD-12673,12.947762115430924,77.58810723714151,2026-08-14 15:10:34.659636365,715.4579381131289,15,15:10:34,2
ORD-12674,12.99260320741383,77.53713250966173,2026-08-14 19:38:35.025421464,487.20267257371154,19,19:38:35,2
ORD-12675,12.979378104172437,77.80483991475248,2026-08-14 16:38:20.935750696,643.0977567987942,16,16:38:20,1
ORD-12676,12.990768141574232,77.75614857993722,2026-08-14 21:38:51.233568190,636.70668626469,21,21:38:51,1
ORD-12677,12.901303072356331,77.57613807840013,2026-08-14 16:05:50.616819719,334.80896785905253,16,16:05:50,3
ORD-12678,12.962151753812115,77.67721515342713,2026-08-14 22:31:54.229840958,662.4190871507402,22,22:31:54,4
ORD-12679,12.956240250333265,77.55473284723342,2026-08-14 18:58:37.514377074,555.5121365323984,18,18:58:37,2
ORD-12680,12.883764069930784,77.71567323047181,2026-08-14 18:38:33.218639052,323.86472032906664,18,18:38:33,1
ORD-12681,13.031822010512531,77.65296931342928,2026-08-14 20:44:10.091375718,547.3276247012257,20,20:44:10,5
ORD-12682,12.958759679228152,77.63517798916473,2026-08-14 17:50:05.689992989,326.55481726978985,17,17:50:05,4
ORD-12683,12.95579581185446,77.72958919989604,2026-08-14 20:41:48.711787171,720.9687551967961,20,20:41:48,1
ORD-12684,13.018997665912778,77.75702584892655,2026-08-14 18:10:11.021027805,602.0680117383145,18,18:10:11,1
ORD-12685,12.861608975782763,77.60092611232359,2026-08-14 18:36:29.389389077,469.3277156713447,18,18:36:29,3
ORD-12686,12.905162438887992,77.60538075967878,2026-08-14 21:00:48.187523962,669.7205427325775,21,21:00:48,3
ORD-12687,12.989501873109978,77.7462394291372,2026-08-14 17:09:12.773396391,242.70185329446932,17,17:09:12,1
ORD-12688,12.968909710754872,77.64057156064638,2026-08-14 16:50:20.964284139,367.5988049819938,16,16:50:20,4
ORD-12689,12.945423861857464,77.81524698340606,2026-08-14 20:37:14.029566693,442.1370417389443,20,20:37:14,1
ORD-12690,12.948104234302011,77.59772193688144,2026-08-14 19:55:57.901327596,815.3527022138277,19,19:55:57,2
ORD-12691,12.961757874160904,77.59891966967254,2026-08-14 20:25:18.234703285,319.4275648689892,20,20:25:18,2
ORD-12692,12.95076071982756,77.6396842334031,2026-08-14 20:49:08.753130493,223.90410873889897,20,20:49:08,4
ORD-12693,12.94524089342828,77.55529798628933,2026-08-14 20:08:36.379984263,263.3421728252594,20,20:08:36,2
ORD-12694,13.0660110126817,77.62386054811398,2026-08-14 21:31:12.833615704,615.9323803808402,21,21:31:12,5
ORD-12695,12.99607243535352,77.53833255413169,2026-08-14 20:14:36.926582808,390.8711594191715,20,20:14:36,2
ORD-12696,12.906813554803335,77.60564802156061,2026-08-14 14:58:54.264902922,456.137000344708,14,14:58:54,3
ORD-12697,12.986348527447474,77.65471410506528,2026-08-14 15:37:49.038648043,594.4248962511726,15,15:37:49,4
ORD-12698,13.04161492145774,77.55675904906212,2026-08-14 23:59:59.000000000,456.28730580631327,23,23:59:59,5
ORD-12699,13.047152099891822,77.56072847811066,2026-08-14 20:00:00.646803530,510.6219906762083,20,20:00:00,5
ORD-12700,12.941658105642604,77.58502303363623,2026-08-14 22:22:32.174865454,560.2822721414543,22,22:22:32,2
ORD-12701,12.941568468563888,77.62415629436425,2026-08-14 19:08:08.664849356,415.3985412059677,19,19:08:08,4
ORD-12702,12.893431848100985,77.56033903419055,2026-08-14 19:51:17.864150455,455.0524410105474,19,19:51:17,3
ORD-12703,12.970828496835027,77.57913829575116,2026-08-14 18:51:59.718111562,516.2933103481517,18,18:51:59,2
ORD-12704,13.02954616893372,77.62335118785228,2026-08-14 23:59:59.000000000,610.226890957983,23,23:59:59,5
ORD-12705,13.01427695641194,77.5681191935089,2026-08-14 20:37:59.181801277,361.14461037290266,20,20:37:59,5
ORD-12706,12.94311833310336,77.66362768379545,2026-08-14 18:39:46.278850444,120.0,18,18:39:46,4
ORD-12707,12.928873965721971,77.7447448258794,2026-08-14 15:52:16.142579128,581.937472407847,15,15:52:16,1
ORD-12708,12.874562689176145,77.61073796487112,2026-08-14 23:59:59.000000000,619.1573878125128,23,23:59:59,3
ORD-12709,12.970997163958833,77.72008813753857,2026-08-14 19:35:30.494532945,510.0051243195258,19,19:35:30,1
ORD-12710,13.019805285816116,77.54771206310923,2026-08-14 21:51:38.062076054,520.2439828434804,21,21:51:38,5
ORD-12711,12.974297751398352,77.63154929871091,2026-08-14 22:08:23.975612759,395.3535158789744,22,22:08:23,4
ORD-12712,12.931399964558032,77.72820648817067,2026-08-14 18:50:34.525289126,555.0275132302386,18,18:50:34,1
ORD-12713,12.987389118625895,77.7924231751763,2026-08-14 21:40:52.074978475,607.9750229526283,21,21:40:52,1
ORD-12714,12.882938356572687,77.61859253419044,2026-08-14 18:29:22.755419235,488.47445121277264,18,18:29:22,3
ORD-12715,12.979709578781184,77.74642802632799,2026-08-14 17:31:26.162741645,853.6872495010899,17,17:31:26,1
ORD-12716,12.829912277659302,77.62763815032581,2026-08-14 22:54:40.182232610,245.43883684929307,22,22:54:40,3
ORD-12717,13.031576772288172,77.64488316129093,2026-08-14 19:36:16.295581600,504.444250628452,19,19:36:16,5
ORD-12718,12.9997112881347,77.57904054637724,2026-08-14 21:17:46.615502424,303.8470556524028,21,21:17:46,5
ORD-12719,12.997146957367946,77.65634868893012,2026-08-14 21:01:38.288944936,611.9768885935334,21,21:01:38,4
ORD-12720,12.95030093164345,77.5953744404237,2026-08-14 21:35:41.387640498,242.7786857936728,21,21:35:41,2
ORD-12721,13.012660201073317,77.58998000867705,2026-08-14 16:06:31.167592185,279.9117685923452,16,16:06:31,5
ORD-12722,13.033072704251252,77.61623510106224,2026-08-14 18:32:12.385218153,385.0219589176193,18,18:32:12,5
ORD-12723,13.024412161299342,77.63374183478776,2026-08-14 19:11:19.723582532,519.87482547831,19,19:11:19,5
ORD-12724,12.920121547547138,77.75783982391154,2026-08-14 17:55:16.691943887,390.6792917007574,17,17:55:16,1
ORD-12725,12.995586717080876,77.77166011155506,2026-08-14 21:04:21.061632147,392.1838106101361,21,21:04:21,1
ORD-12726,12.91317681828144,77.72649382255189,2026-08-14 22:58:02.037698363,452.86643176108726,22,22:58:02,1
ORD-12727,12.890502040318411,77.58658840436668,2026-08-14 23:21:46.661898117,443.6639761407741,23,23:21:46,3
ORD-12728,12.943375827844156,77.69858810692374,2026-08-14 19:09:07.157113111,703.1174082477786,19,19:09:07,4
ORD-12729,12.942333180225354,77.58529600720236,2026-08-14 20:43:47.692762121,582.8866679503452,20,20:43:47,2
ORD-12730,12.95430527855555,77.60947482457894,2026-08-14 21:06:50.791540411,431.3134890323034,21,21:06:50,2
ORD-12731,12.95988886509144,77.61439715156604,2026-08-14 21:33:11.304847832,794.5517866820421,21,21:33:11,4
ORD-12732,12.944738129658036,77.66056535749729,2026-08-14 17:48:16.784342346,553.7491762284014,17,17:48:16,4
ORD-12733,13.023601411117289,77.65154510710019,2026-08-14 23:59:59.000000000,334.6556917029677,23,23:59:59,5
ORD-12734,12.93811064538824,77.59039388438,2026-08-14 22:18:58.681659118,518.4770609987767,22,22:18:58,2
ORD-12735,13.052919569482723,77.59893097232549,2026-08-14 22:22:53.844093232,560.3268817297972,22,22:22:53,5
ORD-12736,12.97837870311872,77.68268194922895,2026-08-14 23:00:31.140512104,376.8562921407977,23,23:00:31,4
ORD-12737,13.024664066312427,77.54183564693783,2026-08-14 21:20:07.223480394,322.1236633790941,21,21:20:07,5
ORD-12738,12.97875074031092,77.61669569482942,2026-08-14 17:25:54.179192541,492.9688635063663,17,17:25:54,4
ORD-12739,12.924315998672988,77.63858806734073,2026-08-14 19:39:09.245416004,425.9667343040946,19,19:39:09,4
ORD-12740,12.993230343003988,77.74607557447361,2026-08-14 15:52:20.519444443,701.8691832683164,15,15:52:20,1
ORD-12741,12.868233088284702,77.59072340467984,2026-08-14 21:02:15.652587292,591.1733736127372,21,21:02:15,3
ORD-12742,12.966577488457006,77.52858507522878,2026-08-14 19:34:37.077076510,383.8837088870129,19,19:34:37,2
ORD-12743,12.97675995030887,77.64274304967256,2026-08-14 19:53:55.298548258,543.8907166422883,19,19:53:55,4
ORD-12744,12.962666162853552,77.60315007845917,2026-08-14 23:00:36.010170771,670.069221408711,23,23:00:36,2
ORD-12745,12.963650810159198,77.61206269245272,2026-08-14 18:51:27.053652992,270.9293331150525,18,18:51:27,4
ORD-12746,13.016212859341342,77.62696526319297,2026-08-14 19:22:10.891571051,326.5832638518372,19,19:22:10,5
ORD-12747,12.91200579807792,77.62753663764119,2026-08-14 20:03:17.759663669,478.3247074080703,20,20:03:17,3
ORD-12748,13.017150730592702,77.56832567375336,2026-08-14 15:24:00.069755277,485.3402951857551,15,15:24:00,5
ORD-12749,12.950038599991297,77.56818636910572,2026-08-14 19:20:05.427098142,472.17037418057095,19,19:20:05,2
ORD-12750,12.938516424929643,77.71135910282847,2026-08-14 13:47:07.845789424,433.38342318184834,13,13:47:07,1
ORD-12751,12.864441336684534,77.6152245002145,2026-08-14 18:32:10.305942938,431.090951632197,18,18:32:10,3
ORD-12752,13.010452606696868,77.74352931353141,2026-08-14 22:08:16.701480535,537.6387205232444,22,22:08:16,1
ORD-12753,12.917098826980254,77.77939805889098,2026-08-14 21:07:05.399024260,650.091383045876,21,21:07:05,1
ORD-12754,12.986899561391224,77.56028151865486,2026-08-14 18:30:46.617205913,407.857090546736,18,18:30:46,2
ORD-12755,12.95305060066488,77.76804812205292,2026-08-14 20:06:07.183964014,845.7599017755981,20,20:06:07,1
ORD-12756,13.028365581172478,77.57640580489962,2026-08-14 17:18:45.093895826,774.1037153610475,17,17:18:45,5
ORD-12757,12.881264257665062,77.60499965121953,2026-08-14 19:59:38.909371654,679.3883444370122,19,19:59:38,3
ORD-12758,12.94456738255998,77.61031460076524,2026-08-14 23:59:59.000000000,573.3725001842342,23,23:59:59,2
ORD-12759,12.915665335911989,77.65930325558472,2026-08-14 23:59:59.000000000,781.1982159705234,23,23:59:59,4
ORD-12760,12.95368126015918,77.59760475690838,2026-08-14 20:07:53.599170155,436.4826952500888,20,20:07:53,2
ORD-12761,12.9369183155957,77.57719023637914,2026-08-14 20:24:01.297484238,355.1093382014648,20,20:24:01,2
ORD-12762,12.940606165975328,77.60092182507161,2026-08-14 17:33:03.912168289,401.1041910894024,17,17:33:03,2
ORD-12763,12.954550120866534,77.74884939301967,2026-08-14 17:59:43.898028441,329.55857953648774,17,17:59:43,1
ORD-12764,12.93661076947656,77.65582255215479,2026-08-14 20:54:19.658898942,498.2701983470055,20,20:54:19,4
ORD-12765,12.999088168596383,77.63532567524226,2026-08-14 18:41:15.966909272,524.9745696191615,18,18:41:15,4
ORD-12766,12.998328385240166,77.6086258038792,2026-08-14 22:15:37.346353664,510.12597580216607,22,22:15:37,5
ORD-12767,12.920269012729989,77.62013486446172,2026-08-14 23:55:27.171128800,478.13529717273,23,23:55:27,3
ORD-12768,12.966412198890492,77.6122841470111,2026-08-14 20:49:53.587063029,499.9731792257424,20,20:49:53,4
ORD-12769,12.903754208484743,77.59643567847525,2026-08-14 20:15:15.634852559,740.4485713274834,20,20:15:15,3
ORD-12770,13.004106505830189,77.65739074186115,2026-08-14 15:47:52.983375804,573.0077801458626,15,15:47:52,4
ORD-12771,12.94317897674512,77.76998293478798,2026-08-14 21:52:08.492207448,618.3763194907232,21,21:52:08,1
ORD-12772,13.039942252297932,77.6107042911341,2026-08-14 17:08:26.958286148,508.61849050301817,17,17:08:26,5
ORD-12773,12.97640694635978,77.63623749259199,2026-08-14 18:57:17.917842299,237.6616952297884,18,18:57:17,4
ORD-12774,12.983696712062802,77.5924268955625,2026-08-14 22:23:56.183031466,207.9176294295733,22,22:23:56,2
ORD-12775,13.006276670194405,77.75816497643808,2026-08-14 22:34:27.823478781,792.4214985312772,22,22:34:27,1
ORD-12776,12.939451750276517,77.63549079108701,2026-08-14 18:50:01.432253849,400.2266587153168,18,18:50:01,4
ORD-12777,12.931923684182175,77.62482294475484,2026-08-14 18:58:39.760185720,387.48729837721015,18,18:58:39,4
ORD-12778,12.949265689393334,77.72370914731316,2026-08-14 18:15:06.130140690,516.8494862065874,18,18:15:06,1
ORD-12779,12.900250036473114,77.5757805849621,2026-08-14 17:00:19.316292067,562.5604467494891,17,17:00:19,3
ORD-12780,12.90440989235154,77.61840065379366,2026-08-14 18:24:46.840661062,581.5293206001619,18,18:24:46,3
ORD-12781,13.039409115385595,77.58750462028982,2026-08-14 15:58:01.829829768,746.1627799320006,15,15:58:01,5
ORD-12782,12.895950377845542,77.69591052252169,2026-08-14 21:42:27.563233574,705.1104573986912,21,21:42:27,4
ORD-12783,13.073826804301165,77.6126015947926,2026-08-14 20:59:10.712446457,358.3600163041768,20,20:59:10,5
ORD-12784,12.994662173539364,77.54869225588807,2026-08-14 21:24:04.763563835,625.3101860132683,21,21:24:04,2
ORD-12785,13.00126687922191,77.59071750731373,2026-08-14 17:36:50.363544824,422.3863622683802,17,17:36:50,5
ORD-12786,12.986755827385196,77.5962156936203,2026-08-14 17:00:44.364928364,459.3736883353835,17,17:00:44,5
ORD-12787,12.935714293344052,77.63801582742994,2026-08-14 20:08:01.628468822,315.90161910729563,20,20:08:01,4
ORD-12788,12.972985838410292,77.66578571054315,2026-08-14 20:09:36.923084552,226.03907192528857,20,20:09:36,4
ORD-12789,12.981865505732054,77.62251548450679,2026-08-14 19:37:54.571552383,475.2657431051567,19,19:37:54,4
ORD-12790,12.89676153387692,77.63848198204155,2026-08-14 19:16:34.650577309,336.6027125833132,19,19:16:34,3
ORD-12791,12.955519028956756,77.67283910396696,2026-08-14 23:59:59.000000000,619.1720517858055,23,23:59:59,4
ORD-12792,13.014394912749118,77.53619501481789,2026-08-14 21:03:54.225106137,437.8382634719818,21,21:03:54,5
ORD-12793,13.009452423555537,77.82211479444557,2026-08-14 23:59:59.000000000,526.288532842481,23,23:59:59,1
ORD-12794,12.978620131642067,77.77096794648531,2026-08-14 23:10:20.685228885,685.1288630873148,23,23:10:20,1
ORD-12795,13.00789518635292,77.58495811896873,2026-08-14 23:59:59.000000000,257.2057227326838,23,23:59:59,5
ORD-12796,12.941579807823825,77.57850301646319,2026-08-14 17:18:49.835102796,371.3073917175469,17,17:18:49,2
ORD-12797,12.921452225998566,77.62753391984756,2026-08-14 21:28:58.538918982,507.1325436848775,21,21:28:58,3
ORD-12798,12.996465705802429,77.67808986532592,2026-08-14 18:55:14.110599060,526.878722373489,18,18:55:14,4
ORD-12799,12.908081923765256,77.60585876351642,2026-08-14 15:50:29.519597764,645.5246251908488,15,15:50:29,3
ORD-12800,13.102142757109698,77.59173850691826,2026-08-14 23:44:24.028526000,610.0729693560897,23,23:44:24,5
ORD-12801,12.934901182555931,77.58055464853962,2026-08-14 19:15:56.767268649,494.5400438596109,19,19:15:56,2
ORD-12802,12.899141171079323,77.6397235223812,2026-08-14 17:21:44.085327600,525.5107005895883,17,17:21:44,3
ORD-12803,12.95993045058278,77.60134500667026,2026-08-14 18:57:48.925230762,529.6613836485735,18,18:57:48,2
ORD-12804,12.955824090294405,77.52454028993961,2026-08-14 18:00:33.982895036,259.5431452989367,18,18:00:33,2
ORD-12805,12.955604938725587,77.60691549907517,2026-08-14 18:15:56.718291450,456.54367839675575,18,18:15:56,2
ORD-12806,13.057410002082456,77.5734305016154,2026-08-14 19:26:45.569488356,517.2709826995638,19,19:26:45,5
ORD-12807,12.96627313774526,77.67344693975743,2026-08-14 23:59:59.000000000,548.782628817766,23,23:59:59,4
ORD-12808,12.998941136770066,77.5870614098899,2026-08-14 18:20:03.145051098,341.3454839903761,18,18:20:03,5
ORD-12809,12.921539007384697,77.55672552709495,2026-08-14 23:59:59.000000000,289.6803131206664,23,23:59:59,2
ORD-12810,12.930517721961756,77.59438465361765,2026-08-14 22:07:19.531163815,444.8201111222879,22,22:07:19,2
ORD-12811,12.940901423340229,77.70014633362356,2026-08-14 20:59:26.444072275,775.1049166637241,20,20:59:26,4
ORD-12812,12.934093757259085,77.5404100947866,2026-08-14 21:52:13.080290267,357.1128730906997,21,21:52:13,2
ORD-12813,12.922556943247995,77.62878718238811,2026-08-14 20:02:02.900974537,656.0892371032214,20,20:02:02,3
ORD-12814,12.974657509884109,77.5690215406037,2026-08-14 23:12:54.450934771,717.7109464567679,23,23:12:54,2
ORD-12815,13.044385210992292,77.55351247070782,2026-08-14 21:25:02.822369404,486.819978934979,21,21:25:02,5
ORD-12816,12.938528194706024,77.61720291745613,2026-08-14 15:50:18.006134770,378.0228098019824,15,15:50:18,4
ORD-12817,12.899651786919206,77.64333740619223,2026-08-14 20:44:26.267387009,556.9229345487338,20,20:44:26,3
ORD-12818,12.887268767887038,77.6862689059327,2026-08-14 21:57:35.758286934,509.2485438149244,21,21:57:35,3
ORD-12819,12.942700552715856,77.74217166998687,2026-08-14 19:16:38.989032589,351.1344029714537,19,19:16:38,1
ORD-12820,12.939471464138164,77.56311275166246,2026-08-14 20:18:56.302854425,381.1795760442336,20,20:18:56,2
ORD-12821,12.940219208637496,77.6446374853582,2026-08-14 18:28:04.278047930,548.0369778217996,18,18:28:04,4
ORD-12822,12.950221463137623,77.63780241025906,2026-08-14 16:33:21.369095428,620.0160612252821,16,16:33:21,4
ORD-12823,12.929186633766909,77.61936788790847,2026-08-14 16:07:26.608161619,431.5814698026919,16,16:07:26,3
ORD-12824,13.052018799530876,77.78324611738873,2026-08-14 16:09:26.388116380,469.62996526679206,16,16:09:26,1
ORD-12825,13.003536172028792,77.60049958573178,2026-08-14 21:40:21.402682235,580.295785576662,21,21:40:21,5
ORD-12826,12.904869990142764,77.60536330181269,2026-08-14 13:46:27.464624613,454.1269673739097,13,13:46:27,3
ORD-12827,12.892167669480218,77.61008268679649,2026-08-14 18:20:01.680657329,435.1009540056173,18,18:20:01,3
ORD-12828,13.033204452061788,77.77026767053064,2026-08-14 18:05:09.120432792,366.69887704091616,18,18:05:09,1
ORD-12829,12.8480093507147,77.66708532223743,2026-08-14 19:17:40.564176113,364.0973064938953,19,19:17:40,3
ORD-12830,13.00973703330182,77.58202501434927,2026-08-14 15:21:32.116050574,880.3324137334884,15,15:21:32,5
ORD-12831,12.941704224032414,77.5800210276214,2026-08-14 21:00:34.992852666,450.56975098813774,21,21:00:34,2
ORD-12832,12.918741049930675,77.67694912262344,2026-08-14 16:49:01.547452561,684.7587482268336,16,16:49:01,4
ORD-12833,12.96028944860456,77.68455939183157,2026-08-14 22:49:51.649866383,732.5990006278606,22,22:49:51,4
ORD-12834,12.967584387202653,77.747249406248,2026-08-14 18:26:44.108811701,452.4626565760261,18,18:26:44,1
ORD-12835,12.96984289992807,77.58340177477615,2026-08-14 19:45:39.482789293,535.2644712652153,19,19:45:39,2
ORD-12836,12.96364461909959,77.67737696508308,2026-08-14 20:00:33.964708997,495.3717723049548,20,20:00:33,4
ORD-12837,12.93942765813754,77.5982492061452,2026-08-14 20:36:38.169475745,238.17264740119847,20,20:36:38,2
ORD-12838,13.076224914618956,77.60377816175809,2026-08-14 20:05:33.129397464,247.20404816277565,20,20:05:33,5
ORD-12839,12.96990240883378,77.75622679369941,2026-08-14 18:55:56.005061406,487.32727003564094,18,18:55:56,1
ORD-12840,12.932326607000418,77.73153211783375,2026-08-14 20:51:27.436776246,416.26296920871056,20,20:51:27,1
ORD-12841,13.035925391064149,77.59018677067414,2026-08-14 21:09:55.324174455,763.7370507590385,21,21:09:55,5
ORD-12842,12.97243499339858,77.59050920484545,2026-08-14 18:05:13.787996013,444.5140591958073,18,18:05:13,2
ORD-12843,13.008321637292276,77.64112883741015,2026-08-14 21:03:57.310370762,772.6393495602188,21,21:03:57,5
ORD-12844,13.008570096931114,77.60851347148007,2026-08-14 22:58:45.482721615,408.5412905796684,22,22:58:45,5
ORD-12845,12.970269716988597,77.74953509188643,2026-08-14 21:45:53.047764941,766.8300630913401,21,21:45:53,1
ORD-12846,13.002394648079816,77.61474205020477,2026-08-14 22:19:51.377174825,555.9636745421019,22,22:19:51,5
ORD-12847,12.968392834291226,77.73243028139366,2026-08-14 20:25:47.287640167,564.4937843656796,20,20:25:47,1
ORD-12848,13.010326161978425,77.55084243909369,2026-08-14 17:39:34.645985326,403.2354064899526,17,17:39:34,5
ORD-12849,12.955012643659863,77.78597015620728,2026-08-14 17:58:33.199862667,566.5375770605533,17,17:58:33,1
ORD-12850,12.927643302932209,77.60842493753216,2026-08-14 20:47:58.991710690,733.9070149621876,20,20:47:58,3
ORD-12851,12.943985124010256,77.6307794959867,2026-08-14 22:21:24.873526371,458.27587589097936,22,22:21:24,4
ORD-12852,12.882116810879992,77.61227583401282,2026-08-14 23:59:59.000000000,429.0904776950073,23,23:59:59,3
ORD-12853,12.98447825790798,77.5598236552828,2026-08-14 22:27:16.397499947,442.9856191709868,22,22:27:16,2
ORD-12854,12.924059464506348,77.60554327328417,2026-08-14 17:04:26.078182522,723.0167407509656,17,17:04:26,3
ORD-12855,12.968554467183866,77.57419070090364,2026-08-14 18:04:54.546848760,608.302681050163,18,18:04:54,2
ORD-12856,12.952235952575531,77.63140596943016,2026-08-14 23:59:59.000000000,697.1519985706677,23,23:59:59,4
ORD-12857,12.962274166528744,77.58771705918339,2026-08-14 19:27:50.499612209,527.0434065726405,19,19:27:50,2
ORD-12858,12.9232880830991,77.61659970789357,2026-08-14 20:07:07.631712852,485.8979035166748,20,20:07:07,3
ORD-12859,12.9511476418531,77.59673725809775,2026-08-14 17:35:56.247716317,543.5916058605949,17,17:35:56,2
ORD-12860,12.959947883149042,77.6244245456681,2026-08-14 23:54:45.930650168,640.523780161881,23,23:54:45,4
ORD-12861,12.935189467832751,77.73281944867873,2026-08-14 21:15:02.998865886,442.9322636118203,21,21:15:02,1
ORD-12862,12.959782397209777,77.73293351716372,2026-08-14 18:03:48.587869032,685.301549003518,18,18:03:48,1
ORD-12863,12.956553496317724,77.65331689047547,2026-08-14 17:30:55.572400285,534.8745835598816,17,17:30:55,4
ORD-12864,12.925467880171269,77.71536221618425,2026-08-14 20:46:04.835513081,120.0,20,20:46:04,1
ORD-12865,12.947568841385314,77.56500087409937,2026-08-14 20:06:37.855573924,612.5240140657792,20,20:06:37,2
ORD-12866,12.962223544304454,77.56979276290475,2026-08-14 22:04:48.991954990,289.15424801070264,22,22:04:48,2
ORD-12867,13.00712304425429,77.63754651987657,2026-08-14 21:22:02.716258145,608.8759141010981,21,21:22:02,5
ORD-12868,13.01263277678796,77.78322537744313,2026-08-14 19:20:19.676861082,615.227699735725,19,19:20:19,1
ORD-12869,12.98813996344545,77.75324600730228,2026-08-14 18:38:25.785640848,529.4838896071813,18,18:38:25,1
ORD-12870,12.910503925826692,77.54953948733356,2026-08-14 19:36:00.520665310,561.5521348315041,19,19:36:00,2
ORD-12871,12.940604849620144,77.54182293626086,2026-08-14 18:37:23.872380089,644.830618176598,18,18:37:23,2
ORD-12872,12.89311276747886,77.62325196396716,2026-08-14 19:40:28.240204757,405.65584892839087,19,19:40:28,3
ORD-12873,13.036322716460273,77.76376532983582,2026-08-14 20:02:27.968357574,599.0144489553718,20,20:02:27,1
ORD-12874,13.074526000330312,77.58839530888946,2026-08-14 17:45:18.621959579,654.4534954435554,17,17:45:18,5
ORD-12875,12.924781403486932,77.61602600665165,2026-08-14 21:34:36.118758881,744.0123896307717,21,21:34:36,3
ORD-12876,12.991525126314452,77.5971083993858,2026-08-14 19:04:26.150569773,314.13295709104455,19,19:04:26,5
ORD-12877,12.92671685896632,77.65817737025034,2026-08-14 17:53:43.040847432,541.2774097481653,17,17:53:43,4
ORD-12878,12.937099343830038,77.56751767973883,2026-08-14 19:07:15.533145463,335.7766201407803,19,19:07:15,2
ORD-12879,12.899916272263384,77.62747405369225,2026-08-14 20:36:20.323409583,329.41169734477535,20,20:36:20,3
ORD-12880,12.931723744576177,77.72605152368196,2026-08-14 20:12:27.343798320,533.854165860897,20,20:12:27,1
ORD-12881,12.903198555322048,77.57377870836831,2026-08-14 21:03:19.063034140,491.6183722194208,21,21:03:19,3
ORD-12882,12.88314189437586,77.6275521747213,2026-08-14 22:14:45.115125680,651.7502217782977,22,22:14:45,3
ORD-12883,12.978855627773264,77.62924219803108,2026-08-14 23:15:44.461836072,428.0735325608686,23,23:15:44,4
ORD-12884,12.989146240068049,77.67118993650568,2026-08-14 20:42:49.375464192,459.89228457044834,20,20:42:49,4
ORD-12885,12.955120726653677,77.58551400449228,2026-08-14 17:19:35.378514881,511.7256393507277,17,17:19:35,2
ORD-12886,12.972387513588592,77.62133299203272,2026-08-14 19:19:38.002777227,350.7256722845316,19,19:19:38,4
ORD-12887,12.956091528667358,77.68411177369863,2026-08-14 17:29:21.134540553,371.5395232476104,17,17:29:21,4
ORD-12888,13.053020141893604,77.55741259795226,2026-08-14 23:59:59.000000000,647.414799865883,23,23:59:59,5
ORD-12889,13.002125057013336,77.59700783817985,2026-08-14 23:59:59.000000000,397.65674380783366,23,23:59:59,5
ORD-12890,12.966470629285627,77.70057735377895,2026-08-14 21:37:32.800777467,657.3714849674528,21,21:37:32,4
ORD-12891,12.92239220474466,77.64391488813014,2026-08-14 22:08:46.129583751,571.0968871002442,22,22:08:46,4
ORD-12892,12.996308045040696,77.6415369165797,2026-08-14 20:37:38.488739130,247.8703461766597,20,20:37:38,4
ORD-12893,12.861994021120452,77.68420634505298,2026-08-14 20:54:54.503239147,559.5568037756682,20,20:54:54,3
ORD-12894,12.920805884933078,77.62959659488894,2026-08-14 16:00:22.912035038,558.371973464119,16,16:00:22,3
ORD-12895,12.861678824963,77.58072523767358,2026-08-14 19:48:54.608712688,543.4392912766928,19,19:48:54,3
ORD-12896,12.979596876220135,77.59158432635651,2026-08-14 17:47:49.622438884,458.7184910425484,17,17:47:49,2
ORD-12897,12.950092162303166,77.71687024185152,2026-08-14 20:42:12.208837845,338.9898816912222,20,20:42:12,1
ORD-12898,13.009368431683804,77.75107824972493,2026-08-14 19:51:03.511391503,681.931914916893,19,19:51:03,1
ORD-12899,12.989126333178088,77.60607311758217,2026-08-14 23:59:59.000000000,464.76306169157465,23,23:59:59,5
ORD-12900,12.919982185731971,77.65304579856087,2026-08-14 22:17:29.649198506,347.4890759496948,22,22:17:29,4
ORD-12901,12.978995876329876,77.55452878239464,2026-08-14 20:42:40.607842695,548.6203029132013,20,20:42:40,2
ORD-12902,12.97361197399736,77.58348231247719,2026-08-14 19:19:57.542815743,368.5830043900114,19,19:19:57,2
ORD-12903,12.90613321446441,77.81539845158255,2026-08-14 23:59:59.000000000,337.6370957572318,23,23:59:59,1
ORD-12904,12.922816382324402,77.60104417894149,2026-08-14 19:55:30.408184861,423.6791081696342,19,19:55:30,3
ORD-12905,12.93761798174535,77.52612800891836,2026-08-14 20:49:45.065654718,380.1903353522888,20,20:49:45,2
ORD-12906,12.969043904189128,77.65649446373176,2026-08-14 20:06:20.246439842,343.16366220231384,20,20:06:20,4
ORD-12907,12.94760082835316,77.65612322393312,2026-08-14 18:59:22.614848634,600.9617643392638,18,18:59:22,4
ORD-12908,12.95623780397831,77.77493765547322,2026-08-14 20:05:28.556001470,462.9258278306401,20,20:05:28,1
ORD-12909,12.945673482617195,77.70063364042555,2026-08-14 15:05:42.298343895,667.8419918273838,15,15:05:42,4
ORD-12910,12.889779506851156,77.57332613406815,2026-08-14 16:07:50.642388829,351.82357834050964,16,16:07:50,3
ORD-12911,12.970535508876193,77.57148992718295,2026-08-14 20:52:26.674875027,220.8658443545496,20,20:52:26,2
ORD-12912,12.926191359422726,77.60079265320746,2026-08-14 23:55:13.797214747,502.3155523874124,23,23:55:13,3
ORD-12913,12.974807299929228,77.688526255332,2026-08-14 20:52:13.989937298,758.3968382709623,20,20:52:13,4
ORD-12914,12.919855042147466,77.64590605465423,2026-08-14 18:11:56.680305930,559.6480244043003,18,18:11:56,4
ORD-12915,12.91791471729834,77.60477933830286,2026-08-14 16:23:34.316213394,962.3061294319248,16,16:23:34,3
ORD-12916,12.997098919353528,77.55965303889997,2026-08-14 21:57:40.745344281,529.8088681423633,21,21:57:40,5
ORD-12917,13.08091961424031,77.61997422979215,2026-08-14 18:34:55.243640864,515.3328316932135,18,18:34:55,5
ORD-12918,12.953016625187889,77.80702614811045,2026-08-14 21:36:29.118766973,156.6955993413124,21,21:36:29,1
ORD-12919,12.9051161460664,77.73173816699453,2026-08-14 20:58:28.786422591,544.1921160882792,20,20:58:28,1
ORD-12920,12.92750312285058,77.7644229212705,2026-08-14 21:11:44.703530292,505.3001640028937,21,21:11:44,1
ORD-12921,12.87764275645845,77.62525723813594,2026-08-14 20:05:02.415366182,418.88682026931946,20,20:05:02,3
ORD-12922,13.029274725446246,77.58022261200703,2026-08-14 20:57:32.799464727,459.48316994113947,20,20:57:32,5
ORD-12923,12.948802653611166,77.61509824316217,2026-08-14 19:42:04.910388693,469.7849138486731,19,19:42:04,4
ORD-12924,12.931697780492932,77.84804805463722,2026-08-14 18:24:42.241190686,453.0106270601904,18,18:24:42,1
ORD-12925,12.91084914859398,77.50528368219467,2026-08-14 17:35:28.508455356,793.4572444688941,17,17:35:28,2
ORD-12926,13.006326545859752,77.55264531590694,2026-08-14 14:02:14.920818261,424.3706958292487,14,14:02:14,5
ORD-12927,13.00731509656142,77.6520578430857,2026-08-14 19:32:50.013938359,505.3970585780786,19,19:32:50,4
ORD-12928,13.04975494806266,77.58404921369569,2026-08-14 23:47:54.403646568,419.41483749206895,23,23:47:54,5
ORD-12929,12.960022741353008,77.73701741137373,2026-08-14 21:49:30.720832838,597.514677996582,21,21:49:30,1
ORD-12930,12.968758238555258,77.62383667023776,2026-08-14 20:34:09.382066284,506.514554995831,20,20:34:09,4
ORD-12931,12.928362639437688,77.62760394903674,2026-08-14 18:09:53.955051398,438.0134140244278,18,18:09:53,3
ORD-12932,12.952684561788722,77.65545548530835,2026-08-14 22:29:36.053031832,191.10480811392256,22,22:29:36,4
ORD-12933,12.981685251453907,77.60715968254377,2026-08-14 19:42:06.216193773,516.4962337933125,19,19:42:06,2
ORD-12934,12.958208218441762,77.58682339286989,2026-08-14 23:56:14.408824102,433.5635589630374,23,23:56:14,2
ORD-12935,12.905249009701697,77.58299274402846,2026-08-14 17:32:50.214630348,470.8889014669349,17,17:32:50,3
ORD-12936,13.04220200972671,77.53211937155733,2026-08-14 18:07:30.274248246,302.6313079132,18,18:07:30,5
ORD-12937,12.987775393362089,77.59077824169248,2026-08-14 17:52:54.570502023,694.9923259080293,17,17:52:54,2
ORD-12938,13.018112389493735,77.61728289413372,2026-08-14 16:17:40.934666094,608.5114763765808,16,16:17:40,5
ORD-12939,12.928083860010387,77.66377711666527,2026-08-14 17:39:26.597833274,694.6058996460947,17,17:39:26,4
ORD-12940,13.018209747637234,77.72619466719868,2026-08-14 20:15:28.946337893,652.0468951171431,20,20:15:28,1
ORD-12941,12.92296234314055,77.62040466421894,2026-08-14 18:13:10.190776344,568.8475953191193,18,18:13:10,3
ORD-12942,12.98287786919674,77.74080985192396,2026-08-14 10:21:32.622036835,308.6576236910336,10,10:21:32,1
ORD-12943,12.961448418934328,77.54396037807325,2026-08-14 22:41:08.459676781,756.5080746107787,22,22:41:08,2
ORD-12944,13.021060441781962,77.61267757564704,2026-08-14 15:47:23.156435873,340.8547273668734,15,15:47:23,5
ORD-12945,12.951202868418228,77.67184656607151,2026-08-14 21:28:23.054563980,439.7388563887557,21,21:28:23,4
ORD-12946,13.013537888762045,77.58460604311425,2026-08-14 20:04:40.931307026,586.0353420940381,20,20:04:40,5
ORD-12947,13.017095493523572,77.56960853896778,2026-08-14 23:59:59.000000000,593.4811180781107,23,23:59:59,5
ORD-12948,13.002381058397711,77.81336828674473,2026-08-14 22:29:32.617333704,565.8355090416837,22,22:29:32,1
ORD-12949,12.970423043739924,77.58660196342333,2026-08-14 18:44:18.558640635,419.9567278006365,18,18:44:18,2
ORD-12950,13.024187742987976,77.54349930463091,2026-08-14 18:14:41.427938802,388.9602558966788,18,18:14:41,5
ORD-12951,12.927468887327,77.57106739702103,2026-08-14 23:45:24.549127194,860.1798852909205,23,23:45:24,2
ORD-12952,12.888840286773512,77.56842389697422,2026-08-14 16:18:37.160126087,474.102909225025,16,16:18:37,3
ORD-12953,12.955486268357015,77.59362107049296,2026-08-14 20:28:37.919423268,455.7342923041746,20,20:28:37,2
ORD-12954,12.9374765103408,77.56188226776051,2026-08-14 19:40:19.915830753,372.96652635918696,19,19:40:19,2
ORD-12955,12.954024929723833,77.60281281597035,2026-08-14 19:08:30.965381658,516.7005523606437,19,19:08:30,2
ORD-12956,12.889029714835708,77.61802022935352,2026-08-14 20:53:01.625860036,509.7034200867106,20,20:53:01,3
ORD-12957,12.996624349174033,77.59463061982872,2026-08-14 20:28:26.038744578,477.5660686943557,20,20:28:26,5
ORD-12958,12.957100053041923,77.69653885253585,2026-08-14 21:08:36.606685126,537.258997018183,21,21:08:36,4
ORD-12959,13.028120568765978,77.60522248437807,2026-08-14 20:20:50.780871270,744.530625366353,20,20:20:50,5
ORD-12960,12.921634668806057,77.56621153766156,2026-08-14 21:02:39.132645154,390.7420940563652,21,21:02:39,2
ORD-12961,12.94003021136738,77.80090884613107,2026-08-14 20:14:00.286736384,486.462561330318,20,20:14:00,1
ORD-12962,13.019990035130563,77.71896762907784,2026-08-14 18:21:05.158015053,382.8227321174167,18,18:21:05,1
ORD-12963,13.00194648755198,77.59954995253304,2026-08-14 20:00:36.011342129,524.2047541238442,20,20:00:36,5
ORD-12964,12.977051069869823,77.59148325467629,2026-08-14 18:12:50.520962664,394.7295747938372,18,18:12:50,2
ORD-12965,12.94983745245158,77.55007173284861,2026-08-14 18:02:56.610557422,401.1835512848716,18,18:02:56,2
ORD-12966,12.940317298567372,77.60983140777104,2026-08-14 19:09:34.649975540,261.07149389165613,19,19:09:34,2
ORD-12967,13.00141751747768,77.62662037293343,2026-08-14 19:42:05.191553377,494.6692174229512,19,19:42:05,5
ORD-12968,12.930202464131616,77.56187096263164,2026-08-14 20:05:17.027757130,544.4654432857466,20,20:05:17,2
ORD-12969,12.998889366376282,77.59249459252082,2026-08-14 22:17:27.409446270,759.0714529788443,22,22:17:27,5
ORD-12970,12.939252526626532,77.71779467189899,2026-08-14 18:45:13.823257132,550.4253721784768,18,18:45:13,1
ORD-12971,12.883499245429066,77.60663980941528,2026-08-14 20:29:31.667338273,412.5473815054021,20,20:29:31,3
ORD-12972,13.074394221612604,77.60322404298968,2026-08-14 20:17:42.249425494,276.04813684708654,20,20:17:42,5
ORD-12973,12.898058130292696,77.6382699578363,2026-08-14 18:28:42.345412805,296.80694915017824,18,18:28:42,3
ORD-12974,12.94066331823968,77.75333725960165,2026-08-14 20:11:03.667075859,285.65574907920416,20,20:11:03,1
ORD-12975,12.928912936954609,77.65176957189558,2026-08-14 22:30:24.492736596,761.7063053174072,22,22:30:24,4
ORD-12976,12.980597007017815,77.56724307889648,2026-08-14 20:27:58.555951951,523.1715745389555,20,20:27:58,2
ORD-12977,12.87786140193169,77.61541411473668,2026-08-14 20:33:59.255361246,392.5550671107161,20,20:33:59,3
ORD-12978,12.958999962627136,77.59240934766213,2026-08-14 18:14:12.045021516,336.0210592270104,18,18:14:12,2
ORD-12979,12.960526062163153,77.67131035484644,2026-08-14 23:59:59.000000000,351.58382394091177,23,23:59:59,4
ORD-12980,13.007199234545936,77.7469000126456,2026-08-14 18:22:44.792667097,388.60509082404326,18,18:22:44,1
ORD-12981,12.959165019891746,77.58680659106928,2026-08-14 15:49:49.948855073,677.4382824382728,15,15:49:49,2
ORD-12982,12.964829101687393,77.6853047202878,2026-08-14 22:09:01.657081963,475.5084829413376,22,22:09:01,4
ORD-12983,13.054042552691604,77.524048393253,2026-08-14 19:42:46.646643164,262.88003740890764,19,19:42:46,5
ORD-12984,12.952061940816078,77.61604888625843,2026-08-14 19:14:32.623611476,826.5688912095557,19,19:14:32,4
ORD-12985,12.963648095099176,77.68532694939876,2026-08-14 18:38:10.015976296,308.9758290951154,18,18:38:10,4
ORD-12986,12.955785504255257,77.5997733574732,2026-08-14 23:59:59.000000000,391.3747035114199,23,23:59:59,2
ORD-12987,12.972729268376996,77.56331583727763,2026-08-14 20:53:11.312507442,676.5216581450823,20,20:53:11,2
ORD-12988,12.910209529255566,77.59068923658486,2026-08-14 21:22:27.760994806,542.27244489136,21,21:22:27,3
ORD-12989,12.969016663008157,77.65696042198908,2026-08-14 20:24:23.540612240,409.51155005636855,20,20:24:23,4
ORD-12990,12.885108408336748,77.55718742998266,2026-08-14 20:40:30.446521007,295.2949610859248,20,20:40:30,3
ORD-12991,13.027218965235202,77.54385545054099,2026-08-14 23:29:47.621495035,334.996483661246,23,23:29:47,5
ORD-12992,12.973217406128482,77.62081276398321,2026-08-14 19:22:22.308048951,344.0255821385301,19,19:22:22,4
ORD-12993,13.02209496640434,77.75704880955503,2026-08-14 16:21:27.562090313,481.0547696774324,16,16:21:27,1
ORD-12994,12.928439567130264,77.55525652791994,2026-08-14 22:10:12.491888050,508.6592725921955,22,22:10:12,2
ORD-12995,12.928816480221505,77.58539505411923,2026-08-14 21:14:30.314510182,457.7018057052986,21,21:14:30,2
ORD-12996,12.957563488497446,77.59970291644647,2026-08-14 20:16:11.818315965,474.1179279113506,20,20:16:11,2
ORD-12997,12.954573158991744,77.69826992106435,2026-08-14 21:10:36.779173930,322.3915207208519,21,21:10:36,4
ORD-12998,12.889604751759055,77.71120260182211,2026-08-14 19:04:23.302017352,523.9704159335834,19,19:04:23,1
ORD-12999,12.872938596501143,77.59468493033971,2026-08-14 20:03:06.233245688,672.0777955255494,20,20:03:06,3
ORD-13000,12.89846530801666,77.59126170044739,2026-08-14 19:40:14.697715261,455.5812477375647,19,19:40:14,3
ORD-13001,13.001345543383868,77.48386020986206,2026-08-14 18:31:16.605686362,452.656994035579,18,18:31:16,2
ORD-13002,13.022590876206165,77.71499053170281,2026-08-14 22:58:22.555047945,492.4501578079272,22,22:58:22,1
ORD-13003,12.902165297555252,77.55917877421487,2026-08-14 16:28:09.672353240,647.7307289639087,16,16:28:09,2
ORD-13004,13.005617562020422,77.59962001279631,2026-08-14 23:59:59.000000000,345.7915500842039,23,23:59:59,5
ORD-13005,13.006877215015695,77.58327196360295,2026-08-14 22:11:36.259882858,697.6271003598204,22,22:11:36,5
ORD-13006,12.98663629727437,77.58034606988414,2026-08-14 15:33:18.220187679,543.1833359152856,15,15:33:18,2
ORD-13007,12.928839326183445,77.59155164798513,2026-08-14 19:26:22.503034581,484.3021043548301,19,19:26:22,2
ORD-13008,12.85028965973347,77.60449864642473,2026-08-14 19:34:43.086756868,661.985825499648,19,19:34:43,3
ORD-13009,12.946591978931362,77.66298545625146,2026-08-14 20:58:46.979660479,302.69068891853163,20,20:58:46,4
ORD-13010,12.892902621292512,77.5552216285542,2026-08-14 17:31:35.595563343,558.3068304367063,17,17:31:35,2
ORD-13011,12.949474061830523,77.74987817029994,2026-08-14 20:04:48.228090314,544.5464346759926,20,20:04:48,1
ORD-13012,12.964723820796504,77.74574089600094,2026-08-14 19:41:49.925416896,339.68174034093107,19,19:41:49,1
ORD-13013,12.984083362049947,77.71838474112273,2026-08-14 18:09:21.434736839,549.0957184430731,18,18:09:21,1
ORD-13014,12.94929495047818,77.62527083545949,2026-08-14 17:48:29.229916759,522.4957769070729,17,17:48:29,4
ORD-13015,12.958605870755516,77.80603177971611,2026-08-14 22:17:49.241820321,453.1892820465099,22,22:17:49,1
ORD-13016,12.971074561245011,77.64275133743179,2026-08-14 15:45:30.757139617,609.4226332845499,15,15:45:30,4
ORD-13017,12.864150513030127,77.80526307824513,2026-08-14 21:11:40.910424864,394.2368621463503,21,21:11:40,1
ORD-13018,12.963016548286518,77.69472430231995,2026-08-14 21:59:37.592761903,520.5481868765054,21,21:59:37,4
ORD-13019,13.079111260710674,77.6522419937124,2026-08-14 19:27:12.974954954,460.2489326317022,19,19:27:12,5
ORD-13020,13.000552919756313,77.79720426195259,2026-08-14 20:07:51.355557525,387.7954765488499,20,20:07:51,1
ORD-13021,13.039594330925704,77.75757941584324,2026-08-14 22:54:31.454997276,555.4327027678157,22,22:54:31,1
ORD-13022,12.861571930957266,77.59933886849947,2026-08-14 18:14:16.336403483,448.83963789762726,18,18:14:16,3
ORD-13023,12.98344809597842,77.752621065453,2026-08-14 18:29:45.128139998,259.049031193568,18,18:29:45,1
ORD-13024,12.89157033118442,77.56741263311817,2026-08-14 18:45:40.646870106,209.84008429230232,18,18:45:40,3
ORD-13025,12.94385930659778,77.77827088445945,2026-08-14 22:54:47.930393010,598.3586202124802,22,22:54:47,1
ORD-13026,12.983211891978804,77.61497986648222,2026-08-14 23:13:50.643721962,296.90998391597543,23,23:13:50,4
ORD-13027,12.953609955048996,77.60727145493928,2026-08-14 16:30:36.987889827,521.9076740100909,16,16:30:36,2
ORD-13028,12.855627113980292,77.59416727966911,2026-08-14 22:30:56.166725805,488.24278404422256,22,22:30:56,3
ORD-13029,12.907543245584469,77.59270316296076,2026-08-14 22:02:50.174757126,424.720233454365,22,22:02:50,3
ORD-13030,12.937114320288112,77.63994969159626,2026-08-14 23:53:02.353294048,773.500268582301,23,23:53:02,4
ORD-13031,12.99965553158852,77.74026580474718,2026-08-14 20:57:45.972289137,506.9511027690669,20,20:57:45,1
ORD-13032,12.96916842080244,77.58009927982481,2026-08-14 19:53:21.658917493,593.3450224023098,19,19:53:21,2
ORD-13033,12.93672986389472,77.66729827727467,2026-08-14 22:51:46.950179145,522.7224323009714,22,22:51:46,4
ORD-13034,12.949926725523556,77.76793902699399,2026-08-14 21:44:50.134123516,445.26908653237786,21,21:44:50,1
ORD-13035,12.97995307648724,77.75153651865932,2026-08-14 23:59:59.000000000,477.1366874646088,23,23:59:59,1
ORD-13036,13.00236866617636,77.72687055811366,2026-08-14 22:23:48.370604656,698.7814148490726,22,22:23:48,1
ORD-13037,12.958268474262477,77.6403834711917,2026-08-14 20:23:01.931787815,643.2157938900644,20,20:23:01,4
ORD-13038,12.91279487232172,77.64228043018691,2026-08-14 17:03:53.060576614,772.7979647532901,17,17:03:53,3
ORD-13039,12.946638269347186,77.60252064727108,2026-08-14 18:32:51.745405253,513.2463139459326,18,18:32:51,2
ORD-13040,12.931693953092465,77.63202240876718,2026-08-14 16:24:36.405197748,348.4594401448878,16,16:24:36,4
ORD-13041,12.962309051172792,77.62893190969156,2026-08-14 19:27:44.441675452,413.9224583460282,19,19:27:44,4
ORD-13042,12.938560324379896,77.63157260771564,2026-08-14 22:18:54.608339096,301.8332712302113,22,22:18:54,4
ORD-13043,12.969652932961308,77.80968768247796,2026-08-14 19:59:26.960203675,595.0566193312916,19,19:59:26,1
ORD-13044,12.881924207844056,77.60785286717666,2026-08-14 22:33:15.527418841,392.1125525884128,22,22:33:15,3
ORD-13045,12.861522984225909,77.62312285175337,2026-08-14 20:50:38.163600951,120.0,20,20:50:38,3
ORD-13046,12.930766371226811,77.74025914104432,2026-08-14 18:59:32.169392214,849.5663547494896,18,18:59:32,1
ORD-13047,12.956777748613405,77.75983118943104,2026-08-14 20:13:08.626396530,394.4098292267527,20,20:13:08,1
ORD-13048,12.95045231788592,77.7291643005807,2026-08-14 21:10:48.870219496,393.51136117712855,21,21:10:48,1
ORD-13049,13.020054976243006,77.75995983766661,2026-08-14 20:20:53.010586173,730.741753899055,20,20:20:53,1
ORD-13050,12.91556322017922,77.6157208214866,2026-08-14 20:22:36.158059667,298.76228238037265,20,20:22:36,3
ORD-13051,13.029187423329477,77.58636922926121,2026-08-14 18:04:38.549031720,650.490882979975,18,18:04:38,5
ORD-13052,12.945675318189666,77.72602513474557,2026-08-14 18:55:03.213612820,391.8836334863968,18,18:55:03,1
ORD-13053,12.950580573165364,77.72919257971506,2026-08-14 23:59:59.000000000,281.4306833104712,23,23:59:59,1
ORD-13054,12.871812325307776,77.57075299660686,2026-08-14 23:04:16.198413812,735.8576642067204,23,23:04:16,3
ORD-13055,12.949373786897352,77.66150498564586,2026-08-14 16:18:55.431928713,618.464542059379,16,16:18:55,4
ORD-13056,12.90325669494545,77.60284934088172,2026-08-14 14:04:57.279382443,618.0001476772565,14,14:04:57,3
ORD-13057,12.97965308088392,77.66982525024784,2026-08-14 20:11:25.731793039,535.1483320183162,20,20:11:25,4
ORD-13058,12.92532562699018,77.60241977712607,2026-08-14 22:14:01.256049833,569.865244961652,22,22:14:01,3
ORD-13059,12.948144939021429,77.66504715193979,2026-08-14 18:42:00.523463200,295.17629628779355,18,18:42:00,4
ORD-13060,12.96263524682672,77.73647267883871,2026-08-14 22:33:14.928553781,496.7416285866991,22,22:33:14,1
ORD-13061,12.906721739870186,77.5975616756846,2026-08-14 20:08:56.891085064,340.68554993237325,20,20:08:56,3
ORD-13062,12.982802036702264,77.54855966069394,2026-08-14 19:35:32.448482457,271.6589221405418,19,19:35:32,2
ORD-13063,12.951420404282578,77.59141543746648,2026-08-14 21:53:25.036585577,541.6429996062047,21,21:53:25,2
ORD-13064,12.911362741951187,77.56330577146508,2026-08-14 18:40:13.117863880,653.7224333489316,18,18:40:13,2
ORD-13065,12.969367192161515,77.73850876700583,2026-08-14 19:16:59.643103767,422.4946763657904,19,19:16:59,1
ORD-13066,12.933447179040025,77.67600981144267,2026-08-14 21:40:31.505359173,448.1980661498187,21,21:40:31,4
ORD-13067,12.98461943160266,77.61298692855489,2026-08-14 19:55:17.436566406,309.27740323754404,19,19:55:17,4
ORD-13068,12.94490380313087,77.77082959150698,2026-08-14 23:59:59.000000000,481.0825719131847,23,23:59:59,1
ORD-13069,12.96205426518477,77.6199671307263,2026-08-14 21:44:04.428715704,594.0114168582621,21,21:44:04,4
ORD-13070,12.940704946059418,77.63144082031678,2026-08-14 21:34:19.324454995,598.7291605091659,21,21:34:19,4
ORD-13071,12.966267254467514,77.54186434395459,2026-08-14 19:52:34.458185414,561.7764263446398,19,19:52:34,2
ORD-13072,12.99315266287566,77.78443076153663,2026-08-14 22:11:12.792090386,387.2353249208197,22,22:11:12,1
ORD-13073,12.922944670285254,77.71900161355977,2026-08-14 19:11:36.530044784,382.48064348592726,19,19:11:36,1
ORD-13074,12.941822603798014,77.5690923431268,2026-08-14 20:42:21.399760796,599.3106709861399,20,20:42:21,2
ORD-13075,12.911039903217256,77.59139109845692,2026-08-14 17:42:33.362576959,601.7998398325096,17,17:42:33,3
ORD-13076,12.958198612790856,77.62074609352189,2026-08-14 22:35:54.972530075,454.20075218521606,22,22:35:54,4
ORD-13077,12.905876192859129,77.5949353950454,2026-08-14 20:43:35.442275356,416.0742138651472,20,20:43:35,3
ORD-13078,12.981253764400568,77.64713603773966,2026-08-14 23:59:59.000000000,655.0870640168549,23,23:59:59,4
ORD-13079,12.930800269465417,77.59946678364442,2026-08-14 23:59:59.000000000,426.007700278013,23,23:59:59,2
ORD-13080,12.9155568676352,77.62846046390666,2026-08-14 21:54:29.875062898,591.8898336785672,21,21:54:29,3
ORD-13081,12.916137665622298,77.59230817270537,2026-08-14 20:10:15.827800871,459.4735237712852,20,20:10:15,3
ORD-13082,12.882330888237068,77.6004275496811,2026-08-14 17:38:05.419390870,322.87008284445,17,17:38:05,3
ORD-13083,12.94790460881234,77.58149634883776,2026-08-14 22:15:42.748229329,721.8468210035554,22,22:15:42,2
ORD-13084,12.88417203608271,77.5914259730962,2026-08-14 20:31:32.561075057,498.00958435972143,20,20:31:32,3
ORD-13085,12.863595507816068,77.62930451667383,2026-08-14 21:20:42.313552390,373.3884030167875,21,21:20:42,3
ORD-13086,12.9669120268381,77.69031773372784,2026-08-14 23:59:59.000000000,271.3791498337194,23,23:59:59,4
ORD-13087,12.905980953130866,77.63628104996468,2026-08-14 17:56:20.190402030,286.499880264475,17,17:56:20,3
ORD-13088,12.952594231876498,77.57020704889517,2026-08-14 17:41:21.262483668,424.0632893858098,17,17:41:21,2
ORD-13089,12.967189256304716,77.76202591373124,2026-08-14 19:24:32.166554664,768.7693325300388,19,19:24:32,1
ORD-13090,12.92132766400363,77.61385449684262,2026-08-14 22:03:10.810347766,392.3007181988636,22,22:03:10,3
ORD-13091,12.950389735143744,77.64017252111125,2026-08-14 21:23:13.805161930,697.1182248519307,21,21:23:13,4
ORD-13092,12.968560295075797,77.7315526858616,2026-08-14 17:45:38.803394738,460.3854497095374,17,17:45:38,1
ORD-13093,12.999971908885424,77.58700097081676,2026-08-14 21:53:28.976106322,302.8274413347476,21,21:53:28,5
ORD-13094,12.992086560817633,77.57684137393377,2026-08-14 16:59:49.084629961,409.0183217324406,16,16:59:49,5
ORD-13095,12.975830955668672,77.60100975901233,2026-08-14 17:54:20.324930860,287.85181143938354,17,17:54:20,2
ORD-13096,12.979637999598102,77.60276512160154,2026-08-14 19:42:40.884145297,351.6047322054219,19,19:42:40,2
ORD-13097,12.908205570416287,77.60689816224867,2026-08-14 18:36:59.118786223,347.13779071861234,18,18:36:59,3
ORD-13098,12.898600676019273,77.61718787149202,2026-08-14 22:13:28.735397858,194.4294198778101,22,22:13:28,3
ORD-13099,12.955554443786763,77.81477733998526,2026-08-14 20:42:57.406347010,706.9194103222089,20,20:42:57,1
ORD-13100,12.894390903501185,77.62809416808619,2026-08-14 23:59:59.000000000,511.6525545333423,23,23:59:59,3
ORD-13101,12.925274619866563,77.57263878079719,2026-08-14 19:22:55.331711810,377.05823915728473,19,19:22:55,2
ORD-13102,12.951938962340847,77.56895855454914,2026-08-14 19:41:40.180640633,513.2636619650084,19,19:41:40,2
ORD-13103,12.882566362194591,77.77309473642366,2026-08-14 23:01:33.443481556,354.6779409536907,23,23:01:33,1
ORD-13104,12.930707069056416,77.71332787688513,2026-08-14 19:46:21.712771886,120.0,19,19:46:21,1
ORD-13105,12.993876572901232,77.73784934811536,2026-08-14 23:44:06.047229368,923.5037449839824,23,23:44:06,1
ORD-13106,12.948722025269303,77.6524558133378,2026-08-14 21:21:07.453893460,508.4399815015589,21,21:21:07,4
ORD-13107,12.91262750388872,77.65226418735843,2026-08-14 14:07:04.921771032,391.64804410278526,14,14:07:04,3
ORD-13108,12.94515887195125,77.67275905709963,2026-08-14 22:56:38.133727345,189.912778248385,22,22:56:38,4
ORD-13109,12.892346504841408,77.6460130604336,2026-08-14 22:16:54.541318078,255.877530728616,22,22:16:54,3
ORD-13110,12.946132650905856,77.62116307377381,2026-08-14 22:22:41.993454995,728.1737894332358,22,22:22:41,4
ORD-13111,12.911730989350415,77.61920108778205,2026-08-14 15:13:21.194593093,705.2907823197701,15,15:13:21,3
ORD-13112,12.84122441604694,77.61795470134338,2026-08-14 18:20:33.090348561,592.9822553998422,18,18:20:33,3
ORD-13113,12.947436536585991,77.62917247966715,2026-08-14 18:31:41.656497989,312.7384442385279,18,18:31:41,4
ORD-13114,12.83113428400476,77.58020272442185,2026-08-14 17:53:49.907691956,706.4960981965515,17,17:53:49,3
ORD-13115,12.901716815600295,77.59310806266161,2026-08-14 23:59:59.000000000,547.4673926916529,23,23:59:59,3
ORD-13116,12.926726861697505,77.60414216728101,2026-08-14 19:58:14.089459587,578.2386672527301,19,19:58:14,3
ORD-13117,12.957433593781138,77.5885815168644,2026-08-14 19:54:30.951516337,546.925641666487,19,19:54:30,2
ORD-13118,12.95655822519929,77.6411159736694,2026-08-14 21:22:48.074792842,253.95192230608444,21,21:22:48,4
ORD-13119,12.948414415649326,77.618128584912,2026-08-14 21:25:23.715011004,300.2758573879669,21,21:25:23,4
ORD-13120,13.033876033869094,77.76726184909714,2026-08-14 11:39:45.965604368,403.4672750387457,11,11:39:45,1
ORD-13121,12.901308244786126,77.63319069165075,2026-08-14 18:23:02.782165656,576.545956129967,18,18:23:02,3
ORD-13122,12.9615369181976,77.60391619903764,2026-08-14 16:28:04.902799879,272.93518766352804,16,16:28:04,2
ORD-13123,13.00972452864259,77.60797117970006,2026-08-14 21:00:02.754838393,453.6980377583714,21,21:00:02,5
ORD-13124,12.834613258181712,77.62058851920683,2026-08-14 19:16:39.968270994,453.5085734755424,19,19:16:39,3
ORD-13125,12.902388979595557,77.62890129350896,2026-08-14 20:02:18.488080511,598.9109533991366,20,20:02:18,3
ORD-13126,12.949647519408812,77.61693067164997,2026-08-14 14:48:13.322259985,581.2007303411493,14,14:48:13,4
ORD-13127,12.993483828188063,77.61824525904028,2026-08-14 19:13:31.329977786,328.46611064218007,19,19:13:31,5
ORD-13128,13.000268623806884,77.66897299007731,2026-08-14 22:47:16.172266495,697.0029254230952,22,22:47:16,4
ORD-13129,13.032392891088756,77.62425710077922,2026-08-14 23:31:25.045347920,305.5140256874565,23,23:31:25,5
ORD-13130,13.014986445449324,77.58221010533425,2026-08-14 21:47:49.770775866,643.8359162851125,21,21:47:49,5
ORD-13131,12.989862895838227,77.60544931907295,2026-08-14 16:39:40.812358967,397.4782652477403,16,16:39:40,5
ORD-13132,12.9392838086549,77.62417421055027,2026-08-14 23:08:54.616226929,504.5888930150058,23,23:08:54,4
ORD-13133,12.999289900152457,77.58463215551734,2026-08-14 21:48:36.020295000,513.8981190156458,21,21:48:36,5
ORD-13134,12.8939637109433,77.63964976408819,2026-08-14 19:42:25.298693419,509.6561161063193,19,19:42:25,3
ORD-13135,12.955476361034512,77.63653147408314,2026-08-14 14:56:14.673169412,581.1748797651856,14,14:56:14,4
ORD-13136,12.954556713370003,77.60268386640806,2026-08-14 22:23:02.354555963,538.7189246900299,22,22:23:02,2
ORD-13137,12.900268336113854,77.58430845267189,2026-08-14 18:31:10.503030149,597.5473694805808,18,18:31:10,3
ORD-13138,12.969643623668524,77.59184932214109,2026-08-14 20:51:55.492389493,549.6929940517704,20,20:51:55,2
ORD-13139,12.942433716998869,77.61997458900376,2026-08-14 20:10:15.544745730,290.3317111611234,20,20:10:15,4
ORD-13140,12.965123029459562,77.72281570814597,2026-08-14 23:50:45.554859945,520.4698611836982,23,23:50:45,1
ORD-13141,12.9608566654743,77.58557813217853,2026-08-14 19:41:11.697126022,395.4195146242,19,19:41:11,2
ORD-13142,12.965494462300017,77.56843997613628,2026-08-14 19:57:43.977689226,313.61062831390745,19,19:57:43,2
ORD-13143,12.924983041136311,77.64037874673923,2026-08-14 23:56:47.538514308,436.524016098405,23,23:56:47,4
ORD-13144,12.989212354784613,77.69316287551005,2026-08-14 18:21:15.999806248,507.4853398552636,18,18:21:15,4
ORD-13145,12.996509980524838,77.78228684095816,2026-08-14 22:02:08.905662670,517.4512541981677,22,22:02:08,1
ORD-13146,12.932253164280532,77.6388338813513,2026-08-14 19:30:12.458494094,638.4037117710402,19,19:30:12,4
ORD-13147,12.924185187474302,77.56051117652179,2026-08-14 17:29:37.122341956,676.0963678457366,17,17:29:37,2
ORD-13148,13.048580915036691,77.60557140555994,2026-08-14 20:00:10.448880488,530.4421246136034,20,20:00:10,5
ORD-13149,12.950484610292763,77.6146745592907,2026-08-14 21:43:45.346022472,557.5659565514113,21,21:43:45,4
ORD-13150,12.85823171568332,77.6447698389605,2026-08-14 23:23:03.388559789,494.29635497634825,23,23:23:03,3
ORD-13151,12.904465740373809,77.5900268856209,2026-08-14 23:41:12.245868111,595.0838195474377,23,23:41:12,3
ORD-13152,12.91261613296924,77.62525405248152,2026-08-14 19:15:47.123331970,553.0482208255596,19,19:15:47,3
ORD-13153,12.975537342225769,77.72400692919797,2026-08-14 17:31:54.756911710,471.8267859213294,17,17:31:54,1
ORD-13154,12.952086874808284,77.71034351784179,2026-08-14 19:12:11.349903803,802.7973850506451,19,19:12:11,1
ORD-13155,12.908736203442956,77.64772574250789,2026-08-14 17:02:46.223220029,398.0724954837272,17,17:02:46,3
ORD-13156,12.927750797182464,77.61297949891657,2026-08-14 19:27:23.524205251,698.1685435062507,19,19:27:23,3
ORD-13157,12.986139046820416,77.60391935183371,2026-08-14 19:08:45.012447422,276.8560610509594,19,19:08:45,5
ORD-13158,13.029269936143065,77.67299175013719,2026-08-14 21:49:07.411837411,602.0424804677183,21,21:49:07,5
ORD-13159,13.020352019419295,77.69146584159657,2026-08-14 14:29:06.583380771,695.4852527590256,14,14:29:06,4
ORD-13160,12.983350191062131,77.75001959973189,2026-08-14 18:09:57.528485220,193.91713934881204,18,18:09:57,1
ORD-13161,12.964125858880056,77.59842574313802,2026-08-14 18:11:10.335260023,500.8425859582641,18,18:11:10,2
ORD-13162,12.940413706978577,77.72633752496472,2026-08-14 22:58:04.145271672,587.3121061866066,22,22:58:04,1
ORD-13163,12.951582500883056,77.62313634583832,2026-08-14 17:12:55.400603391,517.7945406192099,17,17:12:55,4
ORD-13164,12.893857958939789,77.60270851350143,2026-08-14 20:33:59.916236841,536.7233903410445,20,20:33:59,3
ORD-13165,12.90898456633245,77.62984912381943,2026-08-14 19:40:46.844270222,500.4334743564995,19,19:40:46,3
ORD-13166,12.97238605348009,77.57145242991976,2026-08-14 22:36:27.382741527,315.8628260457612,22,22:36:27,2
ORD-13167,12.924771772231535,77.6403627665799,2026-08-14 21:29:22.486780595,835.2068388233163,21,21:29:22,4
ORD-13168,13.087406870258238,77.61130137616473,2026-08-14 20:18:11.193586383,404.4693205026301,20,20:18:11,5
ORD-13169,12.94538603201337,77.69334120998047,2026-08-14 18:36:47.998128707,545.1241858168357,18,18:36:47,4
ORD-13170,12.87757058080678,77.61266268076093,2026-08-14 15:22:08.917472011,382.9740484371859,15,15:22:08,3
ORD-13171,12.946863536687973,77.75682386970968,2026-08-14 20:37:03.770901187,138.6205214968952,20,20:37:03,1
ORD-13172,12.915847659431732,77.5874648749047,2026-08-14 21:19:34.408186769,341.3230689376547,21,21:19:34,3
ORD-13173,12.894003892899145,77.67918240782807,2026-08-14 16:03:46.191487728,262.85899615872927,16,16:03:46,3
ORD-13174,12.966314571221428,77.68506812831397,2026-08-14 16:54:56.752521043,643.7351308836734,16,16:54:56,4
ORD-13175,12.954098281526427,77.60945030069848,2026-08-14 20:37:50.969760345,388.96979759333175,20,20:37:50,2
ORD-13176,12.962916932287149,77.60894261995234,2026-08-14 20:50:52.275175871,402.88629912300553,20,20:50:52,2
ORD-13177,12.93562946196016,77.58140114673235,2026-08-14 17:31:24.174209171,320.35039310943955,17,17:31:24,2
ORD-13178,12.93265835232506,77.65316572543031,2026-08-14 18:33:53.417577888,494.10530980726537,18,18:33:53,4
ORD-13179,12.933785138108522,77.6216438071304,2026-08-14 15:24:31.600452866,372.5312225458079,15,15:24:31,4
ORD-13180,12.93303783782053,77.63021997371351,2026-08-14 23:26:35.375134319,628.8532096870183,23,23:26:35,4
ORD-13181,12.94889523724538,77.77158027733076,2026-08-14 16:45:01.130333684,525.3058984633741,16,16:45:01,1
ORD-13182,12.92405155794603,77.75651239513647,2026-08-14 21:21:20.334521237,394.2261321413328,21,21:21:20,1
ORD-13183,12.95485507146999,77.6175465803162,2026-08-14 19:54:45.353734620,607.5349577755529,19,19:54:45,4
ORD-13184,12.984580372736486,77.5599032962718,2026-08-14 23:13:26.342576623,481.1910784534857,23,23:13:26,2
ORD-13185,12.93779606301864,77.60288509923592,2026-08-14 18:01:09.713165027,483.2245358534927,18,18:01:09,2
ORD-13186,12.993549237911736,77.68437970205744,2026-08-14 20:09:11.274393063,260.6047644402112,20,20:09:11,4
ORD-13187,12.988070722228876,77.73098794748682,2026-08-14 15:45:14.157816864,469.3370800822029,15,15:45:14,1
ORD-13188,13.02905178694424,77.55011687267522,2026-08-14 15:09:13.258467542,528.2316958976998,15,15:09:13,5
ORD-13189,13.005993396593466,77.63081438639355,2026-08-14 21:29:27.002254789,680.0350233297518,21,21:29:27,5
ORD-13190,12.970950218089309,77.73660275594017,2026-08-14 15:32:14.767448373,367.2159555145016,15,15:32:14,1
ORD-13191,12.923822907657913,77.60002241386324,2026-08-14 19:25:46.042190089,821.7162935078267,19,19:25:46,3
ORD-13192,12.993817307365717,77.63817405498611,2026-08-14 22:31:41.659031756,563.5302475243479,22,22:31:41,4
ORD-13193,13.008053568881383,77.78396619229173,2026-08-14 21:52:00.163704852,252.0882185949289,21,21:52:00,1
ORD-13194,12.984268021019563,77.75191141240185,2026-08-14 18:20:18.730608463,353.22028288716655,18,18:20:18,1
ORD-13195,12.994606238329183,77.60559935976305,2026-08-14 16:01:43.471772326,693.1498746325228,16,16:01:43,5
ORD-13196,12.965028002513208,77.61438464818583,2026-08-14 21:16:25.453754900,666.4843714443591,21,21:16:25,4
ORD-13197,12.89226111345038,77.54489128902404,2026-08-14 23:21:20.311045742,482.7140222340754,23,23:21:20,2
ORD-13198,12.910656265945857,77.65866485415233,2026-08-14 18:20:39.857292009,502.4876554586778,18,18:20:39,3
ORD-13199,12.914629185113006,77.76381650861877,2026-08-14 17:59:30.184274336,305.30845894110433,17,17:59:30,1
ORD-13200,12.984289008188254,77.63529268205401,2026-08-14 18:41:15.882334179,678.2164110353012,18,18:41:15,4
ORD-13201,12.977911854173236,77.54758767132957,2026-08-14 21:25:44.478397264,331.83493698382995,21,21:25:44,2
ORD-13202,12.901622576377315,77.58313015673357,2026-08-14 23:04:16.658457734,606.7111666685126,23,23:04:16,3
ORD-13203,12.90907196117834,77.57649844514016,2026-08-14 16:54:03.538697575,682.8063552997708,16,16:54:03,2
ORD-13204,12.875809546582264,77.66157316967283,2026-08-14 16:15:15.463716078,487.2233331329264,16,16:15:15,3
ORD-13205,12.989415151981664,77.64411361983518,2026-08-14 23:59:59.000000000,625.1417049183298,23,23:59:59,4
ORD-13206,12.969380706100376,77.6143405892391,2026-08-14 19:33:24.094908990,757.1459562038542,19,19:33:24,4
ORD-13207,12.892318168737614,77.6220857807712,2026-08-14 20:37:56.035161213,520.1953198816107,20,20:37:56,3
ORD-13208,12.925092010325727,77.78188174622618,2026-08-14 18:16:12.622434441,453.70472753520806,18,18:16:12,1
ORD-13209,12.914010532646232,77.59577379248947,2026-08-14 21:13:29.660785074,469.9720713672725,21,21:13:29,3
ORD-13210,12.89236893036703,77.53778728584798,2026-08-14 22:24:00.547872314,368.55181459918674,22,22:24:00,2
ORD-13211,12.88025107000375,77.64904793684646,2026-08-14 20:44:58.165544156,365.162431089469,20,20:44:58,3
ORD-13212,12.921100830003382,77.61857349000097,2026-08-14 23:59:59.000000000,546.3610145738554,23,23:59:59,3
ORD-13213,12.939544402540095,77.67329841073408,2026-08-14 19:10:59.298690530,455.4075266776073,19,19:10:59,4
ORD-13214,12.981575162923097,77.59046827486642,2026-08-14 19:20:34.057742682,529.1353765276898,19,19:20:34,2
ORD-13215,12.867210029999692,77.7070864990685,2026-08-14 20:34:42.657161497,256.5095775221143,20,20:34:42,3
ORD-13216,13.01461470640808,77.63109587587502,2026-08-14 21:09:44.654809555,466.10717622192897,21,21:09:44,5
ORD-13217,12.890732911404635,77.65821292868628,2026-08-14 20:34:11.525358562,634.5176775135695,20,20:34:11,3
ORD-13218,12.91282057098956,77.60614566069127,2026-08-14 16:47:20.264757403,312.16135845359724,16,16:47:20,3
ORD-13219,12.94790605950868,77.62180311614057,2026-08-14 20:46:52.636495760,482.4789621201827,20,20:46:52,4
ORD-13220,12.930096478114477,77.58323403227213,2026-08-14 19:03:52.437736769,201.80860336523835,19,19:03:52,2
ORD-13221,12.958340352503146,77.64235882778418,2026-08-14 18:32:51.206873328,284.1806966590239,18,18:32:51,4
ORD-13222,12.944370580102548,77.65716980340665,2026-08-14 20:04:52.338492779,601.1491331517075,20,20:04:52,4
ORD-13223,12.922539905426396,77.63075344213267,2026-08-14 17:35:46.295814037,433.6073560030576,17,17:35:46,3
ORD-13224,12.817054731493783,77.6087622432155,2026-08-14 17:09:41.478085141,753.3109298307813,17,17:09:41,3
ORD-13225,12.954636601800146,77.5692361936509,2026-08-14 13:27:40.779359965,544.8664665636469,13,13:27:40,2
ORD-13226,12.9188820412899,77.58804914668788,2026-08-14 23:59:59.000000000,559.5893497333986,23,23:59:59,2
ORD-13227,13.00491780624552,77.76919621457392,2026-08-14 21:23:21.581871927,318.5276925157651,21,21:23:21,1
ORD-13228,12.964089510923808,77.56408251133148,2026-08-14 19:42:29.122908243,422.2341934733321,19,19:42:29,2
ORD-13229,12.929584248485703,77.61469611472874,2026-08-14 18:19:54.990868020,370.1045726928581,18,18:19:54,3
ORD-13230,12.96177999026905,77.57303903596987,2026-08-14 12:48:35.709461582,320.18373906741215,12,12:48:35,2
ORD-13231,12.9044863504877,77.63983756739474,2026-08-14 18:10:43.240114007,579.5839689144203,18,18:10:43,3
ORD-13232,12.868250202632826,77.68670531688106,2026-08-14 21:47:22.797034477,609.6773798653019,21,21:47:22,3
ORD-13233,12.952134439375929,77.6230183836519,2026-08-14 22:21:19.568732345,539.8405791251173,22,22:21:19,4
ORD-13234,13.001539195123051,77.6991857839191,2026-08-14 21:36:20.627942430,355.789921016102,21,21:36:20,1
ORD-13235,12.911935468319715,77.62026235986633,2026-08-14 20:23:45.527601772,529.6095052646194,20,20:23:45,3
ORD-13236,12.982994612965124,77.62287261966057,2026-08-14 23:15:34.867313382,193.09823978015152,23,23:15:34,4
ORD-13237,12.99415191349148,77.62016473514224,2026-08-14 19:10:43.165001203,678.451390306206,19,19:10:43,5
ORD-13238,12.933639472413862,77.6688033857541,2026-08-14 22:42:46.700245209,285.2774736543845,22,22:42:46,4
ORD-13239,13.006443434208595,77.59174904042777,2026-08-14 19:02:18.758006518,311.9311526342305,19,19:02:18,5
ORD-13240,12.993442179654291,77.77021309341126,2026-08-14 17:47:49.728220100,497.29384043552886,17,17:47:49,1
ORD-13241,12.987530568509404,77.78891836763012,2026-08-14 17:29:08.583176197,510.6239340363069,17,17:29:08,1
ORD-13242,13.010256719634311,77.59014944910938,2026-08-14 17:20:19.532209442,469.0877102322323,17,17:20:19,5
ORD-13243,12.939065767151725,77.59669167775941,2026-08-14 21:38:51.612259222,313.4808088526555,21,21:38:51,2
ORD-13244,12.884292466128956,77.60066771855037,2026-08-14 18:08:35.289860126,650.0021990404938,18,18:08:35,3
ORD-13245,12.932530264689117,77.56634466537876,2026-08-14 17:25:02.740394686,227.10761983961245,17,17:25:02,2
ORD-13246,13.001711639579586,77.49774361020891,2026-08-14 21:47:03.616976952,257.5096514327333,21,21:47:03,2
ORD-13247,13.06481859288202,77.80256576968287,2026-08-14 20:49:11.733514250,463.9525842068278,20,20:49:11,1
ORD-13248,12.918764694653968,77.58322992261972,2026-08-14 22:24:23.327845612,290.36490272334186,22,22:24:23,2
ORD-13249,12.927204015575557,77.5894793864204,2026-08-14 21:16:53.395601455,663.3937914413888,21,21:16:53,2
ORD-13250,12.978341670165545,77.58956000078044,2026-08-14 18:07:01.995778224,303.2678046880628,18,18:07:01,2
ORD-13251,12.931900454896915,77.63085113722182,2026-08-14 20:11:24.921748217,713.5540728315468,20,20:11:24,4
ORD-13252,12.870626527057611,77.61148494034468,2026-08-14 20:18:46.196916927,635.268324865736,20,20:18:46,3
ORD-13253,12.940920671131613,77.62900973674745,2026-08-14 17:42:07.572073734,665.2583603261376,17,17:42:07,4
ORD-13254,12.962245923559736,77.78982502215892,2026-08-14 17:14:18.375233154,763.0658974429869,17,17:14:18,1
ORD-13255,12.922822160579146,77.63245640673881,2026-08-14 18:17:53.505517941,492.1841886143648,18,18:17:53,3
ORD-13256,12.962005413687397,77.6073218350993,2026-08-14 23:59:59.000000000,328.0538106270063,23,23:59:59,2
ORD-13257,12.942706214361364,77.62112653772897,2026-08-14 18:58:05.303152006,464.5488186347037,18,18:58:05,4
ORD-13258,13.013107942774726,77.74097964034448,2026-08-14 23:04:55.801122480,395.0001591886556,23,23:04:55,1
ORD-13259,12.972817410205089,77.57927442368735,2026-08-14 18:49:42.055414682,373.6213091229416,18,18:49:42,2
ORD-13260,12.90511890967932,77.64827806097009,2026-08-14 22:13:19.549375860,502.6280155210249,22,22:13:19,3
ORD-13261,12.960936625818553,77.61631753146847,2026-08-14 22:15:22.424900021,433.244367868838,22,22:15:22,4
ORD-13262,12.874270846527669,77.75018218416632,2026-08-14 22:22:53.314571568,367.1685473524505,22,22:22:53,1
ORD-13263,12.919113814543488,77.5872859459714,2026-08-14 20:58:10.446078081,443.18964111191127,20,20:58:10,2
ORD-13264,13.016436564935606,77.57692038994975,2026-08-14 23:26:36.299209030,562.3467696305557,23,23:26:36,5
ORD-13265,12.93352049718023,77.57664357385502,2026-08-14 20:56:45.185724175,623.4625809889044,20,20:56:45,2
ORD-13266,12.982669582309091,77.6424175174822,2026-08-14 23:59:59.000000000,239.5614130213516,23,23:59:59,4
ORD-13267,12.981432497393174,77.62291460132302,2026-08-14 15:57:00.721771304,434.5198370507187,15,15:57:00,4
ORD-13268,12.954909685911485,77.65337713292645,2026-08-14 20:52:14.576229001,458.7985191787943,20,20:52:14,4
ORD-13269,12.982054854248746,77.59262793006035,2026-08-14 20:42:29.912332821,302.6219966658552,20,20:42:29,2
ORD-13270,12.94465306051936,77.77742129769136,2026-08-14 17:39:31.321387751,462.0441400438952,17,17:39:31,1
ORD-13271,12.95998931768801,77.65164863548655,2026-08-14 21:26:56.257995874,502.19934143100414,21,21:26:56,4
ORD-13272,12.98272488589876,77.61049794680795,2026-08-14 16:16:29.255919810,557.8251817921487,16,16:16:29,4
ORD-13273,12.986515479587617,77.56028641119808,2026-08-14 18:21:52.341068157,491.5737038447505,18,18:21:52,2
ORD-13274,13.110536239339158,77.58522092775767,2026-08-14 15:00:08.209683920,347.85758850036666,15,15:00:08,5
ORD-13275,13.02501244251437,77.5848637538147,2026-08-14 23:53:47.638652665,781.804504135777,23,23:53:47,5
ORD-13276,13.013228644947448,77.57146970329033,2026-08-14 19:25:16.054554492,604.3690157432397,19,19:25:16,5
ORD-13277,12.953270350098869,77.54679714251822,2026-08-14 23:59:59.000000000,562.90796169748,23,23:59:59,2
ORD-13278,12.942313872790786,77.81821370890067,2026-08-14 22:00:26.549338675,630.7246885516404,22,22:00:26,1
ORD-13279,13.061547930027448,77.62940664618546,2026-08-14 21:07:12.883920159,516.6913757715715,21,21:07:12,5
ORD-13280,13.012802307559593,77.65879470975268,2026-08-14 18:32:03.950751471,672.9451328282933,18,18:32:03,4
ORD-13281,12.873200210699466,77.58145409096497,2026-08-14 17:23:02.849678813,488.5307925428646,17,17:23:02,3
ORD-13282,12.899769671868686,77.56645945712286,2026-08-14 21:18:26.744165073,480.2621190411276,21,21:18:26,3
ORD-13283,12.917380071329516,77.56725578565178,2026-08-14 19:49:16.373916543,575.2842718186806,19,19:49:16,2
ORD-13284,12.979275811959624,77.59583533867608,2026-08-14 16:39:06.567160632,716.4536319436385,16,16:39:06,2
ORD-13285,12.909900782168762,77.54835579280544,2026-08-14 16:12:28.274251425,706.8072922933961,16,16:12:28,2
ORD-13286,12.935049595311744,77.73077664713406,2026-08-14 17:36:11.666437708,568.9271397389994,17,17:36:11,1
ORD-13287,13.02715221971173,77.55746163892412,2026-08-14 23:59:59.000000000,557.49177878652,23,23:59:59,5
ORD-13288,12.910721773672623,77.543315441403,2026-08-14 23:59:59.000000000,584.4063616644729,23,23:59:59,2
ORD-13289,12.930796322695809,77.5869418035073,2026-08-14 20:30:44.902325780,627.8431370004896,20,20:30:44,2
ORD-13290,12.905488337027034,77.57869605541538,2026-08-14 20:22:20.485166172,674.8097909119863,20,20:22:20,3
ORD-13291,12.922527475655055,77.55257432805166,2026-08-14 19:09:33.116653534,444.51238739942255,19,19:09:33,2
ORD-13292,13.00153744933364,77.76420475933425,2026-08-14 17:39:49.631865214,677.7091934756087,17,17:39:49,1
ORD-13293,12.969155184613571,77.56668800759297,2026-08-14 23:26:16.611518465,531.4492671106959,23,23:26:16,2
ORD-13294,12.991718210686072,77.6649745311272,2026-08-14 23:59:59.000000000,577.6397433749925,23,23:59:59,4
ORD-13295,12.940194094427056,77.68062956494134,2026-08-14 17:45:59.228227446,687.2923982300993,17,17:45:59,4
ORD-13296,12.93268730613262,77.64207625261488,2026-08-14 19:47:34.454594179,592.0593375136018,19,19:47:34,4
ORD-13297,12.93987478954376,77.64814825586399,2026-08-14 18:52:31.203293608,617.3993344729261,18,18:52:31,4
ORD-13298,12.941912656856578,77.73395605728756,2026-08-14 18:56:57.848326215,421.5872200076368,18,18:56:57,1
ORD-13299,13.048027724371885,77.6089734818545,2026-08-14 22:57:53.174298869,704.746731562452,22,22:57:53,5
ORD-13300,12.987566413803012,77.78851375122976,2026-08-14 16:43:12.346091705,584.3530066614187,16,16:43:12,1
ORD-13301,12.92852600898646,77.60669416083364,2026-08-14 21:09:58.227218427,498.9098576760746,21,21:09:58,3
ORD-13302,12.9796350424376,77.56924727288688,2026-08-14 21:49:14.142965753,645.1611580339654,21,21:49:14,2
ORD-13303,13.088021888445128,77.76805018667095,2026-08-14 19:38:40.639437584,868.1745746640748,19,19:38:40,1
ORD-13304,12.932458420287444,77.60645857544206,2026-08-14 22:13:57.610442881,304.6613247267098,22,22:13:57,2
ORD-13305,12.952994320088242,77.75105492314603,2026-08-14 20:22:08.866564837,359.44010656150766,20,20:22:08,1
ORD-13306,12.973719367641744,77.73401552993573,2026-08-14 23:02:34.169290405,882.7957963253828,23,23:02:34,1
ORD-13307,12.925639671371805,77.6715499601332,2026-08-14 16:11:40.152255667,544.0042263456561,16,16:11:40,4
ORD-13308,13.018257673692784,77.75882118929772,2026-08-14 19:07:41.022650938,508.6304517947352,19,19:07:41,1
ORD-13309,12.924655909546717,77.61344761048237,2026-08-14 19:49:13.681714341,462.6921387506752,19,19:49:13,3
ORD-13310,12.970999885456386,77.65804233856869,2026-08-14 13:19:10.133539758,661.265400145716,13,13:19:10,4
ORD-13311,12.94230490484834,77.659884803435,2026-08-14 17:17:06.425397793,871.6870963215431,17,17:17:06,4
ORD-13312,12.918468449536766,77.63208360394418,2026-08-14 17:57:57.606710771,380.22171888999816,17,17:57:57,3
ORD-13313,12.91137285517862,77.63472929096545,2026-08-14 22:22:13.853953410,465.4684909216,22,22:22:13,3
ORD-13314,12.981733698538967,77.60387018059795,2026-08-14 18:13:58.409883169,427.3909307148201,18,18:13:58,2
ORD-13315,12.88644947996875,77.61351211286583,2026-08-14 17:57:17.289114246,589.9297465228917,17,17:57:17,3
ORD-13316,12.96366682286966,77.61732017023746,2026-08-14 22:02:37.372025906,663.3590156475861,22,22:02:37,4
ORD-13317,12.919335916591852,77.6846453865461,2026-08-14 15:57:18.804187890,723.1399177999675,15,15:57:18,4
ORD-13318,12.990661336571364,77.64088071751769,2026-08-14 14:49:18.803393008,595.007742393042,14,14:49:18,4
ORD-13319,13.009030277009217,77.53414060428955,2026-08-14 19:05:45.669299376,857.8999186865426,19,19:05:45,5
ORD-13320,12.979925630472213,77.58568872048951,2026-08-14 16:22:50.639087295,393.78705251888806,16,16:22:50,2
ORD-13321,12.896363672123394,77.56565180878997,2026-08-14 16:28:32.886348063,354.81891713509435,16,16:28:32,3
ORD-13322,13.0355073724455,77.63115429120683,2026-08-14 21:26:00.904125192,700.4016439974314,21,21:26:00,5
ORD-13323,12.992073372258028,77.59658473270937,2026-08-14 22:11:23.764541213,498.4248479394505,22,22:11:23,5
ORD-13324,13.05255966506262,77.59604750536677,2026-08-14 21:58:19.777942669,273.6089514877078,21,21:58:19,5
ORD-13325,12.985759651493938,77.54726871051717,2026-08-14 22:46:18.989942765,432.5905542543826,22,22:46:18,2
ORD-13326,13.028689101485536,77.59137713497718,2026-08-14 23:06:10.208880133,518.3487981145911,23,23:06:10,5
ORD-13327,13.001384393747736,77.62110564783211,2026-08-14 14:40:42.688120558,383.0627643138968,14,14:40:42,5
ORD-13328,12.956379655551563,77.6146901050423,2026-08-14 21:07:33.707639365,327.8008969358117,21,21:07:33,4
ORD-13329,12.868277174046144,77.62452248979731,2026-08-14 18:40:33.526203874,448.8556295211186,18,18:40:33,3
ORD-13330,12.934980925964176,77.52650139881328,2026-08-14 18:07:53.181786086,320.31998694574327,18,18:07:53,2
ORD-13331,12.887398163469609,77.58591309679122,2026-08-14 21:24:03.731689878,575.2696558470348,21,21:24:03,3
ORD-13332,12.93934225703932,77.5963823848532,2026-08-14 15:40:27.340680938,188.42927296607303,15,15:40:27,2
ORD-13333,12.933865290091138,77.61713127708764,2026-08-14 15:37:20.022547149,493.56373919481337,15,15:37:20,3
ORD-13334,12.922329768496178,77.55782619972047,2026-08-14 21:35:02.154696735,557.9264832162454,21,21:35:02,2
ORD-13335,12.894235523107668,77.57229065290768,2026-08-14 21:13:10.074157598,466.4188140377436,21,21:13:10,3
ORD-13336,12.941202360420084,77.6028885920007,2026-08-14 20:20:30.593902844,643.9834345606309,20,20:20:30,2
ORD-13337,13.008828371745611,77.65022240336059,2026-08-14 17:48:00.779357492,274.4158148693797,17,17:48:00,4
ORD-13338,12.96058894933953,77.64815649683288,2026-08-14 21:51:34.466711239,374.8365747935828,21,21:51:34,4
ORD-13339,12.894125548915897,77.53916977781903,2026-08-14 21:42:02.726028544,430.4948030623666,21,21:42:02,2
ORD-13340,12.941976923871932,77.59159907867917,2026-08-14 20:12:47.740635427,586.9086854113959,20,20:12:47,2
ORD-13341,12.972803782835769,77.57212186325447,2026-08-14 17:03:24.110628572,512.776137906918,17,17:03:24,2
ORD-13342,12.915389972107995,77.59220591897457,2026-08-14 18:56:12.764888434,801.5048974113627,18,18:56:12,3
ORD-13343,12.92461776517839,77.65395712895177,2026-08-14 22:05:40.503097720,359.132115453916,22,22:05:40,4
ORD-13344,12.978047603033554,77.61594829855662,2026-08-14 23:19:04.721005216,270.7516652129023,23,23:19:04,4
ORD-13345,12.908484602268098,77.59812939289684,2026-08-14 19:11:01.170569613,748.3633474399592,19,19:11:01,3
ORD-13346,12.929428111418895,77.73704871856012,2026-08-14 19:22:32.943289726,265.37121241014256,19,19:22:32,1
ORD-13347,12.81896099055438,77.6038422311793,2026-08-14 19:35:44.798027774,582.4594067098567,19,19:35:44,3
ORD-13348,12.96693440379832,77.76972857789946,2026-08-14 20:41:14.037080199,333.1994936967046,20,20:41:14,1
ORD-13349,12.925796274286627,77.63666857397857,2026-08-14 18:32:50.394299460,169.6022473728471,18,18:32:50,4
ORD-13350,12.85890739685134,77.62251071017275,2026-08-14 12:45:52.334481856,423.7824309280152,12,12:45:52,3
ORD-13351,12.91101740224803,77.70770937695193,2026-08-14 22:58:54.921014824,614.924994371574,22,22:58:54,1
ORD-13352,12.921349205824765,77.62756923957556,2026-08-14 23:59:59.000000000,296.73433672903894,23,23:59:59,3
ORD-13353,12.984592236721452,77.5952380848998,2026-08-14 18:28:08.401263549,566.4142092217246,18,18:28:08,2
ORD-13354,12.934516436368652,77.59952298873785,2026-08-14 17:20:00.119679731,594.4295341779678,17,17:20:00,2
ORD-13355,12.916160580531956,77.63945816159148,2026-08-14 19:39:26.095298488,289.2464787721044,19,19:39:26,3
ORD-13356,12.868112381854443,77.6308568917599,2026-08-14 19:31:52.465046441,445.8358066931444,19,19:31:52,3
ORD-13357,12.95620225265084,77.77889449762043,2026-08-14 22:29:19.667194467,716.5612233490746,22,22:29:19,1
ORD-13358,13.069438271003124,77.5384420595623,2026-08-14 20:08:11.754974805,577.5888929945614,20,20:08:11,5
ORD-13359,12.896244673287049,77.58015653092208,2026-08-14 18:01:06.394526659,440.7761303135969,18,18:01:06,3
ORD-13360,12.97235452122244,77.56086133533266,2026-08-14 16:42:14.314944978,542.2943221880879,16,16:42:14,2
ORD-13361,13.055243954584286,77.77133284636743,2026-08-14 22:09:50.707663377,377.2105037294328,22,22:09:50,1
ORD-13362,12.983705078901204,77.63911844540064,2026-08-14 21:29:55.601170478,647.0543517577537,21,21:29:55,4
ORD-13363,12.943835489364703,77.73663800811642,2026-08-14 22:39:05.038902826,646.9890096903209,22,22:39:05,1
ORD-13364,12.94849526630841,77.59821271712156,2026-08-14 17:34:46.319243510,498.1358872629082,17,17:34:46,2
ORD-13365,12.89639302945021,77.55725023902973,2026-08-14 23:59:59.000000000,514.605923468654,23,23:59:59,2
ORD-13366,13.084871641558603,77.745059761468,2026-08-14 15:38:26.749436485,330.1804687491491,15,15:38:26,1
ORD-13367,12.958399138738608,77.75396670623668,2026-08-14 21:46:26.409192613,277.19453593982564,21,21:46:26,1
ORD-13368,12.926704499374114,77.6287955117697,2026-08-14 15:13:33.755095228,423.5092884087704,15,15:13:33,3
ORD-13369,12.961643155014077,77.60574080321098,2026-08-14 18:01:27.017564714,466.8897435463233,18,18:01:27,2
ORD-13370,12.894505134623529,77.61884246719325,2026-08-14 23:54:09.206374032,639.3941246081984,23,23:54:09,3
ORD-13371,12.955345937650652,77.64443646280364,2026-08-14 22:04:42.278290284,618.3641625927467,22,22:04:42,4
ORD-13372,13.010789167265814,77.75376337501508,2026-08-14 18:38:04.016260615,507.7249332538639,18,18:38:04,1
ORD-13373,12.871844245081329,77.56719377077961,2026-08-14 18:42:10.466614605,658.580847655918,18,18:42:10,3
ORD-13374,13.03632931415546,77.60877130392623,2026-08-14 20:15:05.598997519,338.4770731778395,20,20:15:05,5
ORD-13375,13.022688201323588,77.58019406455274,2026-08-14 21:17:07.268916847,641.6005330917554,21,21:17:07,5
ORD-13376,13.015052026838749,77.59618121139145,2026-08-14 23:07:44.214444144,361.43569284757984,23,23:07:44,5
ORD-13377,12.851803317677442,77.58595356799306,2026-08-14 18:51:33.893958524,665.9541795096363,18,18:51:33,3
ORD-13378,12.913253220409343,77.66676261182332,2026-08-14 15:58:13.934428615,477.9980302845028,15,15:58:13,4
ORD-13379,12.888116522532489,77.6164163849641,2026-08-14 20:23:32.717643439,180.2569985193394,20,20:23:32,3
ORD-13380,12.977728996282584,77.79542707769812,2026-08-14 18:51:23.122462424,589.5235746047163,18,18:51:23,1
ORD-13381,13.013990209243744,77.74798739609219,2026-08-14 16:44:54.296657264,601.431863925117,16,16:44:54,1
ORD-13382,12.91855803405837,77.6012658414011,2026-08-14 20:44:39.020237815,411.5129918267127,20,20:44:39,3
ORD-13383,12.961362787213696,77.73480883259867,2026-08-14 19:28:01.976213165,424.3110632408975,19,19:28:01,1
ORD-13384,12.954576959327538,77.63921084361198,2026-08-14 20:45:58.609858228,456.0682080173094,20,20:45:58,4
ORD-13385,12.948613041690075,77.62697492990026,2026-08-14 17:45:50.002198315,191.22722810605927,17,17:45:50,4
ORD-13386,13.000400419249006,77.62886321876927,2026-08-14 21:13:00.394772929,125.29077403572848,21,21:13:00,5
ORD-13387,13.010081231998848,77.5822918935658,2026-08-14 16:42:26.116229205,675.2438457195584,16,16:42:26,5
ORD-13388,12.976675244425406,77.66165282050115,2026-08-14 17:55:50.417492731,356.3898498884135,17,17:55:50,4
ORD-13389,12.951894558948004,77.6133924444417,2026-08-14 19:23:33.771920214,758.2896164364546,19,19:23:33,4
ORD-13390,12.946407464260318,77.70119150467471,2026-08-14 23:59:59.000000000,685.5602701708372,23,23:59:59,4
ORD-13391,12.92649869773676,77.63655543897872,2026-08-14 21:57:43.428316936,715.0792971404608,21,21:57:43,4
ORD-13392,12.917055428452256,77.6103794304911,2026-08-14 22:41:34.732538410,382.4551571299268,22,22:41:34,3
ORD-13393,12.99933829901816,77.74007098226755,2026-08-14 23:32:33.693300088,238.73982196041285,23,23:32:33,1
ORD-13394,12.973972069313184,77.48109687394317,2026-08-14 23:59:59.000000000,316.9676540108468,23,23:59:59,2
ORD-13395,12.935603740244163,77.60875286962745,2026-08-14 20:06:14.301608026,413.0317909270632,20,20:06:14,2
ORD-13396,13.007109974199642,77.6087692032915,2026-08-14 23:33:03.608308169,124.015540072404,23,23:33:03,5
ORD-13397,13.045951323106886,77.61078967002612,2026-08-14 22:31:53.717289617,408.6861466313749,22,22:31:53,5
ORD-13398,12.956062852294638,77.5912463400799,2026-08-14 22:29:24.292529768,449.7482958733334,22,22:29:24,2
ORD-13399,12.928963837661744,77.60847118887027,2026-08-14 23:59:59.000000000,285.8368542619958,23,23:59:59,3
ORD-13400,12.913141877422374,77.56953337341211,2026-08-14 18:57:06.182721140,323.9272352631251,18,18:57:06,2
ORD-13401,12.969197049958952,77.67332856672758,2026-08-14 18:45:11.834784573,446.91022182287975,18,18:45:11,4
ORD-13402,13.032900631139452,77.64734527025162,2026-08-14 20:47:57.889621337,533.4429822465452,20,20:47:57,5
ORD-13403,12.991707623359051,77.79794538781766,2026-08-14 19:32:35.702052703,346.37659979996334,19,19:32:35,1
ORD-13404,12.89415044734918,77.64897371894189,2026-08-14 20:47:46.507676984,523.8378914364404,20,20:47:46,3
ORD-13405,13.045438868195012,77.62897990783199,2026-08-14 23:54:24.739065477,500.5269011981783,23,23:54:24,5
ORD-13406,12.934413255730655,77.62826898484117,2026-08-14 18:48:16.679495643,487.0328788527586,18,18:48:16,4
ORD-13407,12.986223331688954,77.58886073291863,2026-08-14 19:14:17.889336656,382.19788142151344,19,19:14:17,2
ORD-13408,12.986017432131016,77.59133642406597,2026-08-14 20:26:08.799031739,279.99306059469257,20,20:26:08,2
ORD-13409,12.979057037358537,77.62134149914958,2026-08-14 19:25:45.134165772,734.4677969851109,19,19:25:45,4
ORD-13410,13.01096038448192,77.78971690152034,2026-08-14 15:12:53.947547879,574.545887468614,15,15:12:53,1
ORD-13411,12.950255004101038,77.64229873611694,2026-08-14 18:32:58.851215710,630.8597479591107,18,18:32:58,4
ORD-13412,12.94999200160174,77.55401613353015,2026-08-14 21:43:06.359180138,467.4555472741616,21,21:43:06,2
ORD-13413,12.973941557661435,77.71093775383748,2026-08-14 23:35:37.920758394,455.3961836609793,23,23:35:37,1
ORD-13414,13.041791550031098,77.55699701087659,2026-08-14 17:06:48.432892160,553.5989521088081,17,17:06:48,5
ORD-13415,12.930126682057088,77.65077270756139,2026-08-14 17:06:06.458406922,204.7967474321632,17,17:06:06,4
ORD-13416,13.007230658584346,77.74985500952695,2026-08-14 20:04:32.104224456,312.8034795970283,20,20:04:32,1
ORD-13417,12.923066902758716,77.601422939099,2026-08-14 14:48:39.644416099,360.3337682957441,14,14:48:39,3
ORD-13418,12.955145673159285,77.6008380971708,2026-08-14 18:53:15.268173116,411.8150366187356,18,18:53:15,2
ORD-13419,12.96998090920038,77.6156419605645,2026-08-14 15:39:35.621464037,348.0456480794769,15,15:39:35,4
ORD-13420,13.021105355145908,77.59775995564696,2026-08-14 23:25:21.551698582,529.921068787612,23,23:25:21,5
ORD-13421,12.895909860952605,77.62160388223238,2026-08-14 18:04:36.019610846,492.2170851694254,18,18:04:36,3
ORD-13422,13.01699230937403,77.61339832609865,2026-08-14 23:59:59.000000000,688.9297034627066,23,23:59:59,5
ORD-13423,12.977760228861902,77.59932374096171,2026-08-14 22:47:01.692181125,851.0638735668844,22,22:47:01,2
ORD-13424,13.031229858994667,77.61314657495623,2026-08-14 18:23:03.144320723,290.5724639777351,18,18:23:03,5
ORD-13425,12.901344992575652,77.62635121962893,2026-08-14 17:19:12.363268385,502.0957820952668,17,17:19:12,3
ORD-13426,12.991038960122811,77.6325141621703,2026-08-14 19:30:58.088257492,501.8288817310461,19,19:30:58,4
ORD-13427,12.895390348387028,77.57710286659194,2026-08-14 19:44:18.180381676,477.8702895353006,19,19:44:18,3
ORD-13428,12.917134791365267,77.54902866811585,2026-08-14 20:51:55.322495572,317.2763143551748,20,20:51:55,2
ORD-13429,12.991357437141662,77.55393870449383,2026-08-14 18:03:31.110394228,342.4203831536174,18,18:03:31,2
ORD-13430,13.053255574638843,77.63995747515509,2026-08-14 21:51:57.553861700,516.0608417874179,21,21:51:57,5
ORD-13431,12.978840151936012,77.67115880725493,2026-08-14 20:39:47.952494999,338.19748900391454,20,20:39:47,4
ORD-13432,12.978511934749122,77.68531806659898,2026-08-14 19:08:56.443589557,503.8907958250512,19,19:08:56,4
ORD-13433,12.94914248857298,77.74578259051353,2026-08-14 18:13:11.634101238,443.10753231815926,18,18:13:11,1
ORD-13434,12.851642334948403,77.62712005566594,2026-08-14 19:32:16.035152112,501.2486854681923,19,19:32:16,3
ORD-13435,12.9310779545023,77.75355795165481,2026-08-14 17:57:27.888733552,337.0049294348349,17,17:57:27,1
ORD-13436,12.91615039484764,77.58677896227744,2026-08-14 20:08:45.948253952,503.62038635018047,20,20:08:45,2
ORD-13437,12.943447347438308,77.602502581193,2026-08-14 20:12:48.948166979,347.85711247851145,20,20:12:48,2
ORD-13438,12.88304781594959,77.55669159151417,2026-08-14 20:39:15.365551287,504.10434129853775,20,20:39:15,3
ORD-13439,12.951114568344256,77.67398679562059,2026-08-14 23:59:59.000000000,680.9094183658735,23,23:59:59,4
ORD-13440,12.986515608684355,77.71789584252379,2026-08-14 19:40:07.997522704,519.1475775024106,19,19:40:07,1
ORD-13441,12.95875100404747,77.59570561521534,2026-08-14 22:30:41.380804120,528.2805573574585,22,22:30:41,2
ORD-13442,12.92297012672775,77.65610703583579,2026-08-14 20:34:26.286572781,602.5809776246322,20,20:34:26,4
ORD-13443,12.986011571905498,77.67257483347184,2026-08-14 19:24:15.801282914,269.46624832901057,19,19:24:15,4
ORD-13444,12.967394467339584,77.68719250769024,2026-08-14 19:42:07.566570439,737.8382360584519,19,19:42:07,4
ORD-13445,12.910773004550146,77.57610835458017,2026-08-14 19:51:10.562317488,321.66150110814453,19,19:51:10,2
ORD-13446,13.112006213336478,77.53312577885636,2026-08-14 20:41:57.909369554,611.9491496053406,20,20:41:57,5
ORD-13447,12.89074414461433,77.58815402518594,2026-08-14 17:36:06.113113029,592.0364980884484,17,17:36:06,3
ORD-13448,13.05939071955698,77.65784006094513,2026-08-14 16:20:11.936548995,344.67504577428593,16,16:20:11,5
ORD-13449,12.987487485027478,77.61292694681683,2026-08-14 21:38:08.676541268,631.3329205150144,21,21:38:08,5
ORD-13450,13.056516230134465,77.60749232013444,2026-08-14 22:14:43.114493231,554.6719149619963,22,22:14:43,5
ORD-13451,12.95080421796061,77.61638933833872,2026-08-14 21:51:50.722495225,763.4967966603386,21,21:51:50,4
ORD-13452,12.914868670003688,77.60128774641258,2026-08-14 20:23:14.748167008,509.006812701194,20,20:23:14,3
ORD-13453,12.962462600230328,77.77129720770374,2026-08-14 21:55:05.021647080,463.7185002716104,21,21:55:05,1
ORD-13454,12.940751992957138,77.58179850204287,2026-08-14 21:47:00.861234154,402.78562081226937,21,21:47:00,2
ORD-13455,12.98803333974446,77.52066364259407,2026-08-14 21:58:08.664230595,218.496709297324,21,21:58:08,2
ORD-13456,12.989446053677243,77.61972085473306,2026-08-14 17:51:04.132607920,432.2658652873261,17,17:51:04,4
ORD-13457,12.956743700388932,77.60782949956314,2026-08-14 17:15:27.433825608,438.6152408611685,17,17:15:27,2
ORD-13458,12.92387720235844,77.64460819341602,2026-08-14 19:01:42.876779230,519.3087273836152,19,19:01:42,4
ORD-13459,12.968790824149806,77.59958124051875,2026-08-14 19:57:23.543014116,266.53453336763016,19,19:57:23,2
ORD-13460,12.979144152409464,77.8087500887522,2026-08-14 19:23:42.709855809,444.1481683219681,19,19:23:42,1
ORD-13461,12.86085905234424,77.60034955900649,2026-08-14 15:18:29.787017959,566.4377088033174,15,15:18:29,3
ORD-13462,12.967904259251103,77.64833882417629,2026-08-14 23:59:59.000000000,581.3264513238776,23,23:59:59,4
ORD-13463,12.989885582382437,77.57889910944118,2026-08-14 19:18:53.586100028,201.0277235794009,19,19:18:53,2
ORD-13464,12.90433635253551,77.60380745332651,2026-08-14 20:25:54.339749193,585.9609912979836,20,20:25:54,3
ORD-13465,12.970780287728656,77.58810450587957,2026-08-14 23:06:40.940916868,443.0139130317762,23,23:06:40,2
ORD-13466,12.975149803748389,77.56822023242984,2026-08-14 14:08:15.249574309,452.2483683752169,14,14:08:15,2
ORD-13467,12.946097091053469,77.59124458018788,2026-08-14 18:43:14.755152795,125.32269452162431,18,18:43:14,2
ORD-13468,13.032384213844596,77.5380816253435,2026-08-14 19:01:55.944537782,704.0356743836819,19,19:01:55,5
ORD-13469,12.878732111732829,77.62476856176625,2026-08-14 19:09:33.209590944,506.5198327516943,19,19:09:33,3
ORD-13470,12.88881949956808,77.6981780323767,2026-08-14 19:33:58.620683574,250.280936021594,19,19:33:58,3
ORD-13471,12.963646691076072,77.56899386454675,2026-08-14 23:37:04.213186004,536.2802362374699,23,23:37:04,2
ORD-13472,12.917184530354366,77.59732034717715,2026-08-14 21:41:01.129881544,531.6717661270536,21,21:41:01,3
ORD-13473,12.877954909016765,77.57657252561766,2026-08-14 22:23:42.317417659,663.3816229399483,22,22:23:42,3
ORD-13474,13.001127107287529,77.5869647406813,2026-08-14 20:07:04.082446298,433.54668460636833,20,20:07:04,5
ORD-13475,13.10411751813311,77.59972780537953,2026-08-14 16:30:05.642584690,481.7994103407879,16,16:30:05,5
ORD-13476,13.019801517128563,77.65854417210399,2026-08-14 14:48:02.726683686,383.57882996431385,14,14:48:02,5
ORD-13477,13.010585183929376,77.49660124940922,2026-08-14 16:10:35.330490915,569.6922920989107,16,16:10:35,2
ORD-13478,12.960943969259812,77.64034973981028,2026-08-14 20:53:57.891337494,362.47644874874254,20,20:53:57,4
ORD-13479,12.949789246203771,77.81168656077044,2026-08-14 20:04:45.927414279,346.0514224379655,20,20:04:45,1
ORD-13480,12.987136155381872,77.60808042493554,2026-08-14 19:28:28.527171996,469.8303693330119,19,19:28:28,5
ORD-13481,12.953989276833378,77.55912379551759,2026-08-14 19:04:42.807839339,296.12043430442566,19,19:04:42,2
ORD-13482,12.947764201884766,77.70685938275409,2026-08-14 23:59:59.000000000,720.3196827808852,23,23:59:59,1
ORD-13483,12.942908391315154,77.53193837273287,2026-08-14 17:56:33.867681212,769.0900091612814,17,17:56:33,2
ORD-13484,12.99273065556666,77.6165827543915,2026-08-14 22:19:10.375105045,411.9614871867277,22,22:19:10,5
ORD-13485,12.913457845818565,77.6488436512215,2026-08-14 20:00:17.216424189,272.0107490164252,20,20:00:17,3
ORD-13486,12.987776325304532,77.77623943075056,2026-08-14 19:50:51.544393926,530.4888058353092,19,19:50:51,1
ORD-13487,12.908646717946002,77.64628326914655,2026-08-14 22:56:29.737937551,407.6846223046614,22,22:56:29,3
ORD-13488,12.974623770740273,77.62104870603483,2026-08-14 23:39:22.773444223,656.2021698792048,23,23:39:22,4
ORD-13489,13.039867286073692,77.75154226222195,2026-08-14 19:24:04.054888036,361.9280106705145,19,19:24:04,1
ORD-13490,12.975127503015838,77.63475530825406,2026-08-14 21:59:52.824473179,561.6769833642664,21,21:59:52,4
ORD-13491,12.93709325364999,77.55160337063279,2026-08-14 20:54:35.022259350,497.099038408754,20,20:54:35,2
ORD-13492,12.940886880837535,77.557175871456,2026-08-14 20:01:06.934249289,378.5607734079885,20,20:01:06,2
ORD-13493,12.89827605929778,77.64394361145631,2026-08-14 20:30:38.294483913,516.0074742737912,20,20:30:38,3
ORD-13494,12.909118041317818,77.57498443591587,2026-08-14 18:16:47.920666396,611.7798837712274,18,18:16:47,2
ORD-13495,12.92263039301619,77.57898424198773,2026-08-14 19:14:05.105460020,493.0272778583095,19,19:14:05,2
ORD-13496,12.978085956386868,77.55855117395417,2026-08-14 18:32:54.282482226,494.5926997689388,18,18:32:54,2
ORD-13497,12.946425497688027,77.63036373499736,2026-08-14 22:15:12.390447860,349.0824858219488,22,22:15:12,4
ORD-13498,12.917694656157485,77.64312078512954,2026-08-14 19:45:43.189960130,651.6307196856204,19,19:45:43,3
ORD-13499,12.880546988078343,77.69570193491899,2026-08-14 16:45:20.573778465,636.6819867214775,16,16:45:20,3
ORD-13500,13.00257330471158,77.74325877464337,2026-08-14 18:11:29.064991532,418.4161216970255,18,18:11:29,1
ORD-13501,13.008750819418886,77.5930101206506,2026-08-14 12:00:06.618193090,461.35673107755065,12,12:00:06,5
ORD-13502,12.966500569717695,77.70915305938998,2026-08-14 18:45:49.566583061,692.133100903549,18,18:45:49,1
ORD-13503,12.892306284722478,77.62921804981515,2026-08-14 20:05:38.805585874,309.96437684288173,20,20:05:38,3
ORD-13504,12.92725816766782,77.57879063948792,2026-08-14 19:39:34.777360197,570.6432587038172,19,19:39:34,2
ORD-13505,12.91279841707716,77.60603752164579,2026-08-14 23:59:59.000000000,396.2079340303308,23,23:59:59,3
ORD-13506,13.008957312321623,77.66211445562723,2026-08-14 21:26:14.154368235,746.7116815127462,21,21:26:14,4
ORD-13507,12.986261906398047,77.48841037232492,2026-08-14 21:19:34.066677801,489.5170092998006,21,21:19:34,2
ORD-13508,13.046292820595712,77.53905262239404,2026-08-14 15:53:30.578688867,669.0567777210064,15,15:53:30,5
ORD-13509,12.957821205709754,77.67610740786496,2026-08-14 19:05:18.221512946,365.8008977308307,19,19:05:18,4
ORD-13510,12.9373816310594,77.74083767471801,2026-08-14 18:47:00.034734087,292.72069765135984,18,18:47:00,1
ORD-13511,12.914222550323146,77.66774011215149,2026-08-14 18:02:05.269210728,444.8610814198332,18,18:02:05,4
ORD-13512,12.981725975984522,77.70129152831981,2026-08-14 18:00:01.074010380,519.4025186920254,18,18:00:01,1
ORD-13513,13.05028139710316,77.60548575632225,2026-08-14 15:28:46.893414525,403.390247697538,15,15:28:46,5
ORD-13514,12.9302872373911,77.611529723474,2026-08-14 16:48:37.321157868,593.7461139412451,16,16:48:37,3
ORD-13515,12.867080983061411,77.58588703844322,2026-08-14 22:11:06.840624885,448.5069648284356,22,22:11:06,3
ORD-13516,12.93274837446952,77.64988965895051,2026-08-14 19:38:33.767772061,167.78442573500917,19,19:38:33,4
ORD-13517,12.963230443794409,77.71364429480431,2026-08-14 18:44:02.378235531,562.9217968789501,18,18:44:02,1
ORD-13518,12.93545727362219,77.5866005814896,2026-08-14 19:59:11.297988126,347.6194411279264,19,19:59:11,2
ORD-13519,12.867815822559438,77.64994928685199,2026-08-14 22:55:06.516108310,425.76039274852224,22,22:55:06,3
ORD-13520,12.955467155044314,77.64084818303978,2026-08-14 20:00:37.894687882,712.9696805309034,20,20:00:37,4
ORD-13521,13.017202494768105,77.57132388383937,2026-08-14 21:21:03.367178379,745.9217586181635,21,21:21:03,5
ORD-13522,12.919711005003006,77.74754895781172,2026-08-14 17:53:00.556418506,393.6759847360783,17,17:53:00,1
ORD-13523,12.923037489510293,77.59501964991304,2026-08-14 18:27:12.330443280,566.667994594776,18,18:27:12,2
ORD-13524,12.932405279627927,77.60309381988284,2026-08-14 20:53:05.791965573,397.1588264366033,20,20:53:05,2
ORD-13525,12.870939815082512,77.60905881582221,2026-08-14 23:59:59.000000000,436.9690531652095,23,23:59:59,3
ORD-13526,12.938626869165365,77.64890768250638,2026-08-14 23:34:27.973735634,389.1336877652171,23,23:34:27,4
ORD-13527,13.012838783461577,77.63590710159492,2026-08-14 21:27:25.452625105,221.3484479405273,21,21:27:25,5
ORD-13528,13.034535312354375,77.66457834805541,2026-08-14 20:22:42.903841446,494.2582835600564,20,20:22:42,5
ORD-13529,12.915514083630583,77.80268185996077,2026-08-14 23:30:09.624200645,523.224808041925,23,23:30:09,1
ORD-13530,13.02495021576308,77.75065766789578,2026-08-14 21:59:12.104907406,379.34973820332925,21,21:59:12,1
ORD-13531,13.082102415611743,77.57769137016837,2026-08-14 14:15:57.041798664,643.1687567155664,14,14:15:57,5
ORD-13532,12.904481392280264,77.72339004464824,2026-08-14 17:21:54.622369303,414.5879674357171,17,17:21:54,1
ORD-13533,13.030325530311568,77.6978122026736,2026-08-14 20:50:43.262928221,384.4182262711478,20,20:50:43,1
ORD-13534,12.935183244867602,77.6256950362669,2026-08-14 15:31:57.291910041,558.9754677162159,15,15:31:57,4
ORD-13535,12.917245901461127,77.6089767440057,2026-08-14 17:45:21.698957188,248.59770150412064,17,17:45:21,3
ORD-13536,12.972328719698266,77.73032431803229,2026-08-14 18:15:01.665507078,616.0018547554209,18,18:15:01,1
ORD-13537,12.920027952599122,77.75752611800301,2026-08-14 19:21:34.506843787,419.6746263908456,19,19:21:34,1
ORD-13538,12.954167830385575,77.64053503815288,2026-08-14 19:16:53.128125964,628.3929114591135,19,19:16:53,4
ORD-13539,12.906859258641356,77.58070702296178,2026-08-14 19:16:37.916155499,673.2195788743734,19,19:16:37,3
ORD-13540,12.925253424124582,77.67937270284284,2026-08-14 22:03:47.767655163,576.0230163535712,22,22:03:47,4
ORD-13541,13.058395932763585,77.6216387636878,2026-08-14 19:20:12.985210945,358.2040060907533,19,19:20:12,5
ORD-13542,12.966344993312491,77.63922682968814,2026-08-14 19:02:18.328811359,292.3752440273393,19,19:02:18,4
ORD-13543,12.974021299166475,77.77318074138267,2026-08-14 16:37:37.451062708,264.8891004997146,16,16:37:37,1
ORD-13544,12.908784186352367,77.53339379460218,2026-08-14 22:33:39.115817872,645.4366052551966,22,22:33:39,2
ORD-13545,12.960504892711851,77.66782083370121,2026-08-14 18:19:16.522374472,459.7799831699725,18,18:19:16,4
ORD-13546,12.896061882122538,77.65326725188456,2026-08-14 17:16:56.727047989,390.1167308203727,17,17:16:56,3
ORD-13547,13.030426799968588,77.5945213829385,2026-08-14 20:31:57.815173821,460.1876772691662,20,20:31:57,5
ORD-13548,12.94116992353404,77.75430565357344,2026-08-14 18:04:57.528638552,642.0931813431253,18,18:04:57,1
ORD-13549,12.952331311112976,77.57301444615153,2026-08-14 18:41:06.425341851,596.8109678039325,18,18:41:06,2
ORD-13550,13.050961442354504,77.54086946837394,2026-08-14 20:38:46.141568872,545.7759233563282,20,20:38:46,5
ORD-13551,12.884662487712772,77.62517518081309,2026-08-14 19:11:01.656385984,575.6829086139608,19,19:11:01,3
ORD-13552,12.970819201138063,77.6066244101964,2026-08-14 23:59:59.000000000,507.0258533245423,23,23:59:59,2
ORD-13553,13.037232888596918,77.59825799126266,2026-08-14 19:48:46.543110127,525.3169585944638,19,19:48:46,5
ORD-13554,12.956136025261715,77.59035634725349,2026-08-14 21:32:40.543969913,513.153784672657,21,21:32:40,2
ORD-13555,12.94347781822308,77.59167631972113,2026-08-14 15:08:44.753572563,479.9908131558669,15,15:08:44,2
ORD-13556,12.972299729140335,77.74619029812258,2026-08-14 17:50:54.157812767,593.0060825746922,17,17:50:54,1
ORD-13557,13.00775409822199,77.54875082059688,2026-08-14 17:16:57.776745750,534.1923159300592,17,17:16:57,5
ORD-13558,12.855286647788471,77.61702985560191,2026-08-14 17:36:50.582490276,347.8927453339563,17,17:36:50,3
ORD-13559,12.98799859399168,77.59992942815326,2026-08-14 21:02:19.841944533,559.3311578283981,21,21:02:19,5
ORD-13560,13.012927148309489,77.76530804359629,2026-08-14 22:35:20.085609997,517.0870599568957,22,22:35:20,1
ORD-13561,13.016065308384904,77.51561029460511,2026-08-14 20:51:41.674541711,571.7120203372649,20,20:51:41,5
ORD-13562,12.926894071803169,77.66047856507902,2026-08-14 19:26:00.198387903,464.36896295774574,19,19:26:00,4
ORD-13563,12.956078327606653,77.75099120922872,2026-08-14 18:25:22.304651588,601.7610470650736,18,18:25:22,1
ORD-13564,12.986347608900736,77.55906476690126,2026-08-14 22:47:02.397760679,470.7887173700765,22,22:47:02,2
ORD-13565,12.93841325638236,77.66739926265006,2026-08-14 23:59:59.000000000,588.5819529900817,23,23:59:59,4
ORD-13566,12.965551532683731,77.55508274523586,2026-08-14 20:20:15.501343053,411.52927260742337,20,20:20:15,2
ORD-13567,12.914268964054232,77.53224655619869,2026-08-14 22:20:54.267576643,421.9118918851571,22,22:20:54,2
ORD-13568,13.04759161423918,77.61282960321769,2026-08-14 20:51:30.333148159,570.3078784815186,20,20:51:30,5
ORD-13569,12.986547270284596,77.57611018226017,2026-08-14 21:53:19.544158190,430.23399093828834,21,21:53:19,2
ORD-13570,12.984096986835128,77.7198549164165,2026-08-14 17:05:19.078997009,810.8674042122242,17,17:05:19,1
ORD-13571,12.959125050781624,77.54121850971683,2026-08-14 18:46:46.773478721,564.966748016854,18,18:46:46,2
ORD-13572,13.028982363255087,77.58631417962684,2026-08-14 20:59:19.224960410,483.7385229231301,20,20:59:19,5
ORD-13573,12.988871991813111,77.61897410918836,2026-08-14 23:01:52.418496738,602.9851165138274,23,23:01:52,4
ORD-13574,12.930817087284128,77.57123169805372,2026-08-14 17:57:16.792005261,407.8979385035225,17,17:57:16,2
ORD-13575,12.958197521409517,77.75281268140871,2026-08-14 14:55:00.308000639,618.4522228849526,14,14:55:00,1
ORD-13576,12.936618302981095,77.65114109136681,2026-08-14 18:45:15.620162029,614.2852824995299,18,18:45:15,4
ORD-13577,12.967377493805456,77.5823540127807,2026-08-14 22:31:31.176429134,668.0301086669325,22,22:31:31,2
ORD-13578,12.910271739421948,77.58508675591057,2026-08-14 16:02:24.939680209,413.8785702977134,16,16:02:24,3
ORD-13579,12.959003111725169,77.66569055495756,2026-08-14 17:03:27.720970816,296.59001187933825,17,17:03:27,4
ORD-13580,12.939656243375644,77.58484702831423,2026-08-14 20:23:23.267274460,388.4768041196177,20,20:23:23,2
ORD-13581,13.02223789678556,77.58834899357144,2026-08-14 19:42:36.258725147,437.7554226040879,19,19:42:36,5
ORD-13582,12.958206624189256,77.75977340354274,2026-08-14 21:29:10.198333979,730.0817401277633,21,21:29:10,1
ORD-13583,12.868043871451286,77.61920100153861,2026-08-14 16:55:41.459155990,809.2518043691623,16,16:55:41,3
ORD-13584,12.991940397987475,77.70649949448779,2026-08-14 19:11:15.192652482,531.6993456965973,19,19:11:15,1
ORD-13585,12.890382295446663,77.71580247488505,2026-08-14 22:59:16.668621628,481.40859120278986,22,22:59:16,1
ORD-13586,12.963106673850053,77.68491021645417,2026-08-14 17:01:03.934257269,427.5138254288684,17,17:01:03,4
ORD-13587,13.0548139937741,77.53373436227864,2026-08-14 23:41:32.210666792,603.7035525316301,23,23:41:32,5
ORD-13588,12.911062057328468,77.62263756473044,2026-08-14 17:19:53.247127002,808.2872087987276,17,17:19:53,3
ORD-13589,12.944078924400433,77.57848378988913,2026-08-14 22:07:24.434196399,747.8776336782407,22,22:07:24,2
ORD-13590,12.973675342020805,77.61568263018363,2026-08-14 19:04:03.373408082,650.696491890875,19,19:04:03,4
ORD-13591,12.89656845030892,77.63358584763446,2026-08-14 17:08:15.825681249,648.4953796670785,17,17:08:15,3
ORD-13592,12.9986857010705,77.62403644469366,2026-08-14 18:45:27.908575627,604.8464829381172,18,18:45:27,5
ORD-13593,12.991703522289686,77.57719206634009,2026-08-14 21:21:44.362693611,472.9064031437198,21,21:21:44,2
ORD-13594,12.996609241651225,77.60541690533366,2026-08-14 19:58:58.314045887,369.5177666188806,19,19:58:58,5
ORD-13595,12.92128796590332,77.58869074074045,2026-08-14 22:47:46.224702990,476.8778866008088,22,22:47:46,2
ORD-13596,12.917809335543046,77.62708604276436,2026-08-14 23:35:21.660548414,543.350940319703,23,23:35:21,3
ORD-13597,13.056995606344492,77.6051434868032,2026-08-14 17:02:32.724012139,261.9549151922557,17,17:02:32,5
ORD-13598,12.94840840242124,77.72086636942608,2026-08-14 16:51:33.577695807,457.0573905950687,16,16:51:33,1
ORD-13599,12.899388168557032,77.68630527066422,2026-08-14 16:44:16.856037412,356.11014681130894,16,16:44:16,4
ORD-13600,12.921226017391891,77.65624046871136,2026-08-14 17:45:07.235135568,632.0761741602212,17,17:45:07,4
ORD-13601,12.958442511408505,77.60374145894478,2026-08-14 22:45:37.930687378,397.5437396764934,22,22:45:37,2
ORD-13602,12.962911084590305,77.60448340025665,2026-08-14 21:24:03.257556000,529.2330497971482,21,21:24:03,2
ORD-13603,12.947361092104652,77.80806043930593,2026-08-14 18:38:14.751843698,374.9969560596635,18,18:38:14,1
ORD-13604,12.969660751321353,77.65217353115418,2026-08-14 19:58:20.076684394,719.6548988941373,19,19:58:20,4
ORD-13605,12.962754670259304,77.64058514209088,2026-08-14 23:30:38.749546493,224.88645951981212,23,23:30:38,4
ORD-13606,13.106422153461128,77.59853679056569,2026-08-14 23:59:59.000000000,551.376056526595,23,23:59:59,5
ORD-13607,12.990004182852031,77.69921804749922,2026-08-14 20:38:54.459000985,288.4113497340102,20,20:38:54,1
ORD-13608,12.899026375969306,77.54087133500578,2026-08-14 13:21:06.469343573,403.6001024272724,13,13:21:06,2
ORD-13609,13.022992225423064,77.55146109467927,2026-08-14 20:44:35.583852840,510.9280055526757,20,20:44:35,5
ORD-13610,12.957519149203655,77.48982026890688,2026-08-14 22:20:12.733165872,518.3035546975257,22,22:20:12,2
ORD-13611,12.906104923658134,77.60731678675938,2026-08-14 20:33:41.690842705,514.390026164312,20,20:33:41,3
ORD-13612,13.018270488282791,77.76388197787276,2026-08-14 21:48:58.634268613,502.76237114632505,21,21:48:58,1
ORD-13613,13.006640046683486,77.63430873019061,2026-08-14 20:53:33.588370143,383.7233607189836,20,20:53:33,5
ORD-13614,12.97042412890854,77.75131484005476,2026-08-14 16:54:48.191242663,455.3920015366783,16,16:54:48,1
ORD-13615,12.89310649722798,77.58984952001339,2026-08-14 17:47:03.854099729,484.74510242683726,17,17:47:03,3
ORD-13616,12.942721594501908,77.59622614456039,2026-08-14 19:11:49.630315829,509.3040595138325,19,19:11:49,2
ORD-13617,13.038526000444325,77.65104324322334,2026-08-14 22:39:48.733004145,470.1479290789517,22,22:39:48,5
ORD-13618,13.049276930877824,77.50223520072147,2026-08-14 18:05:07.043385114,589.4385631476682,18,18:05:07,5
ORD-13619,12.94439246957551,77.57374942753414,2026-08-14 21:08:23.123698509,494.0080455226413,21,21:08:23,2
ORD-13620,12.882791017638596,77.58167406848958,2026-08-14 20:45:33.233345291,510.19889514324205,20,20:45:33,3
ORD-13621,12.911983158677067,77.57636977127859,2026-08-14 23:57:55.775385712,422.6021477532724,23,23:57:55,2
ORD-13622,12.94232187012083,77.57512192002181,2026-08-14 19:53:44.881996835,322.13371100783667,19,19:53:44,2
ORD-13623,12.940383366253744,77.66119398769715,2026-08-14 15:36:47.174235514,503.1043396098706,15,15:36:47,4
ORD-13624,12.888672432937309,77.61454213934813,2026-08-14 21:37:01.834184071,661.1169065944407,21,21:37:01,3
ORD-13625,12.881478992312063,77.73946726474604,2026-08-14 23:59:59.000000000,546.5791846095619,23,23:59:59,1
ORD-13626,12.957695100342102,77.6497223730975,2026-08-14 21:46:51.450103798,357.37590881778124,21,21:46:51,4
ORD-13627,12.930607730559943,77.61402421986656,2026-08-14 18:01:51.045673706,602.2110038727906,18,18:01:51,3
ORD-13628,13.124911908757998,77.65693066406031,2026-08-14 17:17:42.487087389,429.7324398309065,17,17:17:42,5
ORD-13629,12.898311767470664,77.55931136047367,2026-08-14 17:37:03.280498433,587.1980970720431,17,17:37:03,2
ORD-13630,13.021584700419917,77.5638556032034,2026-08-14 23:59:59.000000000,424.68062026557584,23,23:59:59,5
ORD-13631,12.950997164175265,77.58315822611996,2026-08-14 19:10:54.053035307,532.9959659741055,19,19:10:54,2
ORD-13632,12.969051214859338,77.62393049190877,2026-08-14 18:20:36.209455548,402.225399506348,18,18:20:36,4
ORD-13633,12.966275644451398,77.71687901620383,2026-08-14 19:36:14.070202855,406.0421255294498,19,19:36:14,1
ORD-13634,12.9763184920155,77.55873566693361,2026-08-14 19:12:27.836562549,245.06019493563903,19,19:12:27,2
ORD-13635,12.96012717304429,77.59314189918166,2026-08-14 23:55:08.853238088,556.811222874174,23,23:55:08,2
ORD-13636,12.928456803043986,77.58921736196272,2026-08-14 17:27:49.702580853,535.5254452230506,17,17:27:49,2
ORD-13637,12.956565393693332,77.62326073963341,2026-08-14 22:57:05.789084944,543.9664074391413,22,22:57:05,4
ORD-13638,12.95691796012497,77.73573437293692,2026-08-14 20:18:18.828868060,521.2995841697716,20,20:18:18,1
ORD-13639,12.913796946928658,77.65206401635143,2026-08-14 23:01:03.238620849,365.6624950015045,23,23:01:03,3
ORD-13640,12.912571503218322,77.65413698881528,2026-08-14 23:57:23.571393606,624.884889674037,23,23:57:23,3
ORD-13641,12.928564967879094,77.56465608176003,2026-08-14 20:12:43.178705218,628.9168950138405,20,20:12:43,2
ORD-13642,12.993244252551046,77.56913911263469,2026-08-14 19:12:44.427513608,361.7643802244126,19,19:12:44,2
ORD-13643,12.993936441425488,77.60204541424172,2026-08-14 20:09:55.609486786,559.8185987024937,20,20:09:55,5
ORD-13644,13.014928635881782,77.6155022185367,2026-08-14 19:45:47.063951954,611.2486778051966,19,19:45:47,5
ORD-13645,12.954330640399103,77.66501318620334,2026-08-14 15:51:27.301898351,409.4852589984418,15,15:51:27,4
ORD-13646,13.005415145434323,77.61179459072542,2026-08-14 23:52:52.323364066,435.5946466133472,23,23:52:52,5
ORD-13647,12.930334316707691,77.83570054458609,2026-08-14 20:36:52.065156431,560.117011231768,20,20:36:52,1
ORD-13648,12.922473432612486,77.62782421109988,2026-08-14 17:05:32.107334541,253.45053458785483,17,17:05:32,3
ORD-13649,12.99349493359102,77.59970501696316,2026-08-14 14:49:52.290118214,316.7224167699,14,14:49:52,5
ORD-13650,13.031449467139252,77.59424364898143,2026-08-14 14:10:51.606903627,331.53374881956574,14,14:10:51,5
ORD-13651,13.015495395053367,77.72503411849019,2026-08-14 21:55:34.323930188,210.5525452761757,21,21:55:34,1
ORD-13652,13.026631924775147,77.51523756382424,2026-08-14 18:27:09.201884336,642.7409661281221,18,18:27:09,5
ORD-13653,12.995916697759323,77.58703361149429,2026-08-14 18:51:45.893987054,181.78022787125,18,18:51:45,5
ORD-13654,12.946641880248372,77.62095072595973,2026-08-14 21:13:13.388380849,531.466599514705,21,21:13:13,4
ORD-13655,12.931769966162584,77.65284516947048,2026-08-14 18:42:35.566595084,601.752509213283,18,18:42:35,4
ORD-13656,13.028294186110626,77.75880227844797,2026-08-14 21:21:58.719744482,435.96060683800994,21,21:21:58,1
ORD-13657,12.994527730617069,77.60611120378545,2026-08-14 20:14:17.376579390,379.7448562903133,20,20:14:17,5
ORD-13658,12.952213599837572,77.59389792671799,2026-08-14 19:47:22.833751657,514.9263676104958,19,19:47:22,2
ORD-13659,12.965538669404571,77.62176749529765,2026-08-14 16:04:05.246348777,480.2749500891722,16,16:04:05,4
ORD-13660,13.009488795303902,77.57149482464322,2026-08-14 17:57:02.417792050,630.5257293624624,17,17:57:02,5
ORD-13661,12.965708182801698,77.60298134460731,2026-08-14 21:30:22.818290282,120.0,21,21:30:22,2
ORD-13662,12.887220528430984,77.68032220728301,2026-08-14 18:17:41.803666224,342.1938785777808,18,18:17:41,3
ORD-13663,12.934770321327424,77.63443747606617,2026-08-14 23:00:48.326002060,564.2365325874083,23,23:00:48,4
ORD-13664,12.951404844609549,77.54815928542216,2026-08-14 23:59:59.000000000,487.567116416169,23,23:59:59,2
ORD-13665,12.948658954008382,77.75767214656717,2026-08-14 21:38:27.467707572,592.8051238795301,21,21:38:27,1
ORD-13666,13.05937000844638,77.60266270392108,2026-08-14 23:43:55.487022286,519.3029964359494,23,23:43:55,5
ORD-13667,12.947335340568468,77.61270407688615,2026-08-14 21:48:06.545144665,459.78944051380313,21,21:48:06,4
ORD-13668,12.95256869981859,77.6763991503235,2026-08-14 18:39:51.641795950,434.6567335359744,18,18:39:51,4
ORD-13669,12.994467630485364,77.77833396608885,2026-08-14 20:30:01.364983267,828.758252381338,20,20:30:01,1
ORD-13670,12.945490573975732,77.57188957256402,2026-08-14 23:59:59.000000000,710.2419411047267,23,23:59:59,2
ORD-13671,12.898636671427909,77.64042065302323,2026-08-14 18:41:28.016316352,554.3257647142833,18,18:41:28,3
ORD-13672,12.916217133181398,77.62549450102655,2026-08-14 17:24:06.054310097,491.7695840172622,17,17:24:06,3
ORD-13673,12.993874819624542,77.64991125997302,2026-08-14 17:09:52.250191963,560.7198824030152,17,17:09:52,4
ORD-13674,12.960661017201,77.61341384863148,2026-08-14 19:27:22.235545498,604.0252076809362,19,19:27:22,4
ORD-13675,12.941547451288043,77.7479746844275,2026-08-14 17:29:28.751202212,542.8240028556764,17,17:29:28,1
ORD-13676,12.90703368651983,77.67904032348703,2026-08-14 23:59:59.000000000,367.2929814920163,23,23:59:59,4
ORD-13677,12.99746368767874,77.76821793738199,2026-08-14 20:32:27.208811322,747.6766151586766,20,20:32:27,1
ORD-13678,13.079058012077985,77.52629802549168,2026-08-14 22:25:45.536787845,516.9312341631029,22,22:25:45,5
ORD-13679,12.990384828296992,77.70412739754934,2026-08-14 19:15:12.011484783,782.0895045584722,19,19:15:12,1
ORD-13680,13.035546050553702,77.58609023426364,2026-08-14 17:08:58.225220195,508.0721230316001,17,17:08:58,5
ORD-13681,12.958360781423393,77.63248655511363,2026-08-14 16:43:35.454491101,443.1519971811699,16,16:43:35,4
ORD-13682,13.082879101076411,77.57593359936735,2026-08-14 17:43:48.074320397,687.6210186069695,17,17:43:48,5
ORD-13683,12.960019003637164,77.63017781259146,2026-08-14 20:52:07.729446240,525.178043711665,20,20:52:07,4
ORD-13684,12.859364840547496,77.5779484239517,2026-08-14 21:17:58.946385912,500.01339517639343,21,21:17:58,3
ORD-13685,12.966354268826723,77.6335302357462,2026-08-14 21:30:28.764657528,299.94536915361084,21,21:30:28,4
ORD-13686,12.9441303070145,77.54203747116416,2026-08-14 16:16:41.945845963,579.0326707703742,16,16:16:41,2
ORD-13687,12.964888932018347,77.82062322570776,2026-08-14 19:59:56.317326916,406.0034425566137,19,19:59:56,1
ORD-13688,12.93909281671943,77.61304360487246,2026-08-14 17:26:05.443521968,412.8313186389039,17,17:26:05,4
ORD-13689,12.952410887426469,77.65121875778537,2026-08-14 21:00:13.193708261,406.4176731892243,21,21:00:13,4
ORD-13690,13.019834107838198,77.61459011710299,2026-08-14 21:11:51.693499477,545.8550752042954,21,21:11:51,5
ORD-13691,12.960088867616522,77.61977646606402,2026-08-14 17:04:10.442576762,249.6935589636465,17,17:04:10,4
ORD-13692,13.041739260528995,77.61386887394684,2026-08-14 22:25:12.266464767,448.3731985911289,22,22:25:12,5
ORD-13693,12.908628575884135,77.59575497655744,2026-08-14 23:59:59.000000000,627.0418486664066,23,23:59:59,3
ORD-13694,13.002892405663076,77.74722112665151,2026-08-14 22:05:13.521638261,293.1496695989989,22,22:05:13,1
ORD-13695,12.945176215973476,77.61377616005197,2026-08-14 19:35:34.493644040,505.93184414018776,19,19:35:34,4
ORD-13696,13.009855437090478,77.61952665069896,2026-08-14 19:12:31.088671112,385.2900869593748,19,19:12:31,5
ORD-13697,12.91185395660347,77.63760974844462,2026-08-14 19:28:38.424164947,419.44603208015496,19,19:28:38,3
ORD-13698,12.968953869470749,77.56456842481406,2026-08-14 18:05:53.395379007,728.272839058486,18,18:05:53,2
ORD-13699,13.038388939368454,77.76096345927928,2026-08-14 20:37:51.583859868,232.42662246824875,20,20:37:51,1
ORD-13700,12.880097510836697,77.62301682170065,2026-08-14 17:09:13.836679611,594.8445507257425,17,17:09:13,3
ORD-13701,12.90319502749308,77.62529239705141,2026-08-14 15:16:32.719920619,408.3107596834181,15,15:16:32,3
ORD-13702,12.968300031331887,77.75259957915665,2026-08-14 20:32:56.415136322,400.8504022281499,20,20:32:56,1
ORD-13703,13.003894231819483,77.63165214307507,2026-08-14 20:03:11.097591982,313.2656486267599,20,20:03:11,5
ORD-13704,12.887435542149714,77.54409322866083,2026-08-14 18:34:19.469852065,593.0849455910453,18,18:34:19,2
ORD-13705,12.940757612220162,77.63899954865123,2026-08-14 16:47:35.730396507,451.2893075573976,16,16:47:35,4
ORD-13706,12.904259241602746,77.63463403129464,2026-08-14 20:43:27.696242226,432.34958793080216,20,20:43:27,3
ORD-13707,13.007366906190224,77.77851395530529,2026-08-14 17:31:28.424652866,496.4755393806112,17,17:31:28,1
ORD-13708,12.95890770987892,77.7118133648982,2026-08-14 19:39:09.500842212,454.45693113872994,19,19:39:09,1
ORD-13709,12.901135835201504,77.63160058251881,2026-08-14 23:59:59.000000000,179.89681803697135,23,23:59:59,3
ORD-13710,12.976433057899676,77.58515419053333,2026-08-14 21:37:40.707926178,406.3763725533962,21,21:37:40,2
ORD-13711,12.941107344663155,77.57684466144819,2026-08-14 16:34:37.806038565,614.3161336422486,16,16:34:37,2
ORD-13712,12.92031254017354,77.63487270649543,2026-08-14 16:48:46.335860889,254.00753038315372,16,16:48:46,3
ORD-13713,12.893517659710657,77.6160669638244,2026-08-14 20:22:46.371834694,316.50931502154685,20,20:22:46,3
ORD-13714,12.963871803214614,77.66548020306284,2026-08-14 16:33:42.113861469,415.9812906902212,16,16:33:42,4
ORD-13715,12.97803610089696,77.75197776860503,2026-08-14 14:59:44.470668891,371.1564872044287,14,14:59:44,1
ORD-13716,13.024342248604968,77.77318071498289,2026-08-14 21:19:51.348101671,475.8171776787588,21,21:19:51,1
ORD-13717,12.91103768468558,77.62149476347207,2026-08-14 20:48:08.421788888,316.03848724818886,20,20:48:08,3
ORD-13718,12.96714354252221,77.75281118504188,2026-08-14 21:07:35.384981512,421.821821428594,21,21:07:35,1
ORD-13719,13.058157824681262,77.76297981624488,2026-08-14 20:39:27.316636361,472.8008202600999,20,20:39:27,1
ORD-13720,12.898543410046331,77.7310020359899,2026-08-14 19:50:12.203594948,577.3410624311956,19,19:50:12,1
ORD-13721,12.968166976937647,77.5854570610034,2026-08-14 18:20:40.303070910,666.7184079149395,18,18:20:40,2
ORD-13722,12.858344141959574,77.5523943335126,2026-08-14 21:17:25.214694791,440.767926921984,21,21:17:25,3
ORD-13723,12.881974746462806,77.63794560622885,2026-08-14 23:49:28.951395646,763.2090361868738,23,23:49:28,3
ORD-13724,12.96981887769201,77.76060368076246,2026-08-14 18:44:48.938933009,452.4143129183214,18,18:44:48,1
ORD-13725,12.924240701400102,77.53409957874284,2026-08-14 17:26:53.338108125,604.3312722384796,17,17:26:53,2
ORD-13726,12.953173247923916,77.69177785960943,2026-08-14 17:09:43.925225299,769.7261602090168,17,17:09:43,4
ORD-13727,12.94952244025123,77.60959263902389,2026-08-14 17:49:59.427899997,500.8962613853903,17,17:49:59,2
ORD-13728,12.88521764883631,77.5927176560234,2026-08-14 20:30:23.386720285,273.9710067633697,20,20:30:23,3
ORD-13729,12.987456387980025,77.63215913093798,2026-08-14 14:39:03.351928018,493.6355785811447,14,14:39:03,4
ORD-13730,12.94433031611527,77.65249605513971,2026-08-14 21:05:52.533819891,388.2535667692634,21,21:05:52,4
ORD-13731,13.003168738540952,77.65852870369851,2026-08-14 21:36:35.217092665,438.8351959541322,21,21:36:35,4
ORD-13732,12.946753424165856,77.75608732291913,2026-08-14 15:30:17.294760514,777.7465323742822,15,15:30:17,1
ORD-13733,12.941906776864126,77.59521001335354,2026-08-14 17:33:07.376073502,296.58548651641865,17,17:33:07,2
ORD-13734,12.946780223587345,77.68325743325853,2026-08-14 20:11:57.128818609,525.0700233458788,20,20:11:57,4
ORD-13735,12.925759380897134,77.6114527670847,2026-08-14 19:38:28.772427260,348.3418079517413,19,19:38:28,3
ORD-13736,12.968443280706827,77.63665967180437,2026-08-14 21:17:56.737214417,433.8513088198628,21,21:17:56,4
ORD-13737,13.064953090498877,77.61756932156537,2026-08-14 19:38:49.768606353,591.7263502806726,19,19:38:49,5
ORD-13738,13.08124170714214,77.55893826411607,2026-08-14 23:09:42.925740975,527.7245915209535,23,23:09:42,5
ORD-13739,12.92309256669104,77.59437830508372,2026-08-14 19:11:49.475408607,446.24515965576165,19,19:11:49,2
ORD-13740,12.85225932637499,77.62597260314622,2026-08-14 17:32:32.703119522,382.5299512103058,17,17:32:32,3
ORD-13741,13.07852503184234,77.58183273057203,2026-08-14 17:20:29.023203644,527.4117288230422,17,17:20:29,5
ORD-13742,13.022823029116882,77.59446783836972,2026-08-14 21:50:19.216583535,736.1530075730057,21,21:50:19,5
ORD-13743,12.937020722765388,77.6289510871718,2026-08-14 20:04:26.590277612,344.7972086064565,20,20:04:26,4
ORD-13744,12.95473812374074,77.6184580776447,2026-08-14 21:35:03.443106527,766.7495828186659,21,21:35:03,4
ORD-13745,12.968211765621724,77.64010817219938,2026-08-14 21:31:58.102493063,659.9246176087727,21,21:31:58,4
ORD-13746,12.89535627939446,77.65682894337314,2026-08-14 14:57:01.351325125,685.4030051366651,14,14:57:01,3
ORD-13747,12.922261005485712,77.74677419662125,2026-08-14 17:08:59.256590789,526.2648571394402,17,17:08:59,1
ORD-13748,13.00364210903764,77.72469244132807,2026-08-14 17:26:54.374635466,655.6694663264841,17,17:26:54,1
ORD-13749,12.93873444763685,77.60191688589497,2026-08-14 17:57:35.422303574,328.6753076324061,17,17:57:35,2
ORD-13750,12.897781664620656,77.58036327981421,2026-08-14 18:56:56.802060811,379.79341382272327,18,18:56:56,3
ORD-13751,12.922422365942676,77.56358917518587,2026-08-14 22:29:52.346351555,594.8720720880589,22,22:29:52,2
ORD-13752,13.050358619821775,77.72329127762941,2026-08-14 22:59:46.341171455,524.3767582835725,22,22:59:46,1
ORD-13753,12.951772560292376,77.59635196440917,2026-08-14 19:16:03.982528173,457.7431112253346,19,19:16:03,2
ORD-13754,12.931767733389014,77.75359849851043,2026-08-14 19:22:18.472248077,120.0,19,19:22:18,1
ORD-13755,12.957918268453565,77.6567178351273,2026-08-14 18:14:11.096483484,414.6788927942744,18,18:14:11,4
ORD-13756,12.989879278872928,77.72758362014773,2026-08-14 20:13:22.689275147,303.89193295526013,20,20:13:22,1
ORD-13757,12.978567997131446,77.7267917739161,2026-08-14 20:30:22.687944605,554.0301466967253,20,20:30:22,1
ORD-13758,12.98565060143782,77.74068254673577,2026-08-14 22:00:58.279995020,451.3247207149146,22,22:00:58,1
ORD-13759,13.068208814544828,77.55159924962719,2026-08-14 21:59:45.948533843,385.7549183750243,21,21:59:45,5
ORD-13760,13.018091708984016,77.65446168331714,2026-08-14 14:14:40.937540379,876.4365723936455,14,14:14:40,5
ORD-13761,12.857659859377137,77.58528398841898,2026-08-14 19:37:07.095471266,635.7261715041352,19,19:37:07,3
ORD-13762,13.00016283654399,77.635772041966,2026-08-14 23:27:36.900278011,638.3808212034089,23,23:27:36,4
ORD-13763,12.92527168304688,77.77495590476515,2026-08-14 18:54:16.965654256,810.3322717023259,18,18:54:16,1
ORD-13764,12.903443104456834,77.59147324470851,2026-08-14 22:50:53.176365270,600.3287674024664,22,22:50:53,3
ORD-13765,13.008721639473611,77.7306969494464,2026-08-14 19:14:01.933799899,364.35689857907016,19,19:14:01,1
ORD-13766,12.91885771953017,77.59971751787322,2026-08-14 20:26:14.311206978,346.81554724623953,20,20:26:14,3
ORD-13767,12.948634839667758,77.7720345428123,2026-08-14 17:09:27.983768408,624.7354138131352,17,17:09:27,1
ORD-13768,12.904213574872369,77.59745770886214,2026-08-14 17:15:06.762981901,171.0968580337235,17,17:15:06,3
ORD-13769,12.86446491876933,77.6304480648868,2026-08-14 21:48:49.424150367,468.3330553485652,21,21:48:49,3
ORD-13770,12.96596832716032,77.5530065365241,2026-08-14 22:12:16.364521806,154.3313433665328,22,22:12:16,2
ORD-13771,12.934682954981849,77.61884746052255,2026-08-14 20:03:57.860155804,494.82652625842593,20,20:03:57,4
ORD-13772,12.962255121980336,77.75938584324376,2026-08-14 16:55:52.281816254,608.1105376067931,16,16:55:52,1
ORD-13773,12.92616589373548,77.56794845604874,2026-08-14 20:06:34.241009465,521.9123301905448,20,20:06:34,2
ORD-13774,12.988580503724767,77.59362025594572,2026-08-14 23:08:35.114646068,620.7164038455896,23,23:08:35,5
ORD-13775,12.950864067065108,77.60982253470301,2026-08-14 23:59:59.000000000,774.7240412489872,23,23:59:59,2
ORD-13776,13.030914170550949,77.61823782587709,2026-08-14 19:12:29.628609067,458.4692344106987,19,19:12:29,5
ORD-13777,12.980203672763574,77.54498260849704,2026-08-14 15:51:01.189347680,901.147617491832,15,15:51:01,2
ORD-13778,12.904970455456247,77.58866071841761,2026-08-14 22:06:03.272395993,511.9004934255232,22,22:06:03,3
ORD-13779,12.911738923552884,77.53725988877571,2026-08-14 19:18:36.332131905,622.3747594035539,19,19:18:36,2
ORD-13780,13.00922518008611,77.80606974291148,2026-08-14 22:21:27.365774049,388.3405928152399,22,22:21:27,1
ORD-13781,13.004030104159945,77.79446852284515,2026-08-14 20:42:09.650025159,722.8970969446023,20,20:42:09,1
ORD-13782,12.923137780704714,77.60223101077548,2026-08-14 17:47:29.003048143,636.2565297813944,17,17:47:29,3
ORD-13783,13.00854945336159,77.61954227230349,2026-08-14 20:08:44.199245934,700.7176953851997,20,20:08:44,5
ORD-13784,13.043747206860044,77.59429724009405,2026-08-14 23:16:15.045303489,488.1756632660933,23,23:16:15,5
ORD-13785,12.980530199046838,77.63867294738354,2026-08-14 19:37:37.614099295,291.6873653425066,19,19:37:37,4
ORD-13786,12.94224698268678,77.57076819098025,2026-08-14 17:24:46.753528992,549.059615943811,17,17:24:46,2
ORD-13787,12.995469765473896,77.63106064984291,2026-08-14 16:01:42.202482630,225.44702800147263,16,16:01:42,4
ORD-13788,12.954508808128958,77.69089110617551,2026-08-14 18:04:10.517818218,429.5721294567072,18,18:04:10,4
ORD-13789,13.0356252508006,77.65623625421978,2026-08-14 18:58:28.773644061,508.6620654948376,18,18:58:28,5
ORD-13790,12.905849676918148,77.57865043708938,2026-08-14 22:02:59.992223255,836.5836438766152,22,22:02:59,3
ORD-13791,12.921641638924484,77.65086247062456,2026-08-14 17:11:52.356589695,527.7822917912911,17,17:11:52,4
ORD-13792,13.035532647775918,77.60921064620437,2026-08-14 23:53:03.766971567,500.9306203624559,23,23:53:03,5
ORD-13793,12.957505297798097,77.60151423798342,2026-08-14 16:39:25.630102429,470.5451363947061,16,16:39:25,2
ORD-13794,12.956996919382965,77.65331748903169,2026-08-14 23:59:59.000000000,278.6863642852473,23,23:59:59,4
ORD-13795,12.847314200345162,77.59562964191683,2026-08-14 23:59:59.000000000,492.8738760019512,23,23:59:59,3
ORD-13796,13.004839513449726,77.60420639174728,2026-08-14 20:21:10.496244492,495.4324014205159,20,20:21:10,5
ORD-13797,12.893321973314718,77.53944571684954,2026-08-14 15:52:50.758187074,334.7087256819424,15,15:52:50,2
ORD-13798,12.92239767391443,77.62199450074871,2026-08-14 19:51:41.183442158,301.98815783574526,19,19:51:41,3
ORD-13799,12.940662696756007,77.59960797279598,2026-08-14 19:01:58.431378121,407.76439758484,19,19:01:58,2
ORD-13800,12.98752353615315,77.77347405097542,2026-08-14 16:48:51.414992542,489.739946785904,16,16:48:51,1
ORD-13801,12.845442837627369,77.53690002157671,2026-08-14 20:43:39.086645227,411.3668727927813,20,20:43:39,3
ORD-13802,13.025138207307585,77.61702605958631,2026-08-14 17:56:27.211831299,322.3686825522718,17,17:56:27,5
ORD-13803,12.995523190474252,77.65731544817568,2026-08-14 18:12:45.847376554,523.3908378006458,18,18:12:45,4
ORD-13804,12.956380372031086,77.73853282969415,2026-08-14 19:29:26.892288849,560.8300236253843,19,19:29:26,1
ORD-13805,12.95290847560524,77.6676867944837,2026-08-14 18:33:45.820541649,498.19465638333526,18,18:33:45,4
ORD-13806,12.937582892429116,77.77975127383164,2026-08-14 23:59:59.000000000,395.55259291846,23,23:59:59,1
ORD-13807,12.977074863334815,77.74842344325407,2026-08-14 18:39:38.568303004,569.2261531848387,18,18:39:38,1
ORD-13808,12.912215136007823,77.57705603485925,2026-08-14 21:06:07.929102550,451.4194065409528,21,21:06:07,2
ORD-13809,12.912532153526769,77.61294975959812,2026-08-14 20:21:49.702429893,301.6374438982276,20,20:21:49,3
ORD-13810,12.833684149094656,77.60319256956329,2026-08-14 20:52:54.752027330,635.4366532502097,20,20:52:54,3
ORD-13811,13.00395250788091,77.61445262669018,2026-08-14 21:04:21.795632498,533.0262028899735,21,21:04:21,5
ORD-13812,12.917832794349048,77.62614277044453,2026-08-14 22:12:12.253379454,462.10645414563913,22,22:12:12,3
ORD-13813,12.897134240070232,77.61530662566675,2026-08-14 20:39:58.014680568,244.34216927479125,20,20:39:58,3
ORD-13814,13.02370377383104,77.78389745809187,2026-08-14 20:33:44.062153977,368.2709581297182,20,20:33:44,1
ORD-13815,12.989827800699247,77.57734902806656,2026-08-14 20:08:46.293616213,782.7848568574391,20,20:08:46,2
ORD-13816,12.996047843753068,77.69095930670194,2026-08-14 19:39:14.239328940,253.74869071789544,19,19:39:14,4
ORD-13817,13.026967628130318,77.61742989969383,2026-08-14 17:43:13.819065054,442.2976080537461,17,17:43:13,5
ORD-13818,13.061714742491672,77.62044595715754,2026-08-14 19:50:52.184603218,477.549635646957,19,19:50:52,5
ORD-13819,12.98191907412234,77.58774962573206,2026-08-14 20:36:11.406377390,528.0715184117332,20,20:36:11,2
ORD-13820,12.988629158943926,77.71664986357948,2026-08-14 21:00:19.481009155,255.4243596260379,21,21:00:19,1
ORD-13821,12.940236295784736,77.7521607136761,2026-08-14 20:27:02.562956912,506.12643846069005,20,20:27:02,1
ORD-13822,13.041861917494806,77.53310346875023,2026-08-14 19:25:03.404878963,227.08418062924807,19,19:25:03,5
ORD-13823,12.985730123333232,77.77704549322718,2026-08-14 19:51:26.280871237,494.6143194293267,19,19:51:26,1
ORD-13824,12.93249501668868,77.70760631991493,2026-08-14 18:36:57.181639043,382.14031214856266,18,18:36:57,1
ORD-13825,12.911297271278968,77.61186194928146,2026-08-14 20:46:59.015919059,350.11960996232847,20,20:46:59,3
ORD-13826,12.957772658285547,77.59193343360481,2026-08-14 19:26:49.845948773,605.2225738001381,19,19:26:49,2
ORD-13827,12.96009463154618,77.54536163093883,2026-08-14 20:27:05.048443777,444.6590634954177,20,20:27:05,2
ORD-13828,13.016670809631725,77.5935832756479,2026-08-14 22:30:07.227390443,551.0566207361358,22,22:30:07,5
ORD-13829,12.97820002287217,77.70157851456806,2026-08-14 18:13:35.769813218,556.0240367066726,18,18:13:35,1
ORD-13830,13.016541586424772,77.72286173396147,2026-08-14 21:29:30.258428194,670.4930233432653,21,21:29:30,1
ORD-13831,13.011446663628083,77.59142349978717,2026-08-14 20:04:58.891618968,298.76133875684627,20,20:04:58,5
ORD-13832,13.098259561109876,77.59121015817362,2026-08-14 23:59:59.000000000,617.8523493779635,23,23:59:59,5
ORD-13833,12.92333723783119,77.73245880020664,2026-08-14 19:27:33.297043828,482.46924336570703,19,19:27:33,1
ORD-13834,12.99809696006368,77.61874790969136,2026-08-14 21:44:16.481248360,423.28131294456097,21,21:44:16,5
ORD-13835,12.96279241667279,77.7739195135746,2026-08-14 20:02:18.181065804,307.6124221214576,20,20:02:18,1
ORD-13836,12.84833897291086,77.58653402322614,2026-08-14 16:31:45.259425179,570.9886292314293,16,16:31:45,3
ORD-13837,12.965323989747905,77.59534978536959,2026-08-14 18:41:53.798140328,341.6663217999172,18,18:41:53,2
ORD-13838,12.89862815122263,77.51757431465327,2026-08-14 22:12:04.239948856,557.6709880465714,22,22:12:04,2
ORD-13839,12.972246345818377,77.58489461080424,2026-08-14 18:55:05.749854526,769.1746159450698,18,18:55:05,2
ORD-13840,12.980036514725176,77.61573709645192,2026-08-14 14:26:57.693166443,626.9965560538992,14,14:26:57,4
ORD-13841,12.98812237821995,77.6191135779105,2026-08-14 19:55:17.372847679,688.7151487725973,19,19:55:17,4
ORD-13842,12.952719957217756,77.60065736769997,2026-08-14 17:16:08.973318441,372.1492834162452,17,17:16:08,2
ORD-13843,13.01474280967898,77.74404396140098,2026-08-14 20:19:46.359593370,594.4099569197992,20,20:19:46,1
ORD-13844,12.901779582144558,77.57057347670896,2026-08-14 23:52:40.323732582,308.36775672954144,23,23:52:40,3
ORD-13845,12.873854591538818,77.64035370240924,2026-08-14 21:55:25.115797226,444.9775646138079,21,21:55:25,3
ORD-13846,12.967178143329262,77.61953676815277,2026-08-14 23:50:29.902458660,741.1908084328679,23,23:50:29,4
ORD-13847,12.946541147188562,77.59757660510701,2026-08-14 18:35:46.391807000,388.82366903602735,18,18:35:46,2
ORD-13848,12.908219071718204,77.60054037496982,2026-08-14 19:38:31.502997280,646.703427625964,19,19:38:31,3
ORD-13849,12.982426337473376,77.67833056986515,2026-08-14 17:23:20.074228730,632.3470099499573,17,17:23:20,4
ORD-13850,12.913449241448184,77.76146574559,2026-08-14 18:17:23.608994639,641.2111875331257,18,18:17:23,1
ORD-13851,12.908009826548252,77.61581121101486,2026-08-14 17:40:58.036509424,289.9497035818091,17,17:40:58,3
ORD-13852,12.927424743479436,77.60265480290742,2026-08-14 16:43:59.493277092,558.7801449023519,16,16:43:59,3
ORD-13853,12.935966095821966,77.60645395721112,2026-08-14 23:24:52.709627982,456.5102151124705,23,23:24:52,2
ORD-13854,12.926910188018912,77.58746072935413,2026-08-14 14:46:12.357344762,643.2745286293667,14,14:46:12,2
ORD-13855,12.913178013756038,77.57411031461837,2026-08-14 23:25:31.250143241,231.74994004097323,23,23:25:31,2
ORD-13856,12.939912789586774,77.81867239266644,2026-08-14 23:06:54.530324282,535.1681833598404,23,23:06:54,1
ORD-13857,12.943879874906669,77.55283174156446,2026-08-14 21:14:58.134079311,513.95628042601,21,21:14:58,2
ORD-13858,12.980997475164566,77.74613723342479,2026-08-14 17:12:49.434587153,181.48248941265973,17,17:12:49,1
ORD-13859,13.028954236710277,77.64631660882442,2026-08-14 16:02:40.423997011,347.1869465857534,16,16:02:40,5
ORD-13860,13.055019433644542,77.57845024739038,2026-08-14 18:37:44.366868628,205.47716803247232,18,18:37:44,5
ORD-13861,12.901743342884288,77.5925094720133,2026-08-14 21:33:46.084107059,371.046704711564,21,21:33:46,3
ORD-13862,13.000415886755308,77.73921483296914,2026-08-14 20:00:27.572736966,562.3825626997722,20,20:00:27,1
ORD-13863,12.907039627414104,77.7483088112443,2026-08-14 17:23:28.504544147,509.3048363472912,17,17:23:28,1
ORD-13864,12.881404089960522,77.70094807106142,2026-08-14 22:52:13.843061908,505.4100120890323,22,22:52:13,3
ORD-13865,12.936001623015349,77.74433473321248,2026-08-14 23:59:59.000000000,324.03778366029263,23,23:59:59,1
ORD-13866,12.97883709571454,77.73989696437623,2026-08-14 19:26:00.607523869,648.0675737265799,19,19:26:00,1
ORD-13867,12.906448935948683,77.62486395501563,2026-08-14 20:16:24.032132375,477.17704824579897,20,20:16:24,3
ORD-13868,12.97001755855787,77.6369628178636,2026-08-14 16:13:40.361847335,485.0555718386263,16,16:13:40,4
ORD-13869,12.986947985750074,77.58786833121673,2026-08-14 18:57:50.519555019,621.0599353419195,18,18:57:50,2
ORD-13870,12.980907692163935,77.75543361182204,2026-08-14 21:16:33.959802009,331.2981378461192,21,21:16:33,1
ORD-13871,12.947488195208686,77.67266811897224,2026-08-14 20:53:13.708862320,514.2821654807884,20,20:53:13,4
ORD-13872,12.927472379757278,77.6103073821706,2026-08-14 18:43:50.989357113,543.5193737402129,18,18:43:50,3
ORD-13873,13.054489327909652,77.53476290453519,2026-08-14 19:18:51.808423712,398.1647774559228,19,19:18:51,5
ORD-13874,12.926910178280725,77.619803080875,2026-08-14 18:52:55.103371099,577.8560071139664,18,18:52:55,3
ORD-13875,12.937587448429255,77.78699706539749,2026-08-14 19:18:13.817576535,551.5684755944351,19,19:18:13,1
ORD-13876,12.898021588892986,77.61974444330727,2026-08-14 21:03:29.113222663,464.8234931583863,21,21:03:29,3
ORD-13877,12.938160502886303,77.63027080465166,2026-08-14 15:04:52.166231678,460.1773664797708,15,15:04:52,4
ORD-13878,12.97123052477917,77.62736537579448,2026-08-14 19:48:50.854366729,558.5321486806957,19,19:48:50,4
ORD-13879,12.9597208389047,77.62882101446591,2026-08-14 20:52:29.779820631,598.2706560019785,20,20:52:29,4
ORD-13880,12.93346703071043,77.54438966986835,2026-08-14 18:34:25.637829230,489.4349876109961,18,18:34:25,2
ORD-13881,12.920327689049673,77.59110560941342,2026-08-14 18:48:06.002604316,648.0284190610271,18,18:48:06,2
ORD-13882,13.010574138208844,77.66690497813345,2026-08-14 18:52:26.450032661,578.7788943645875,18,18:52:26,4
ORD-13883,12.928738615194703,77.58398004766205,2026-08-14 18:48:08.550238166,211.73040754097772,18,18:48:08,2
ORD-13884,12.945775744236254,77.54727176938526,2026-08-14 20:00:52.954000653,269.26549536867867,20,20:00:52,2
ORD-13885,12.901353762697418,77.54862044916247,2026-08-14 20:19:21.024822124,657.3352828532492,20,20:19:21,2
ORD-13886,12.9230524642321,77.62385673169247,2026-08-14 14:44:55.371153896,442.98403027936536,14,14:44:55,3
ORD-13887,12.916423569542175,77.59458734576504,2026-08-14 21:37:55.923343251,504.6263734196211,21,21:37:55,3
ORD-13888,12.863203477448415,77.62942436046555,2026-08-14 19:16:30.010040877,650.8935776488718,19,19:16:30,3
ORD-13889,12.942485838792498,77.75411311667054,2026-08-14 23:59:59.000000000,479.03831739422384,23,23:59:59,1
ORD-13890,13.023402348442918,77.62633620268598,2026-08-14 17:01:15.163149912,485.5901414384023,17,17:01:15,5
ORD-13891,12.966096726279002,77.5925375775917,2026-08-14 17:49:54.169421211,349.69061508124065,17,17:49:54,2
ORD-13892,12.933601150160944,77.68384290637921,2026-08-14 19:29:33.819192751,535.4991760841281,19,19:29:33,4
ORD-13893,13.000895642562549,77.7468987862778,2026-08-14 21:01:59.029047174,567.9768328450235,21,21:01:59,1
ORD-13894,12.916711929671536,77.59172991888865,2026-08-14 15:07:23.094053656,393.3177244495716,15,15:07:23,3
ORD-13895,13.00255015037681,77.57765372245267,2026-08-14 17:55:38.099530955,341.69679325411994,17,17:55:38,5
ORD-13896,12.908174786270084,77.64736789343286,2026-08-14 21:28:41.881445165,873.9433882792842,21,21:28:41,3
ORD-13897,12.998308179974586,77.6436623696483,2026-08-14 17:37:46.884482107,466.0637295227576,17,17:37:46,4
ORD-13898,12.99792162342666,77.59531756052787,2026-08-14 23:25:30.237387386,377.4461490586063,23,23:25:30,5
ORD-13899,13.035811151401278,77.57749515416349,2026-08-14 18:51:55.047610358,585.9879667938393,18,18:51:55,5
ORD-13900,12.979252954397172,77.7880832362123,2026-08-14 17:45:05.641187923,472.3808947158162,17,17:45:05,1
ORD-13901,12.945189523821046,77.69633127688785,2026-08-14 21:31:32.198320106,317.1350515106845,21,21:31:32,4
ORD-13902,12.952512638919986,77.59425280909853,2026-08-14 23:59:59.000000000,552.4580357477167,23,23:59:59,2
ORD-13903,12.930593041949558,77.724331302018,2026-08-14 21:02:27.566328695,352.0318546386272,21,21:02:27,1
ORD-13904,13.005731350408244,77.57164137058379,2026-08-14 23:09:03.864593009,716.468700323345,23,23:09:03,5
ORD-13905,12.96027110360856,77.58527084435018,2026-08-14 23:59:59.000000000,554.1756944628604,23,23:59:59,2
ORD-13906,12.948822222072604,77.5680642663175,2026-08-14 17:41:43.271880652,438.4679363210874,17,17:41:43,2
ORD-13907,12.96179254796282,77.75586920372008,2026-08-14 22:20:45.522006536,496.40205270331694,22,22:20:45,1
ORD-13908,12.96052962122723,77.63515334581695,2026-08-14 16:11:28.765416268,615.493218164729,16,16:11:28,4
ORD-13909,12.987583070004726,77.69432039500994,2026-08-14 21:03:44.122786077,507.8941880341198,21,21:03:44,4
ORD-13910,12.953530471789485,77.64569403939049,2026-08-14 19:49:18.138985367,798.3164185850322,19,19:49:18,4
ORD-13911,12.954584276115652,77.69766808444439,2026-08-14 23:06:26.551827379,650.3801274593287,23,23:06:26,4
ORD-13912,12.93548233657939,77.62423019719812,2026-08-14 22:55:50.263616864,553.1411051341682,22,22:55:50,4
ORD-13913,12.93914238172134,77.5900073274309,2026-08-14 21:25:28.050154810,339.4521189737273,21,21:25:28,2
ORD-13914,12.97533562587413,77.63264229827821,2026-08-14 20:44:45.851095345,457.96678441470135,20,20:44:45,4
ORD-13915,12.955195712213715,77.74708062428387,2026-08-14 21:16:15.318090498,551.831245507868,21,21:16:15,1
ORD-13916,12.878002826916289,77.59488127854969,2026-08-14 20:09:15.937842389,356.57078763627925,20,20:09:15,3
ORD-13917,12.988466376071502,77.7377510471877,2026-08-14 19:50:49.238330029,674.0140312444424,19,19:50:49,1
ORD-13918,12.85808096348726,77.59355577027968,2026-08-14 23:36:23.203550272,333.8763987332939,23,23:36:23,3
ORD-13919,12.99834445377726,77.60634977037616,2026-08-14 23:54:26.008377104,384.4161452931147,23,23:54:26,5
ORD-13920,12.939059309118312,77.52484288812198,2026-08-14 19:38:45.067220680,395.6551222657678,19,19:38:45,2
ORD-13921,12.996365453970377,77.71107347945525,2026-08-14 20:35:38.727627097,591.57366909497,20,20:35:38,1
ORD-13922,13.090371380166882,77.59529283074247,2026-08-14 20:12:14.897022955,359.25954492438404,20,20:12:14,5
ORD-13923,12.926176227551128,77.71003048752576,2026-08-14 15:58:14.714022565,210.00351443714172,15,15:58:14,1
ORD-13924,12.990583335212555,77.62710450385356,2026-08-14 19:09:32.079801492,643.205825364257,19,19:09:32,4
ORD-13925,12.931817113163364,77.6809473081444,2026-08-14 23:59:57.337809433,413.34205723416574,23,23:59:57,4
ORD-13926,12.892126457751983,77.61219870001935,2026-08-14 18:07:32.017124714,319.72385517720943,18,18:07:32,3
ORD-13927,12.966294557058058,77.61956797164133,2026-08-14 23:59:59.000000000,366.77121701961903,23,23:59:59,4
ORD-13928,12.86036890426247,77.62778861541062,2026-08-14 22:55:49.136786304,737.5144123776525,22,22:55:49,3
ORD-13929,12.89449489997758,77.67373826350565,2026-08-14 21:00:13.483354916,381.4434454090634,21,21:00:13,3
ORD-13930,12.89909963382507,77.68683283277109,2026-08-14 21:24:07.589573788,461.4947841934648,21,21:24:07,4
ORD-13931,12.98655815959147,77.59661856006302,2026-08-14 17:42:25.139732985,412.9622456570976,17,17:42:25,5
ORD-13932,12.917300483175056,77.63647754985718,2026-08-14 19:20:12.941229978,295.1006184849365,19,19:20:12,3
ORD-13933,12.962628116597935,77.63998176909917,2026-08-14 23:36:12.591992896,368.5922156629555,23,23:36:12,4
ORD-13934,13.013625566293811,77.7456960868678,2026-08-14 18:27:49.235947438,284.83373894902576,18,18:27:49,1
ORD-13935,12.95876488159984,77.58245976042264,2026-08-14 22:39:10.185812539,623.3821913521072,22,22:39:10,2
ORD-13936,12.999843063119023,77.7627813364106,2026-08-14 16:33:26.638295066,495.13185969203937,16,16:33:26,1
ORD-13937,12.94539492829916,77.652333198724,2026-08-14 17:00:16.574287725,852.4016643261482,17,17:00:16,4
ORD-13938,12.863413165725117,77.63535240883563,2026-08-14 23:59:59.000000000,373.66339125141167,23,23:59:59,3
ORD-13939,12.97744991111058,77.80840828284552,2026-08-14 19:58:13.465683837,351.1709630781571,19,19:58:13,1
ORD-13940,12.982299420620771,77.65150153213318,2026-08-14 18:39:13.501017051,710.0639652532992,18,18:39:13,4
ORD-13941,12.930539319512365,77.6000146335731,2026-08-14 23:24:24.667442991,638.6965548102202,23,23:24:24,2
ORD-13942,12.993857157566328,77.6441266443802,2026-08-14 23:06:52.393994672,537.7147532656533,23,23:06:52,4
ORD-13943,12.983812890131189,77.75848019150308,2026-08-14 22:18:06.791087315,312.9462727367593,22,22:18:06,1
ORD-13944,12.918278265275196,77.62350288064214,2026-08-14 18:34:30.918725291,741.74944015919,18,18:34:30,3
ORD-13945,12.910157053185705,77.62294015852011,2026-08-14 19:16:57.741816561,469.1845260344478,19,19:16:57,3
ORD-13946,12.834842425603073,77.62511638486487,2026-08-14 20:46:44.659413523,415.3987307257447,20,20:46:44,3
ORD-13947,12.912339196117571,77.59833286921666,2026-08-14 21:44:09.594079325,651.443960537742,21,21:44:09,3
ORD-13948,12.942891532937905,77.5743252626962,2026-08-14 18:43:43.647833833,476.6557318119405,18,18:43:43,2
ORD-13949,13.002724449881743,77.62090313884794,2026-08-14 20:25:36.633995586,305.1494871552176,20,20:25:36,5
ORD-13950,12.930095444845971,77.59071113264534,2026-08-14 20:40:06.521707177,486.0453899247873,20,20:40:06,2
ORD-13951,13.036638123385725,77.64554359615956,2026-08-14 23:13:00.927807377,362.7976797643854,23,23:13:00,5
ORD-13952,13.014657067330122,77.67070532128992,2026-08-14 21:53:10.192460416,120.0,21,21:53:10,4
ORD-13953,12.954323963308354,77.61195101153531,2026-08-14 16:13:58.785196482,347.74347117748016,16,16:13:58,4
ORD-13954,12.884444289153716,77.61746364298466,2026-08-14 19:27:57.327223632,400.8396643698224,19,19:27:57,3
ORD-13955,12.91964449874132,77.61960780538848,2026-08-14 17:40:40.949670149,306.6532336060428,17,17:40:40,3
ORD-13956,12.938728665486092,77.63933090347662,2026-08-14 21:25:12.786785505,566.2869798171057,21,21:25:12,4
ORD-13957,13.011712098901336,77.73402265366735,2026-08-14 22:18:28.380154545,363.3828364006828,22,22:18:28,1
ORD-13958,12.872370478118304,77.67299513318795,2026-08-14 20:15:14.003870492,551.7639301251685,20,20:15:14,3
ORD-13959,12.982778482813076,77.57668259431841,2026-08-14 19:19:46.856724349,295.0020395447528,19,19:19:46,2
ORD-13960,13.024423400693964,77.60797410097074,2026-08-14 20:10:22.528137324,616.3828381623807,20,20:10:22,5
ORD-13961,12.975423992434395,77.80651741389866,2026-08-14 20:31:20.273461300,288.5276210000262,20,20:31:20,1
ORD-13962,12.982263981063072,77.64729658331983,2026-08-14 18:23:59.103134548,128.77043859133903,18,18:23:59,4
ORD-13963,12.98816259730342,77.61617380016857,2026-08-14 16:57:11.600093076,665.5893877744841,16,16:57:11,4
ORD-13964,12.921197989814113,77.62257144925937,2026-08-14 14:52:28.748617002,351.6159294403243,14,14:52:28,3
ORD-13965,13.00421889958919,77.58534360784913,2026-08-14 23:10:04.639185650,743.5393587299113,23,23:10:04,5
ORD-13966,12.956967814246587,77.72776431206324,2026-08-14 21:14:27.296192715,564.6887851812105,21,21:14:27,1
ORD-13967,12.939986127592697,77.61316067022548,2026-08-14 20:54:22.599102098,598.539497757188,20,20:54:22,4
ORD-13968,12.98917821521232,77.53781877853471,2026-08-14 23:09:46.789991577,636.8208750699109,23,23:09:46,2
ORD-13969,12.965832582206245,77.75460430740621,2026-08-14 16:51:40.787912768,496.9019019373604,16,16:51:40,1
ORD-13970,12.96752797660571,77.63476625550668,2026-08-14 15:39:39.322117305,498.6083126757808,15,15:39:39,4
ORD-13971,12.916116389624456,77.60707669866343,2026-08-14 20:57:38.087248672,672.2010036291463,20,20:57:38,3
ORD-13972,12.992466209389846,77.76727380529714,2026-08-14 20:43:59.442378991,496.7037743547147,20,20:43:59,1
ORD-13973,12.952955447080477,77.6171535362024,2026-08-14 15:40:18.238712945,370.7734729805085,15,15:40:18,4
ORD-13974,12.986553841322785,77.75546317584599,2026-08-14 20:53:55.689559264,567.8637840243335,20,20:53:55,1
ORD-13975,12.951964275185736,77.52769696273538,2026-08-14 18:59:57.993428404,162.95348784225718,18,18:59:57,2
ORD-13976,12.938524666120768,77.80554148799615,2026-08-14 17:58:56.207462362,677.933820234032,17,17:58:56,1
ORD-13977,12.885484746226632,77.58969377245612,2026-08-14 19:09:59.186625458,681.0658703947637,19,19:09:59,3
ORD-13978,12.976229623586285,77.62123587670604,2026-08-14 13:53:46.242861734,659.7250002184619,13,13:53:46,4
ORD-13979,12.955624612499223,77.75452975868853,2026-08-14 18:31:17.631989473,653.9657943566542,18,18:31:17,1
ORD-13980,13.023440793699914,77.59807973224649,2026-08-14 18:14:21.348874642,467.3737011988316,18,18:14:21,5
ORD-13981,13.011881663721796,77.63580360469844,2026-08-14 21:23:33.922022425,463.9976423260466,21,21:23:33,5
ORD-13982,12.9850142722373,77.61983133872609,2026-08-14 19:36:15.928771402,295.5539865343716,19,19:36:15,4
ORD-13983,12.886672870275806,77.60616548903903,2026-08-14 21:35:49.819863110,742.2061877566572,21,21:35:49,3
ORD-13984,13.029360396896395,77.6146938606916,2026-08-14 13:37:34.145897370,407.2472740460584,13,13:37:34,5
ORD-13985,12.892619537189026,77.55597931884752,2026-08-14 17:54:08.115996861,530.9827964627822,17,17:54:08,2
ORD-13986,12.95307366482506,77.65736180912138,2026-08-14 21:23:23.973464143,518.1067924432167,21,21:23:23,4
ORD-13987,12.949844208419028,77.54793740311172,2026-08-14 19:13:40.218324842,278.9371227593765,19,19:13:40,2
ORD-13988,13.084744137045076,77.7774156482981,2026-08-14 22:06:49.144796769,218.29874638151915,22,22:06:49,1
ORD-13989,12.918554868338154,77.61331609464358,2026-08-14 15:29:18.573815497,480.83799313010223,15,15:29:18,3
ORD-13990,12.930844017959997,77.65485049111851,2026-08-14 21:49:39.997557205,411.93658235827365,21,21:49:39,4
ORD-13991,12.940778761922168,77.62769451643587,2026-08-14 18:24:07.747039935,466.5844711134997,18,18:24:07,4
ORD-13992,13.031824634611922,77.54634165332878,2026-08-14 18:09:34.226240556,639.8123445304849,18,18:09:34,5
ORD-13993,13.00303332147876,77.59154631279063,2026-08-14 22:28:39.423422347,513.7416225805534,22,22:28:39,5
ORD-13994,12.92399917482913,77.58714990410353,2026-08-14 22:54:17.110169609,593.7783811147096,22,22:54:17,2
ORD-13995,12.93614848652713,77.74819005233039,2026-08-14 22:35:12.297264786,546.7992243263366,22,22:35:12,1
ORD-13996,12.993871734699662,77.78483560151852,2026-08-14 23:59:59.000000000,432.54987101402526,23,23:59:59,1
ORD-13997,12.998315575256758,77.7393028780825,2026-08-14 23:10:01.232475990,329.7295249210404,23,23:10:01,1
ORD-13998,12.973335713968156,77.60887576678141,2026-08-14 18:00:41.070746409,519.7076802170203,18,18:00:41,4
ORD-13999,12.873677440162028,77.6444704645042,2026-08-14 20:21:14.743153221,492.5838929019137,20,20:21:14,3
ORD-14000,12.920594524934566,77.66601213096173,2026-08-14 19:05:58.218823636,617.273450625712,19,19:05:58,4
ORD-14001,13.02164197203754,77.59052936879819,2026-08-14 23:59:59.000000000,457.3649895416261,23,23:59:59,5
ORD-14002,13.008860251526675,77.57495104888504,2026-08-14 22:45:43.829592288,435.3987682326716,22,22:45:43,5
ORD-14003,13.014793274920011,77.65741293910182,2026-08-14 19:31:40.078769579,445.57509243276,19,19:31:40,4
ORD-14004,12.880977914419825,77.67714745152398,2026-08-14 22:11:41.188179777,342.1910047491831,22,22:11:41,3
ORD-14005,13.011563479629949,77.7401575638199,2026-08-14 16:55:10.213803182,697.0364917230686,16,16:55:10,1
ORD-14006,12.980534392971045,77.74947695722027,2026-08-14 20:37:32.355638809,650.9443131923642,20,20:37:32,1
ORD-14007,13.038840296655644,77.72212984338528,2026-08-14 17:39:18.697566572,298.04552565629297,17,17:39:18,1
ORD-14008,12.92171037134215,77.59511491341526,2026-08-14 15:46:42.670194353,600.5922212958824,15,15:46:42,3
ORD-14009,12.885043585838377,77.70120733892692,2026-08-14 21:57:40.826137768,203.2492404101452,21,21:57:40,3
ORD-14010,12.893845169731415,77.63220452156207,2026-08-14 22:16:17.319856688,627.7933849666533,22,22:16:17,3
ORD-14011,12.908875478776688,77.7360325311265,2026-08-14 21:08:34.913725908,375.5474323338487,21,21:08:34,1
ORD-14012,12.931368908750173,77.58123431071742,2026-08-14 19:32:33.296634901,533.9850836517377,19,19:32:33,2
ORD-14013,12.955738064775748,77.61508356178392,2026-08-14 16:50:02.772106382,190.57354656874924,16,16:50:02,4
ORD-14014,12.957202887933953,77.6577616319669,2026-08-14 17:05:47.878163545,300.19436524830746,17,17:05:47,4
ORD-14015,12.949263933374448,77.75268565007876,2026-08-14 17:34:36.480182351,550.3054450874114,17,17:34:36,1
ORD-14016,12.934320897926527,77.60457722534021,2026-08-14 19:24:56.940374476,374.8637724925829,19,19:24:56,2
ORD-14017,12.92840336986855,77.58955738357699,2026-08-14 22:41:25.608602444,354.0055694441702,22,22:41:25,2
ORD-14018,12.96128077338217,77.75403339534402,2026-08-14 22:39:03.637899708,689.3792546178147,22,22:39:03,1
ORD-14019,12.98062790677373,77.64711291344241,2026-08-14 15:52:42.891603484,811.6438816909313,15,15:52:42,4
ORD-14020,12.994343947380518,77.77530746134474,2026-08-14 18:16:00.899969547,620.5520905229225,18,18:16:00,1
ORD-14021,12.929816692774164,77.63565894652528,2026-08-14 18:11:58.550823853,316.2179142397405,18,18:11:58,4
ORD-14022,12.87861892125825,77.6545082679711,2026-08-14 13:40:15.751843489,744.5278999226549,13,13:40:15,3
ORD-14023,12.938396384867987,77.59394980626826,2026-08-14 21:24:55.088522549,245.7851610527427,21,21:24:55,2
ORD-14024,12.95653135920026,77.56236462232297,2026-08-14 19:23:04.561581133,434.3262818887011,19,19:23:04,2
ORD-14025,13.04979229711659,77.57317317436973,2026-08-14 19:43:01.717170321,488.216665048106,19,19:43:01,5
ORD-14026,12.956891885718388,77.78310793362238,2026-08-14 23:21:52.839525381,768.6056765758124,23,23:21:52,1
ORD-14027,12.94213199240598,77.55329754462404,2026-08-14 20:13:14.781119559,616.8988706327589,20,20:13:14,2
ORD-14028,12.882425106109396,77.6442367507211,2026-08-14 18:55:23.425815306,410.436345780072,18,18:55:23,3
ORD-14029,12.985512995136752,77.81118474503835,2026-08-14 21:25:48.698589044,338.25655938303754,21,21:25:48,1
ORD-14030,12.975492665790464,77.59812142044487,2026-08-14 22:38:49.846619180,630.3288980704881,22,22:38:49,2
ORD-14031,13.057413323177432,77.75085678844482,2026-08-14 20:44:28.208094443,399.9961564169467,20,20:44:28,1
ORD-14032,12.901506601295685,77.60232260469313,2026-08-14 21:43:22.706388283,512.5110131797462,21,21:43:22,3
ORD-14033,12.899414621314872,77.69704566528873,2026-08-14 19:38:09.891152314,274.53352661113263,19,19:38:09,4
ORD-14034,12.991016669616537,77.58895723964153,2026-08-14 19:47:43.280282763,565.38867828363,19,19:47:43,5
ORD-14035,12.970424049906637,77.64414626404394,2026-08-14 20:16:57.186392689,553.3042718621218,20,20:16:57,4
ORD-14036,12.944787643175026,77.5793714289055,2026-08-14 18:07:01.911446106,293.75699075127426,18,18:07:01,2
ORD-14037,13.028437483867808,77.58576221996893,2026-08-14 18:34:47.445470674,634.7434669307461,18,18:34:47,5
ORD-14038,12.903005606565394,77.61789506219104,2026-08-14 23:26:40.916776366,563.2118712364172,23,23:26:40,3
ORD-14039,13.02163318804841,77.5839917548108,2026-08-14 23:59:59.000000000,591.0036379170147,23,23:59:59,5
ORD-14040,12.933865504955246,77.60834046833106,2026-08-14 23:58:49.781226344,423.1981960874804,23,23:58:49,2
ORD-14041,12.989195002427946,77.72849517664433,2026-08-14 16:41:30.683789083,506.8434616929664,16,16:41:30,1
ORD-14042,12.974973199308993,77.61376389370592,2026-08-14 16:27:01.282188735,489.5068303297987,16,16:27:01,4
ORD-14043,12.877107703187123,77.65432386537788,2026-08-14 17:01:23.615112494,457.7744392868654,17,17:01:23,3
ORD-14044,13.019905611682493,77.72470269105945,2026-08-14 20:20:09.486976915,505.5754917248769,20,20:20:09,1
ORD-14045,12.976578450642185,77.77247973898349,2026-08-14 12:58:41.478668781,668.4664460694573,12,12:58:41,1
ORD-14046,12.950703504528493,77.76685648459909,2026-08-14 18:31:40.785900424,641.242595805589,18,18:31:40,1
ORD-14047,12.977313946920226,77.54322286378265,2026-08-14 23:31:03.893602450,302.7208983796715,23,23:31:03,2
ORD-14048,12.943970646059247,77.54439501543051,2026-08-14 22:27:21.949476560,627.810272536041,22,22:27:21,2
ORD-14049,12.968072099808172,77.60100761237031,2026-08-14 18:43:38.148144838,658.6715059122054,18,18:43:38,2
ORD-14050,12.92225500982186,77.63092976197062,2026-08-14 18:54:59.801029464,457.32334899714505,18,18:54:59,3
ORD-14051,12.93397335762851,77.5723184128149,2026-08-14 21:25:05.175361262,556.2670655696664,21,21:25:05,2
ORD-14052,13.000277920022032,77.57602440239816,2026-08-14 22:20:17.418797198,554.1002500954527,22,22:20:17,5
ORD-14053,12.985412542917484,77.60714049352265,2026-08-14 18:40:01.764590342,352.5050074988548,18,18:40:01,5
ORD-14054,13.0062914193368,77.55614766800349,2026-08-14 19:24:50.705804525,422.7065568707508,19,19:24:50,5
ORD-14055,12.945055419178004,77.61813489769735,2026-08-14 18:35:05.912443320,592.6215358277411,18,18:35:05,4
ORD-14056,13.111302556060672,77.5982811279797,2026-08-14 16:40:17.855027623,405.6266644752823,16,16:40:17,5
ORD-14057,12.998698848969507,77.58353657406634,2026-08-14 19:27:02.306267804,626.3249338893461,19,19:27:02,5
ORD-14058,12.87283754711534,77.5436970203616,2026-08-14 19:15:36.652138121,675.7458661274642,19,19:15:36,3
ORD-14059,13.020019542350871,77.70226355563928,2026-08-14 16:50:54.202956102,651.5507762970706,16,16:50:54,1
ORD-14060,12.942423719111655,77.73388018895841,2026-08-14 21:36:54.728438740,776.9706904754185,21,21:36:54,1
ORD-14061,12.894285668142562,77.56109260535085,2026-08-14 21:12:29.886107633,466.39015765633314,21,21:12:29,3
ORD-14062,13.060944409422182,77.60480571060367,2026-08-14 21:44:21.477307606,506.5801610953595,21,21:44:21,5
ORD-14063,12.970167079393583,77.70099802119928,2026-08-14 18:04:47.366800821,528.099457164396,18,18:04:47,1
ORD-14064,12.985298483864002,77.56528251416826,2026-08-14 15:02:27.818896968,470.9403112513892,15,15:02:27,2
ORD-14065,12.953876924868576,77.57359035081643,2026-08-14 21:10:05.980166811,561.3268461152467,21,21:10:05,2
ORD-14066,12.928531618363298,77.63469810596835,2026-08-14 18:20:22.985568333,223.31939564820163,18,18:20:22,4
ORD-14067,12.989847632631866,77.64621269901328,2026-08-14 17:46:23.986800789,510.7358083038779,17,17:46:23,4
ORD-14068,12.933908287221708,77.57053178403885,2026-08-14 16:51:26.522328209,273.38450251756564,16,16:51:26,2
ORD-14069,13.042708041190387,77.6009815189218,2026-08-14 19:18:42.097247216,335.60650835886327,19,19:18:42,5
ORD-14070,12.977908543946826,77.75253208260617,2026-08-14 23:56:35.945673454,589.933471654487,23,23:56:35,1
ORD-14071,12.872037552913032,77.56397700867619,2026-08-14 18:44:10.954307800,450.132564232647,18,18:44:10,3
ORD-14072,12.89410061349404,77.62321370784458,2026-08-14 17:16:31.772602498,584.6421712073709,17,17:16:31,3
ORD-14073,12.945568012840733,77.63962426019278,2026-08-14 21:37:47.400609270,446.8835094598305,21,21:37:47,4
ORD-14074,12.927337648686152,77.53544082737987,2026-08-14 20:25:55.310517942,645.9609474586733,20,20:25:55,2
ORD-14075,12.935665132787516,77.60056453961576,2026-08-14 14:42:06.287690806,444.13789415680446,14,14:42:06,2
ORD-14076,12.974543130097713,77.74220381253969,2026-08-14 21:39:21.116877780,186.76222656553148,21,21:39:21,1
ORD-14077,12.982712102101788,77.75040780976899,2026-08-14 23:59:59.000000000,513.8088873016906,23,23:59:59,1
ORD-14078,13.040026966294295,77.57463271335088,2026-08-14 13:29:55.176653139,154.67102314461738,13,13:29:55,5
ORD-14079,12.969570384514256,77.60942299369619,2026-08-14 16:54:38.645783801,262.09186462013884,16,16:54:38,4
ORD-14080,12.87002728209428,77.58311503455134,2026-08-14 12:52:43.256202136,347.55802065021453,12,12:52:43,3
ORD-14081,12.92300368330233,77.6592900975929,2026-08-14 19:48:42.260213332,328.8435783344719,19,19:48:42,4
ORD-14082,12.915120620054784,77.60358481233621,2026-08-14 22:28:33.476129502,398.2423793375572,22,22:28:33,3
ORD-14083,12.872896780133308,77.63759189064403,2026-08-14 20:15:49.506748167,323.68982647033414,20,20:15:49,3
ORD-14084,12.91238167460918,77.62099902493705,2026-08-14 23:28:47.961283014,269.1071004621491,23,23:28:47,3
ORD-14085,12.987006407690863,77.64230671658672,2026-08-14 22:04:34.952612971,711.2753617261161,22,22:04:34,4
ORD-14086,12.87821110832997,77.56256714172765,2026-08-14 23:59:59.000000000,378.2783180412157,23,23:59:59,3
ORD-14087,12.914349134245828,77.56765407847938,2026-08-14 22:54:01.896912964,145.38485202789036,22,22:54:01,2
ORD-14088,13.058499136167155,77.59847920727377,2026-08-14 18:59:33.512382514,425.8622440486114,18,18:59:33,5
ORD-14089,12.940988466915837,77.59976398864252,2026-08-14 20:10:00.538106114,311.29034129586694,20,20:10:00,2
ORD-14090,12.977548427935035,77.70959078048037,2026-08-14 17:49:41.907760671,347.254855906078,17,17:49:41,1
ORD-14091,12.960049534668514,77.76235637369453,2026-08-14 19:25:24.094480188,586.5513722028728,19,19:25:24,1
ORD-14092,12.975009607007252,77.58551095977957,2026-08-14 20:09:16.485048163,412.7763571822173,20,20:09:16,2
ORD-14093,12.898777533629351,77.54492612043818,2026-08-14 19:47:15.834088182,307.1105098173172,19,19:47:15,2
ORD-14094,12.930054095706604,77.76418340089423,2026-08-14 23:21:20.281736732,546.9380264935867,23,23:21:20,1
ORD-14095,12.953411393262874,77.50435975024509,2026-08-14 19:10:28.487437439,652.4911245913629,19,19:10:28,2
ORD-14096,12.95077003772094,77.62316085511375,2026-08-14 17:40:11.222277984,560.5308243959768,17,17:40:11,4
ORD-14097,12.98233355504904,77.63755928389818,2026-08-14 17:49:33.500685870,120.0,17,17:49:33,4
ORD-14098,12.91804642412914,77.67196131757446,2026-08-14 21:38:15.902444603,312.75157464044787,21,21:38:15,4
ORD-14099,12.910018466548172,77.60262124027572,2026-08-14 16:29:31.754327199,487.1172795954308,16,16:29:31,3
ORD-14100,12.949610572035006,77.60978951736986,2026-08-14 19:29:49.324468642,443.3550892103977,19,19:29:49,2
ORD-14101,13.009479097433449,77.7036308430504,2026-08-14 23:19:07.502209099,430.9087269091205,23,23:19:07,1
ORD-14102,13.005384253453316,77.61983462037009,2026-08-14 20:43:53.386011667,332.5864960738749,20,20:43:53,5
ORD-14103,12.864561806099909,77.67079162444412,2026-08-14 19:48:48.551497931,269.162387538384,19,19:48:48,3
ORD-14104,12.97307104721182,77.76372155763539,2026-08-14 19:54:36.806367254,781.167257671953,19,19:54:36,1
ORD-14105,12.886328636065006,77.65473364545227,2026-08-14 17:25:33.918669955,484.0666429708368,17,17:25:33,3
ORD-14106,12.93689516847664,77.66992322064308,2026-08-14 17:51:25.787606089,576.3182683301127,17,17:51:25,4
ORD-14107,12.963921261656804,77.59040414001397,2026-08-14 19:30:43.364943769,480.93767603757135,19,19:30:43,2
ORD-14108,12.99731807597979,77.5910034968076,2026-08-14 20:40:41.457270984,486.9523047956984,20,20:40:41,5
ORD-14109,12.994486241359484,77.54115077216325,2026-08-14 22:22:13.350106219,470.6844900286069,22,22:22:13,2
ORD-14110,13.0457205501053,77.55174050709212,2026-08-14 20:13:53.045554543,311.9331211388352,20,20:13:53,5
ORD-14111,13.007471025146808,77.55978298987239,2026-08-14 23:22:54.967581788,252.82658129486285,23,23:22:54,5
ORD-14112,12.91353539190033,77.652106391536,2026-08-14 23:59:59.000000000,537.933806061748,23,23:59:59,3
ORD-14113,12.97116434497863,77.580005051281,2026-08-14 21:59:17.404912340,508.17636109067496,21,21:59:17,2
ORD-14114,12.954766525916996,77.64667431732967,2026-08-14 23:03:44.832672503,620.742134768956,23,23:03:44,4
ORD-14115,12.936971630690428,77.80595266577569,2026-08-14 17:31:23.578307507,590.3041239963039,17,17:31:23,1
ORD-14116,12.876909983011318,77.56103295960278,2026-08-14 17:07:37.209587807,358.72317108754936,17,17:07:37,3
ORD-14117,12.986565091843218,77.72012518003541,2026-08-14 21:17:41.760386611,649.8886963382807,21,21:17:41,1
ORD-14118,12.944433667998776,77.63293766275811,2026-08-14 16:38:49.111693197,594.7540792731776,16,16:38:49,4
ORD-14119,12.910052400552706,77.63923401885067,2026-08-14 19:16:26.653403857,583.6262354786003,19,19:16:26,3
ORD-14120,12.96180737225698,77.75810393740848,2026-08-14 21:55:40.727147968,817.3990187968212,21,21:55:40,1
ORD-14121,13.011726515712075,77.6222740173509,2026-08-14 23:32:00.356322167,786.5938143762281,23,23:32:00,5
ORD-14122,12.944110605178498,77.56987871392242,2026-08-14 19:21:52.059147407,583.4870649832329,19,19:21:52,2
ORD-14123,12.946267740142543,77.55215254231607,2026-08-14 18:22:30.501342231,564.7795808756294,18,18:22:30,2
ORD-14124,12.99095047570777,77.59449027788003,2026-08-14 20:48:04.154593604,642.2482772654521,20,20:48:04,5
ORD-14125,12.884949668467195,77.6377716201594,2026-08-14 17:18:58.109008285,392.4069345494443,17,17:18:58,3
ORD-14126,12.945108741089337,77.54350808172491,2026-08-14 19:34:00.492165359,394.5256113613425,19,19:34:00,2
ORD-14127,12.898909411114808,77.53180746648286,2026-08-14 19:58:47.999565513,581.013211063787,19,19:58:47,2
ORD-14128,12.953607975319247,77.7659311484454,2026-08-14 19:55:48.144065963,351.52858663086414,19,19:55:48,1
ORD-14129,12.926719916563757,77.60385842657665,2026-08-14 20:13:16.531264360,568.9154228284883,20,20:13:16,3
ORD-14130,13.01530617843846,77.66932999895913,2026-08-14 17:54:49.366299851,503.5248249804285,17,17:54:49,4
ORD-14131,12.97849051627314,77.60544990973956,2026-08-14 18:10:57.063066434,351.5714843111822,18,18:10:57,2
ORD-14132,12.913866184646054,77.5916422831798,2026-08-14 18:07:55.953650706,483.8799765432449,18,18:07:55,3
ORD-14133,12.97060108369387,77.56701575261182,2026-08-14 15:56:59.150947244,675.7622388207624,15,15:56:59,2
ORD-14134,12.972010772940267,77.6130603528151,2026-08-14 20:51:16.472896615,492.35556759807565,20,20:51:16,4
ORD-14135,12.878814903124018,77.59230356403438,2026-08-14 22:14:11.917065228,492.9821471426966,22,22:14:11,3
ORD-14136,12.911413751327563,77.57906672378606,2026-08-14 21:59:26.790745682,529.3477918356895,21,21:59:26,2
ORD-14137,12.941254288007327,77.73775480679232,2026-08-14 19:20:37.528255853,548.8782784337413,19,19:20:37,1
ORD-14138,12.939335346607615,77.59810487780926,2026-08-14 17:58:20.952844825,430.37393008782107,17,17:58:20,2
ORD-14139,13.009344916806551,77.55967847760692,2026-08-14 21:51:38.831781264,532.5391571950572,21,21:51:38,5
ORD-14140,12.925982720883429,77.81742208920024,2026-08-14 21:35:50.307201371,322.63944606139,21,21:35:50,1
ORD-14141,12.912171465531706,77.57861807975247,2026-08-14 20:32:36.785781927,360.1393414749168,20,20:32:36,2
ORD-14142,12.874228112037986,77.66212862088331,2026-08-14 23:59:59.000000000,379.32763378865656,23,23:59:59,3
ORD-14143,13.023854341986898,77.58812015927268,2026-08-14 19:56:02.170307696,550.4644034451162,19,19:56:02,5
ORD-14144,12.922327940094467,77.61835300096344,2026-08-14 19:21:27.990144676,504.0349241334416,19,19:21:27,3
ORD-14145,12.910316455810843,77.69214188225915,2026-08-14 19:00:01.644020329,459.846063413407,19,19:00:01,4
ORD-14146,12.939881620091898,77.66166246684354,2026-08-14 16:05:52.100641673,583.615498437793,16,16:05:52,4
ORD-14147,12.997983395026653,77.74872434379097,2026-08-14 21:39:12.059677281,536.8293124113504,21,21:39:12,1
ORD-14148,12.896056015489284,77.62171873749983,2026-08-14 19:44:10.631695580,436.5034830025692,19,19:44:10,3
ORD-14149,13.053653455592254,77.57695948831557,2026-08-14 21:16:29.381172211,324.71537357702823,21,21:16:29,5
ORD-14150,12.941021860308274,77.66776717423909,2026-08-14 23:59:59.000000000,357.04367981598705,23,23:59:59,4
ORD-14151,13.00764817086744,77.65440292621223,2026-08-14 19:01:23.234070858,259.9785801910662,19,19:01:23,4
ORD-14152,12.981796589023311,77.58807190260778,2026-08-14 14:09:17.921548876,501.0854325226239,14,14:09:17,2
ORD-14153,12.994365878822077,77.79684818280035,2026-08-14 21:12:09.633325597,350.6791826319492,21,21:12:09,1
ORD-14154,12.93842833334598,77.73300434607843,2026-08-14 20:25:01.734509034,405.7015527024194,20,20:25:01,1
ORD-14155,12.996026666664234,77.59037154004746,2026-08-14 18:10:07.915116258,460.8613979056704,18,18:10:07,5
ORD-14156,12.92466044885705,77.64807935507739,2026-08-14 20:59:35.397020593,636.5992786996028,20,20:59:35,4
ORD-14157,12.969786712874315,77.59802420853943,2026-08-14 21:57:54.866880939,619.318589747523,21,21:57:54,2
ORD-14158,12.976800123587395,77.62545164230383,2026-08-14 17:38:00.510808096,471.7937293119039,17,17:38:00,4
ORD-14159,12.981468210583316,77.64989324350906,2026-08-14 19:14:48.013247370,669.8255234100449,19,19:14:48,4
ORD-14160,12.979949814414972,77.67044357435364,2026-08-14 23:41:30.783568640,178.1477236018709,23,23:41:30,4
ORD-14161,12.903772030502592,77.62381117359851,2026-08-14 18:11:45.400278936,761.5830824649769,18,18:11:45,3
ORD-14162,12.958542946631765,77.55662004598932,2026-08-14 20:10:00.027798724,583.8749571456877,20,20:10:00,2
ORD-14163,12.964442069344662,77.76460652555812,2026-08-14 13:26:20.299505605,495.4204927529895,13,13:26:20,1
ORD-14164,12.93494805629832,77.68606582626306,2026-08-14 16:17:43.390490268,346.2960478871905,16,16:17:43,4
ORD-14165,12.986056361440324,77.79025478812879,2026-08-14 20:23:37.657475995,414.2898950804304,20,20:23:37,1
ORD-14166,12.937513298620464,77.68323194601584,2026-08-14 23:04:11.890286270,571.4026343367062,23,23:04:11,4
ORD-14167,13.019145724995582,77.64308797958415,2026-08-14 16:35:41.732861991,574.811907529712,16,16:35:41,5
ORD-14168,12.935056934459194,77.7307918242028,2026-08-14 20:11:11.076558544,580.259005588618,20,20:11:11,1
ORD-14169,12.94506770061218,77.64047743123378,2026-08-14 19:03:38.538818517,370.72548984503095,19,19:03:38,4
ORD-14170,12.959644879703452,77.64060691884305,2026-08-14 22:22:57.792494932,340.52284304771854,22,22:22:57,4
ORD-14171,12.97864447206896,77.61853305455793,2026-08-14 16:57:19.770252097,509.280786652876,16,16:57:19,4
ORD-14172,12.983839839144249,77.81492455751183,2026-08-14 21:04:30.698835307,595.478093665721,21,21:04:30,1
ORD-14173,13.007297501189973,77.61331463823727,2026-08-14 18:21:56.783817034,480.4777274257288,18,18:21:56,5
ORD-14174,12.963934842333796,77.56991275898847,2026-08-14 20:33:27.342223438,702.2226370327751,20,20:33:27,2
ORD-14175,12.960610719887084,77.61462752134719,2026-08-14 20:10:20.379470776,484.9706193285167,20,20:10:20,4
ORD-14176,12.96721496820307,77.57982979361518,2026-08-14 19:22:13.988332716,479.8937034250521,19,19:22:13,2
ORD-14177,13.078089615922824,77.58036368038111,2026-08-14 21:11:40.306616424,580.5839986789003,21,21:11:40,5
ORD-14178,12.941704739932128,77.81799020125908,2026-08-14 20:06:32.874608727,662.8845206388058,20,20:06:32,1
ORD-14179,12.954001866912153,77.75537349600376,2026-08-14 19:40:04.743281310,277.61171102931826,19,19:40:04,1
ORD-14180,12.98559629886602,77.71021574083777,2026-08-14 19:06:32.251193795,312.29824379466027,19,19:06:32,1
ORD-14181,12.959841931932608,77.6323991664144,2026-08-14 20:11:38.385507708,433.0107843383943,20,20:11:38,4
ORD-14182,12.971143440415828,77.58632723219736,2026-08-14 20:33:18.391933315,953.8412676882996,20,20:33:18,2
ORD-14183,12.973269402736666,77.7513774514248,2026-08-14 17:31:37.721279274,440.7797156188602,17,17:31:37,1
ORD-14184,12.944436097302251,77.5735884837998,2026-08-14 19:07:34.758858744,461.73255854841466,19,19:07:34,2
ORD-14185,12.920479273254228,77.56017376310017,2026-08-14 17:21:43.326498319,572.7527894711877,17,17:21:43,2
ORD-14186,12.947741692491892,77.54999728064185,2026-08-14 19:54:01.391194973,626.5393354220212,19,19:54:01,2
ORD-14187,12.90679446079983,77.6232492050754,2026-08-14 18:31:09.010156314,505.46776746821337,18,18:31:09,3
ORD-14188,12.897460654068183,77.57552496742288,2026-08-14 21:55:37.048331831,654.6521242560384,21,21:55:37,3
ORD-14189,12.961079596737646,77.6215669176065,2026-08-14 21:40:54.542799810,300.904322546112,21,21:40:54,4
ORD-14190,13.066323156843682,77.59118152746876,2026-08-14 17:41:35.262927921,365.0867362885912,17,17:41:35,5
ORD-14191,13.0216870042865,77.56174201488041,2026-08-14 19:59:39.233891414,654.3730425869459,19,19:59:39,5
ORD-14192,13.032657344227596,77.5924521885965,2026-08-14 21:35:46.649213235,481.6414672175212,21,21:35:46,5
ORD-14193,12.858692136178057,77.62699970610119,2026-08-14 19:33:42.225118524,290.63240924870024,19,19:33:42,3
ORD-14194,12.927616689650932,77.57330373650163,2026-08-14 18:10:46.042276750,281.6193102574189,18,18:10:46,2
ORD-14195,12.902922325300285,77.62363558249203,2026-08-14 17:16:08.368247597,358.3588791982943,17,17:16:08,3
ORD-14196,12.94744117353368,77.53802678509922,2026-08-14 22:08:08.408054205,480.31883132368745,22,22:08:08,2
ORD-14197,13.006659250838332,77.73269257091647,2026-08-14 22:15:24.418334565,550.1069354590182,22,22:15:24,1
ORD-14198,12.923188838046062,77.78293732930082,2026-08-14 19:28:48.471610134,430.6410000083791,19,19:28:48,1
ORD-14199,12.915773370720355,77.65266580218739,2026-08-14 21:54:55.238260740,537.7498783859279,21,21:54:55,4
ORD-14200,13.05112832920429,77.59694699239681,2026-08-14 12:35:13.105231032,414.44002699595774,12,12:35:13,5
ORD-14201,12.929854451925694,77.64139494661946,2026-08-14 23:19:07.991856383,663.5880302425376,23,23:19:07,4
ORD-14202,12.920726405941672,77.59465995939387,2026-08-14 19:36:27.496752505,862.7760141858533,19,19:36:27,3
ORD-14203,12.999746819292913,77.63574292554944,2026-08-14 20:21:15.989047195,421.1080901873364,20,20:21:15,4
ORD-14204,12.936374867682416,77.6626282942654,2026-08-14 19:11:55.340487006,551.9899216198419,19,19:11:55,4
ORD-14205,12.96761431872925,77.59512618739396,2026-08-14 23:29:21.367336808,539.7616236225168,23,23:29:21,2
ORD-14206,12.950612267099215,77.60967589768937,2026-08-14 17:20:53.415384400,500.8043139389888,17,17:20:53,2
ORD-14207,12.983843976943804,77.62612712961267,2026-08-14 23:41:10.142939462,577.9876418011937,23,23:41:10,4
ORD-14208,12.91493049070476,77.60847640606434,2026-08-14 20:59:26.438288506,551.823178346974,20,20:59:26,3
ORD-14209,12.962924808970092,77.6333274551177,2026-08-14 21:33:23.977943263,409.3419644422658,21,21:33:23,4
ORD-14210,12.903482365583256,77.6702293923707,2026-08-14 19:10:37.158930040,677.4818658934032,19,19:10:37,3
ORD-14211,12.912154230105992,77.62204996636423,2026-08-14 16:43:46.027218933,510.2499371230164,16,16:43:46,3
ORD-14212,12.927317578740064,77.66060259807699,2026-08-14 22:19:34.596889825,422.2799370254455,22,22:19:34,4
ORD-14213,12.881139009558304,77.66482877281554,2026-08-14 20:46:42.675160704,846.4803785771102,20,20:46:42,3
ORD-14214,12.913742797399609,77.59726891005565,2026-08-14 23:24:14.611124779,462.56799342666,23,23:24:14,3
ORD-14215,13.042288882976372,77.61911651187052,2026-08-14 19:30:56.013118059,518.2415762135624,19,19:30:56,5
ORD-14216,12.90354598241842,77.5959474296191,2026-08-14 18:57:06.917589910,506.3160516870505,18,18:57:06,3
ORD-14217,12.99433617027895,77.53484299662226,2026-08-14 23:28:12.794129763,460.5158083573188,23,23:28:12,2
ORD-14218,12.896151981738278,77.71652404339558,2026-08-14 23:59:59.000000000,547.2997057566023,23,23:59:59,1
ORD-14219,12.935919546239374,77.79017309771159,2026-08-14 20:01:24.124587292,353.25001363625626,20,20:01:24,1
ORD-14220,12.949291723095016,77.7678165800679,2026-08-14 18:07:05.182528286,569.4815079784586,18,18:07:05,1
ORD-14221,12.939502449170869,77.64961348573141,2026-08-14 22:01:34.776865106,216.24689574113552,22,22:01:34,4
ORD-14222,12.920891116061552,77.65251096235642,2026-08-14 19:21:53.814904464,285.28953731143065,19,19:21:53,4
ORD-14223,13.015173220239518,77.60519771447598,2026-08-14 21:29:53.365428607,753.8586820752773,21,21:29:53,5
ORD-14224,12.980184692627615,77.55533111580176,2026-08-14 19:21:06.516230591,291.572995991732,19,19:21:06,2
ORD-14225,12.906594471075731,77.61575297247335,2026-08-14 23:54:36.126163905,186.00617219447088,23,23:54:36,3
ORD-14226,12.954675763490467,77.83543233879098,2026-08-14 18:15:04.594454544,295.28757464007185,18,18:15:04,1
ORD-14227,12.887248171424018,77.65137985638492,2026-08-14 21:12:04.766962698,741.0085903795101,21,21:12:04,3
ORD-14228,13.001576093460208,77.59411482529235,2026-08-14 18:46:41.682267911,211.22073895909276,18,18:46:41,5
ORD-14229,12.90491768311517,77.59761106378629,2026-08-14 19:17:46.440947213,336.6278726112674,19,19:17:46,3
ORD-14230,12.898471144527424,77.54759905513188,2026-08-14 18:58:11.499107155,261.271127352452,18,18:58:11,2
ORD-14231,12.936478710097026,77.54271332196227,2026-08-14 21:50:47.472594841,438.8806204364987,21,21:50:47,2
ORD-14232,13.01690562511122,77.7716461837336,2026-08-14 22:17:45.268034404,414.5968652728896,22,22:17:45,1
ORD-14233,12.95540909346029,77.60350911830396,2026-08-14 21:23:39.649460391,407.88652399094497,21,21:23:39,2
ORD-14234,12.941043866816695,77.67562381162452,2026-08-14 19:43:48.148799293,758.4200699107705,19,19:43:48,4
ORD-14235,12.948423307049389,77.75373343793785,2026-08-14 20:21:01.620279014,300.1387023543677,20,20:21:01,1
ORD-14236,12.961347058973844,77.57825767688503,2026-08-14 22:14:39.494116135,464.6718330424334,22,22:14:39,2
ORD-14237,13.14418061136499,77.59799980169721,2026-08-14 22:19:23.804284868,530.7901869481102,22,22:19:23,5
ORD-14238,12.921569630770149,77.65409073110862,2026-08-14 13:16:27.519317818,332.96861068917843,13,13:16:27,4
ORD-14239,13.001823436655355,77.75133273067888,2026-08-14 19:19:10.000454046,552.9884971869903,19,19:19:10,1
ORD-14240,12.921154530333432,77.55745480141682,2026-08-14 19:26:21.670877045,420.02842581700384,19,19:26:21,2
ORD-14241,12.95032369777525,77.76810235756557,2026-08-14 21:40:23.273077135,536.1463599284784,21,21:40:23,1
ORD-14242,13.051336249366502,77.63974080125014,2026-08-14 19:49:59.062640603,463.8001122711521,19,19:49:59,5
ORD-14243,12.967382462962185,77.54604497202992,2026-08-14 21:47:52.650428544,172.42031616505437,21,21:47:52,2
ORD-14244,13.006785565077148,77.80026312711637,2026-08-14 17:18:12.053060725,675.9148069148612,17,17:18:12,1
ORD-14245,12.959338560049968,77.57717282151998,2026-08-14 20:39:00.490639147,790.5687473031107,20,20:39:00,2
ORD-14246,13.00635351181568,77.8700118667303,2026-08-14 22:15:01.850881054,453.486872709778,22,22:15:01,1
ORD-14247,12.939230331005415,77.57858921577142,2026-08-14 16:18:50.554176137,345.30719222000937,16,16:18:50,2
ORD-14248,12.951080023265677,77.61649166001064,2026-08-14 23:59:59.000000000,705.9019081763532,23,23:59:59,4
ORD-14249,12.92223184911857,77.64672910762192,2026-08-14 22:58:37.973395799,763.5574354301207,22,22:58:37,4
ORD-14250,12.983111782761055,77.80372926089345,2026-08-14 20:00:12.179722191,454.6806882615004,20,20:00:12,1
ORD-14251,12.9810568199619,77.65476046771131,2026-08-14 17:55:44.327034851,447.1979077169228,17,17:55:44,4
ORD-14252,12.894106234631993,77.78223685948167,2026-08-14 19:33:44.233647537,468.0133353492751,19,19:33:44,1
ORD-14253,12.996292968512108,77.60355805319774,2026-08-14 20:12:34.221236502,228.81766661320427,20,20:12:34,5
ORD-14254,12.874642225584909,77.59731291317846,2026-08-14 21:06:05.963011308,436.33111819601584,21,21:06:05,3
ORD-14255,12.875761203066308,77.53957470461725,2026-08-14 23:45:05.947645140,737.2412831323868,23,23:45:05,3
ORD-14256,12.978297969700485,77.6128762257495,2026-08-14 18:48:35.113775014,454.696700884416,18,18:48:35,4
ORD-14257,13.063485695309412,77.58869298211967,2026-08-14 21:24:24.388538153,323.99482081916926,21,21:24:24,5
ORD-14258,13.015081360455309,77.69508153413574,2026-08-14 16:46:08.137536599,554.5028428956721,16,16:46:08,1
ORD-14259,12.951246864489828,77.7533914256612,2026-08-14 18:57:57.593571073,379.9201802258832,18,18:57:57,1
ORD-14260,12.903414611798732,77.60972297603183,2026-08-14 20:56:30.451630824,470.0321814498109,20,20:56:30,3
ORD-14261,12.920271718281477,77.57471322050942,2026-08-14 21:43:41.362419079,289.6726829179081,21,21:43:41,2
ORD-14262,13.034729150056236,77.7632379199901,2026-08-14 18:07:00.907710018,324.5063758219902,18,18:07:00,1
ORD-14263,12.986582869702945,77.76888791710208,2026-08-14 18:53:52.874735893,590.6488882295389,18,18:53:52,1
ORD-14264,12.9380419232068,77.60719895556439,2026-08-14 23:39:05.009720252,497.3800169101632,23,23:39:05,2
ORD-14265,12.95857387699824,77.75583856208314,2026-08-14 22:54:17.177576652,363.5913919735775,22,22:54:17,1
ORD-14266,12.957088138211972,77.64951833659528,2026-08-14 20:31:16.114953471,497.9302695457354,20,20:31:16,4
ORD-14267,12.926786053350906,77.65137452931339,2026-08-14 14:24:30.193621014,388.9279936909112,14,14:24:30,4
ORD-14268,13.028989536793611,77.59818546923023,2026-08-14 23:59:59.000000000,362.4359745944746,23,23:59:59,5
ORD-14269,12.911326681645605,77.57654242013828,2026-08-14 19:57:00.615945085,654.6051595872459,19,19:57:00,2
ORD-14270,12.96354655243424,77.61333474015687,2026-08-14 19:13:06.896477808,597.4316329783157,19,19:13:06,4
ORD-14271,12.983134887799332,77.59014737772597,2026-08-14 18:41:38.760667313,476.8090725553358,18,18:41:38,2
ORD-14272,12.924376463232855,77.61605397836894,2026-08-14 20:56:27.303334792,501.65060058745553,20,20:56:27,3
ORD-14273,12.942579978009482,77.59535828940963,2026-08-14 20:57:59.243302538,478.7402973998485,20,20:57:59,2
ORD-14274,12.901578619842033,77.61289985493353,2026-08-14 22:22:35.650858139,553.0513888760308,22,22:22:35,3
ORD-14275,12.975852605343665,77.5611485974762,2026-08-14 17:41:05.440520859,360.07475123164585,17,17:41:05,2
ORD-14276,12.955845437613087,77.75270809989662,2026-08-14 19:13:07.546096729,609.3757100052965,19,19:13:07,1
ORD-14277,13.011250480090483,77.75898517104785,2026-08-14 23:59:59.000000000,533.0348756836219,23,23:59:59,1
ORD-14278,12.91203226870289,77.63846516657354,2026-08-14 20:33:41.315699250,440.5415493165673,20,20:33:41,3
ORD-14279,13.02956421112626,77.78208472654062,2026-08-14 19:34:07.280640059,406.8332952737187,19,19:34:07,1
ORD-14280,12.954363428565246,77.64989565614188,2026-08-14 17:38:45.440109747,606.1696412650213,17,17:38:45,4
ORD-14281,12.966998391450003,77.64774693779061,2026-08-14 21:15:53.408752387,457.42705257748406,21,21:15:53,4
ORD-14282,12.955036613339118,77.66190247768566,2026-08-14 22:34:39.163953382,375.1660356255244,22,22:34:39,4
ORD-14283,12.897342211630756,77.5719207161681,2026-08-14 22:11:11.288812288,422.3145349538514,22,22:11:11,3
ORD-14284,12.977098452772534,77.59700382483777,2026-08-14 19:21:10.792227520,595.380697333374,19,19:21:10,2
ORD-14285,12.952563148127036,77.62350484344397,2026-08-14 20:54:11.270550272,238.417019813094,20,20:54:11,4
ORD-14286,12.862699774474208,77.56418297103797,2026-08-14 23:59:59.000000000,426.6886641629291,23,23:59:59,3
ORD-14287,12.954626555929284,77.53732943752152,2026-08-14 22:40:37.940629543,640.5874004513646,22,22:40:37,2
ORD-14288,13.022115585254426,77.70242795559679,2026-08-14 18:02:22.535320260,454.76748418451126,18,18:02:22,1
ORD-14289,13.01520809799423,77.62877929152317,2026-08-14 13:38:05.954418407,520.9225098416762,13,13:38:05,5
ORD-14290,12.994211587020006,77.55581388562304,2026-08-14 20:44:30.952563758,643.0153446805792,20,20:44:30,2
ORD-14291,12.959087122324124,77.63464245675304,2026-08-14 21:59:47.113140736,613.8494480095756,21,21:59:47,4
ORD-14292,13.053256244673902,77.6087379145624,2026-08-14 17:16:36.979573141,413.9911840440117,17,17:16:36,5
ORD-14293,12.922956536262602,77.55292243150082,2026-08-14 19:58:40.894300895,460.4409671694245,19,19:58:40,2
ORD-14294,12.943751482156554,77.72109808165861,2026-08-14 19:20:26.708407142,615.714585259352,19,19:20:26,1
ORD-14295,13.017788458486915,77.75062894702558,2026-08-14 20:15:38.576900090,620.9204230925848,20,20:15:38,1
ORD-14296,12.954983649339116,77.67749866599932,2026-08-14 18:38:17.733415923,466.7924812027589,18,18:38:17,4
ORD-14297,12.85265375502274,77.6692605817645,2026-08-14 23:13:34.598978652,471.968152156136,23,23:13:34,3
ORD-14298,12.971738891912416,77.76522669300742,2026-08-14 20:22:11.719925695,520.1525541800777,20,20:22:11,1
ORD-14299,12.942605887238813,77.5681706460543,2026-08-14 17:48:08.848024517,685.035103502594,17,17:48:08,2
ORD-14300,12.952309606143457,77.7079609230116,2026-08-14 22:17:37.159382343,640.1349180986934,22,22:17:37,1
ORD-14301,12.963015965948522,77.62719330224964,2026-08-14 16:50:22.311636075,584.0080055698528,16,16:50:22,4
ORD-14302,13.029079955540851,77.57599285213949,2026-08-14 23:12:40.449397816,318.19960859041623,23,23:12:40,5
ORD-14303,12.944271826694736,77.57751041963562,2026-08-14 22:28:39.534818003,438.7749890177615,22,22:28:39,2
ORD-14304,12.963952614839032,77.57162782299879,2026-08-14 23:28:27.977657887,446.6569989465146,23,23:28:27,2
ORD-14305,12.915587639537906,77.61836246389618,2026-08-14 19:36:15.782648025,692.7727548905209,19,19:36:15,3
ORD-14306,12.976211253841155,77.6072857804019,2026-08-14 18:45:34.974181950,444.1703413230544,18,18:45:34,2
ORD-14307,12.916077611964496,77.58974949197801,2026-08-14 20:12:36.195848398,668.016423461642,20,20:12:36,3
ORD-14308,12.967082447485708,77.57686419870593,2026-08-14 19:47:20.068922800,394.39519942033735,19,19:47:20,2
ORD-14309,13.001764227680956,77.61331233618975,2026-08-14 18:22:05.373429928,406.3674063508862,18,18:22:05,5
ORD-14310,13.00162505888428,77.78284998734709,2026-08-14 18:36:57.390172869,552.2181158719711,18,18:36:57,1
ORD-14311,12.954393345764473,77.57822659925915,2026-08-14 19:05:02.644374602,715.2220058357635,19,19:05:02,2
ORD-14312,12.916931555208343,77.59835140362165,2026-08-14 17:04:29.966822041,448.2334306098184,17,17:04:29,3
ORD-14313,12.875137537918938,77.61761487951777,2026-08-14 21:41:41.669606394,120.0,21,21:41:41,3
ORD-14314,12.972285113672452,77.59717808972327,2026-08-14 19:52:09.325761861,245.37248964916697,19,19:52:09,2
ORD-14315,12.90627280185014,77.59415592902486,2026-08-14 19:13:44.593776897,524.6942334246685,19,19:13:44,3
ORD-14316,12.91810585697553,77.64746137478748,2026-08-14 17:13:26.812551525,258.7805959827348,17,17:13:26,4
ORD-14317,12.923020365764154,77.54566132698257,2026-08-14 17:05:56.643200993,350.1655760405381,17,17:05:56,2
ORD-14318,12.963178688269435,77.7445332134966,2026-08-14 23:59:59.000000000,481.8512925957385,23,23:59:59,1
ORD-14319,12.963727791917258,77.57263885917335,2026-08-14 18:25:54.682834246,120.0,18,18:25:54,2
ORD-14320,12.979210367825406,77.59691493903021,2026-08-14 21:31:34.755547884,423.04113160118186,21,21:31:34,2
ORD-14321,12.927030939005569,77.5973424476505,2026-08-14 20:24:23.710229102,305.27871632095963,20,20:24:23,2
ORD-14322,12.901555851189826,77.59306950156048,2026-08-14 13:03:43.303850027,255.12304231488744,13,13:03:43,3
ORD-14323,13.01990431513549,77.61417743934004,2026-08-14 23:59:59.000000000,359.672334117291,23,23:59:59,5
ORD-14324,13.064743112132998,77.63991366048668,2026-08-14 21:42:36.755808985,319.6186612395853,21,21:42:36,5
ORD-14325,12.996808046321869,77.67329360376976,2026-08-14 18:04:50.968611257,550.4220326988454,18,18:04:50,4
ORD-14326,12.87992291932754,77.63164538551986,2026-08-14 19:55:44.701460134,659.4790180024326,19,19:55:44,3
ORD-14327,12.972004853836498,77.69951894318149,2026-08-14 17:07:37.349693367,425.3359722583406,17,17:07:37,4
ORD-14328,12.967667593613116,77.60243441832223,2026-08-14 23:59:59.000000000,390.5811331429746,23,23:59:59,2
ORD-14329,13.048847795548522,77.60286884667072,2026-08-14 17:43:51.080625827,417.8692498263152,17,17:43:51,5
ORD-14330,12.985701600160327,77.71434051357188,2026-08-14 18:41:32.244029748,313.77193380923063,18,18:41:32,1
ORD-14331,12.947800576283338,77.61651470277491,2026-08-14 18:10:33.950296672,286.6887156570483,18,18:10:33,4
ORD-14332,12.979685741741946,77.72464651922073,2026-08-14 20:12:03.414601883,233.16683206599944,20,20:12:03,1
ORD-14333,12.89612278900112,77.65118447071283,2026-08-14 23:25:32.848501254,280.571856252274,23,23:25:32,3
ORD-14334,12.932995835458094,77.71577859596353,2026-08-14 23:59:59.000000000,724.7986510668943,23,23:59:59,1
ORD-14335,12.933394655997455,77.59748383686849,2026-08-14 19:00:09.034701999,376.4368446954813,19,19:00:09,2
ORD-14336,12.940623997870803,77.59827765899229,2026-08-14 20:56:44.330840861,120.0,20,20:56:44,2
ORD-14337,12.87522269500837,77.54762132177802,2026-08-14 20:12:17.148713437,391.941459227849,20,20:12:17,3
ORD-14338,13.041693345402328,77.76608162706391,2026-08-14 17:32:45.516620003,241.4378194858768,17,17:32:45,1
ORD-14339,12.909070282670552,77.63913752773931,2026-08-14 23:59:59.000000000,488.9227409995744,23,23:59:59,3
ORD-14340,12.989656566694531,77.78480450470316,2026-08-14 23:24:24.836060666,472.74695171444927,23,23:24:24,1
ORD-14341,12.930749538969014,77.65867741959705,2026-08-14 20:28:22.042647399,488.3828456538082,20,20:28:22,4
ORD-14342,12.964454371629124,77.56002921543335,2026-08-14 23:57:16.884841491,473.8910881882223,23,23:57:16,2
ORD-14343,13.041535499060776,77.60853717364827,2026-08-14 23:01:48.960414460,424.0934543070376,23,23:01:48,5
ORD-14344,12.9396876199316,77.60367969969421,2026-08-14 20:12:16.752069736,261.615581769002,20,20:12:16,2
ORD-14345,12.947965591295944,77.74030643170205,2026-08-14 20:48:53.672447952,468.8018892042864,20,20:48:53,1
ORD-14346,13.071667083023277,77.62881281239109,2026-08-14 23:46:49.135281390,632.8386883703541,23,23:46:49,5
ORD-14347,12.936702888542284,77.5575961988293,2026-08-14 17:38:04.617769833,752.0509625692806,17,17:38:04,2
ORD-14348,13.021408931155634,77.59606387945894,2026-08-14 23:59:59.000000000,444.30130090409904,23,23:59:59,5
ORD-14349,12.893573552899884,77.646522485498,2026-08-14 19:26:13.986953834,460.5585082074472,19,19:26:13,3
ORD-14350,13.0479586444598,77.6112129788456,2026-08-14 23:48:42.090685628,555.064076863334,23,23:48:42,5
ORD-14351,12.927271140986926,77.63545517510843,2026-08-14 19:59:12.960622835,703.9862339208157,19,19:59:12,4
ORD-14352,12.871094091221575,77.77919194081473,2026-08-14 20:50:38.456002257,407.0555084243179,20,20:50:38,1
ORD-14353,13.011100910818476,77.62566595844527,2026-08-14 19:54:51.224790848,583.8976975425506,19,19:54:51,5
ORD-14354,13.01615185760366,77.5923915856466,2026-08-14 18:40:13.407394699,356.5771101713417,18,18:40:13,5
ORD-14355,12.91878510961646,77.62198350755915,2026-08-14 19:19:29.505916700,529.4773485398255,19,19:19:29,3
ORD-14356,13.046730121913386,77.6715551867829,2026-08-14 23:26:52.002628517,625.5906264927556,23,23:26:52,5
ORD-14357,12.941139592024951,77.57815184296896,2026-08-14 14:12:52.524155948,286.3709090178305,14,14:12:52,2
ORD-14358,12.976625643891785,77.56614065671538,2026-08-14 16:54:09.306496756,401.2282916972673,16,16:54:09,2
ORD-14359,12.9639738796549,77.62941634415071,2026-08-14 18:11:10.754615777,623.2174645042502,18,18:11:10,4
ORD-14360,12.895841741213514,77.62733936041964,2026-08-14 17:18:14.896868076,572.4241845772192,17,17:18:14,3
ORD-14361,12.88687038855993,77.61539256774682,2026-08-14 23:46:29.816493739,635.3919210472283,23,23:46:29,3
ORD-14362,13.005732293927217,77.59796206716763,2026-08-14 23:08:39.092800679,607.26594696811,23,23:08:39,5
ORD-14363,12.997866445167729,77.59274318028262,2026-08-14 21:28:48.286284552,428.83447081249415,21,21:28:48,5
ORD-14364,12.921518910648969,77.63161466773701,2026-08-14 18:24:19.763392702,809.8785222592037,18,18:24:19,3
ORD-14365,12.94100139172775,77.57134858555415,2026-08-14 23:20:15.466801147,500.5364986130092,23,23:20:15,2
ORD-14366,12.944322965414685,77.6706139286656,2026-08-14 16:01:46.830666040,120.0,16,16:01:46,4
ORD-14367,12.989877993714684,77.75202139513335,2026-08-14 23:59:59.000000000,437.64804414340506,23,23:59:59,1
ORD-14368,12.95759081273446,77.6403373759636,2026-08-14 18:17:18.331825402,409.6243114501008,18,18:17:18,4
ORD-14369,12.961576038820594,77.5536623936156,2026-08-14 19:20:41.683003427,599.2873751050917,19,19:20:41,2
ORD-14370,12.880829035321783,77.65966902023192,2026-08-14 18:55:35.905345548,412.3222027202804,18,18:55:35,3
ORD-14371,12.91711522883435,77.76405385225017,2026-08-14 17:19:02.033273112,644.8454993728706,17,17:19:02,1
ORD-14372,12.92287826203887,77.58963337640414,2026-08-14 23:59:59.000000000,563.7149058610062,23,23:59:59,2
ORD-14373,12.98203774150016,77.75703617263008,2026-08-14 21:58:20.051677060,329.98643077949095,21,21:58:20,1
ORD-14374,13.045461992823371,77.57273160784125,2026-08-14 23:02:19.234878718,458.9439996582863,23,23:02:19,5
ORD-14375,13.022003854202422,77.60693480200345,2026-08-14 16:56:26.976551453,363.66998335868993,16,16:56:26,5
ORD-14376,12.946664234146004,77.77797362601311,2026-08-14 20:27:08.440443036,507.71379702805046,20,20:27:08,1
ORD-14377,13.055600847655889,77.59825451532002,2026-08-14 21:18:09.258203983,362.77636991473184,21,21:18:09,5
ORD-14378,12.944520337475424,77.6036054539134,2026-08-14 20:40:36.808711949,491.1652845763593,20,20:40:36,2
ORD-14379,12.942697450616093,77.6211804760838,2026-08-14 17:05:56.638940388,439.1541373514383,17,17:05:56,4
ORD-14380,12.927362120149036,77.62169709506128,2026-08-14 22:41:19.500190176,457.1665117980264,22,22:41:19,3
ORD-14381,12.94499375585805,77.63378509206743,2026-08-14 20:18:13.950745066,787.6410569697148,20,20:18:13,4
ORD-14382,12.921573573515907,77.63961882302591,2026-08-14 17:36:45.323679213,425.9272159939193,17,17:36:45,3
ORD-14383,12.975841375316524,77.58750713580122,2026-08-14 15:21:42.745144026,189.83503685742147,15,15:21:42,2
ORD-14384,12.94297961018094,77.59117897677652,2026-08-14 21:30:59.998621409,632.3739217101521,21,21:30:59,2
ORD-14385,12.99844719413214,77.61342942852528,2026-08-14 23:59:59.000000000,631.1933852703012,23,23:59:59,5
ORD-14386,13.00352461801487,77.68808478670046,2026-08-14 17:27:42.711539883,183.1589739304761,17,17:27:42,4
ORD-14387,12.966126859213984,77.6188829822885,2026-08-14 20:25:34.023453717,374.8650568187899,20,20:25:34,4
ORD-14388,12.89589845953731,77.68287292765515,2026-08-14 22:46:34.475511824,545.3715835269785,22,22:46:34,3
ORD-14389,12.926879681932853,77.60794124053238,2026-08-14 16:49:33.129605088,558.63048918256,16,16:49:33,3
ORD-14390,12.874414561378243,77.63634655868591,2026-08-14 18:48:00.389078235,479.2914354820919,18,18:48:00,3
ORD-14391,12.976811031138382,77.54157097723127,2026-08-14 17:50:58.570986647,482.6738068399927,17,17:50:58,2
ORD-14392,12.932464591474664,77.59266328277545,2026-08-14 22:27:42.090253421,339.21181903752233,22,22:27:42,2
ORD-14393,13.029361025255104,77.60457235827681,2026-08-14 23:18:49.703124187,120.02269298164695,23,23:18:49,5
ORD-14394,12.912668233373076,77.55228283215109,2026-08-14 20:23:51.326382586,787.4260977275305,20,20:23:51,2
ORD-14395,13.08052567823647,77.58395284719373,2026-08-14 17:53:44.393379053,334.6999083439929,17,17:53:44,5
ORD-14396,12.944428004618208,77.77474342534722,2026-08-14 18:53:34.881558649,506.47585350967233,18,18:53:34,1
ORD-14397,12.886887647260538,77.6463788691187,2026-08-14 18:25:25.513371779,456.1728006510996,18,18:25:25,3
ORD-14398,12.99754899008103,77.64433127414922,2026-08-14 17:33:24.580245393,614.5796328410319,17,17:33:24,4
ORD-14399,12.957526441069096,77.65495210759175,2026-08-14 19:44:41.656192634,497.23458202232376,19,19:44:41,4
ORD-14400,12.995039781003642,77.66684628860067,2026-08-14 21:26:13.438360157,503.0161429638,21,21:26:13,4
ORD-14401,12.986988440279555,77.62623619902226,2026-08-14 21:13:32.316999857,120.0,21,21:13:32,4
ORD-14402,12.904192277608722,77.65167027567615,2026-08-14 19:58:45.908718874,354.999139118662,19,19:58:45,3
ORD-14403,12.934605541008567,77.7371542153479,2026-08-14 20:08:33.484531428,591.6949569898496,20,20:08:33,1
ORD-14404,12.870510323869988,77.65485003807785,2026-08-14 19:47:46.042844192,578.2002337607894,19,19:47:46,3
ORD-14405,12.894064479611208,77.64899008253217,2026-08-14 16:45:25.096147504,337.2520764574183,16,16:45:25,3
ORD-14406,12.941556741371189,77.62224335631456,2026-08-14 20:24:01.214072846,243.2957125918317,20,20:24:01,4
ORD-14407,12.897274120936462,77.66084351130058,2026-08-14 18:32:27.369730908,498.9868960084396,18,18:32:27,3
ORD-14408,13.043504972052716,77.77674554049761,2026-08-14 16:37:53.911027565,120.0,16,16:37:53,1
ORD-14409,12.999262215304231,77.60053591867383,2026-08-14 20:55:36.350104040,307.6988621493356,20,20:55:36,5
ORD-14410,12.916836592680212,77.65114173304455,2026-08-14 18:28:14.429672233,744.0241612732966,18,18:28:14,4
ORD-14411,12.882487098135927,77.60987857062777,2026-08-14 20:34:09.785291330,696.7600993310652,20,20:34:09,3
ORD-14412,12.854613011918198,77.58547202679398,2026-08-14 22:07:08.740335625,553.0874038147717,22,22:07:08,3
ORD-14413,12.939071578216277,77.62778876816772,2026-08-14 17:37:27.851509693,526.1004471721884,17,17:37:27,4
ORD-14414,12.97158197934374,77.75596403479217,2026-08-14 20:13:49.091538657,187.47438232134016,20,20:13:49,1
ORD-14415,12.905594738374752,77.58156032018002,2026-08-14 15:28:26.194064427,368.89991450263256,15,15:28:26,3
ORD-14416,12.945952693774768,77.72693291083199,2026-08-14 23:49:52.797815483,435.7247103051336,23,23:49:52,1
ORD-14417,12.956185251973482,77.59438224357231,2026-08-14 16:36:08.401528001,372.0879375748217,16,16:36:08,2
ORD-14418,12.94863617024554,77.67695257640017,2026-08-14 18:42:46.623038424,427.4634997638203,18,18:42:46,4
ORD-14419,12.924905688686836,77.58642568583002,2026-08-14 23:20:45.419133876,674.8836636519442,23,23:20:45,2
ORD-14420,12.937972102504135,77.59121121836401,2026-08-14 19:24:49.293665271,398.7265408093016,19,19:24:49,2
ORD-14421,12.982058978594225,77.63573599837402,2026-08-14 17:00:23.420823297,428.8591229164852,17,17:00:23,4
ORD-14422,13.03012146205648,77.61200262931587,2026-08-14 21:46:57.659090579,590.9296930025627,21,21:46:57,5
ORD-14423,12.85221267446032,77.5658288904564,2026-08-14 21:43:34.792159361,267.07864220957947,21,21:43:34,3
ORD-14424,12.97173228031473,77.71745532180626,2026-08-14 18:25:01.322945713,353.969313174173,18,18:25:01,1
ORD-14425,12.865907104941744,77.79723412098419,2026-08-14 18:41:15.661312976,369.3416118364736,18,18:41:15,1
ORD-14426,12.960407840591689,77.64273419057221,2026-08-14 18:54:41.319264437,488.3388219827621,18,18:54:41,4
ORD-14427,12.913943693408518,77.63946868698534,2026-08-14 19:28:56.784353826,428.25568987595017,19,19:28:56,3
ORD-14428,12.910547388652269,77.63167000550762,2026-08-14 15:16:03.260307703,432.9988635979299,15,15:16:03,3
ORD-14429,13.003579587095723,77.65007009576945,2026-08-14 19:32:47.185249937,380.27190193462576,19,19:32:47,4
ORD-14430,12.861641717107137,77.65322993403288,2026-08-14 23:59:59.000000000,319.3754609677868,23,23:59:59,3
ORD-14431,12.972962053980607,77.57746865516303,2026-08-14 17:45:36.270294870,571.3714386315867,17,17:45:36,2
ORD-14432,12.97744510225935,77.62026718025123,2026-08-14 18:32:28.557658772,429.32938215566185,18,18:32:28,4
ORD-14433,12.975736135784302,77.59386000580967,2026-08-14 17:02:27.441031232,572.852847022106,17,17:02:27,2
ORD-14434,12.90402563701582,77.6264470543318,2026-08-14 21:31:49.457337558,313.2559004278279,21,21:31:49,3
ORD-14435,13.033387763283182,77.79716873299294,2026-08-14 23:00:28.776223281,380.2136763375536,23,23:00:28,1
ORD-14436,13.001606721734351,77.77784904570429,2026-08-14 22:57:02.860552599,446.8225458229851,22,22:57:02,1
ORD-14437,13.060280753171227,77.63755641920784,2026-08-14 16:52:47.904699957,460.8199444775684,16,16:52:47,5
ORD-14438,12.962417992499734,77.59337198769788,2026-08-14 21:14:58.125574472,593.1553088898315,21,21:14:58,2
ORD-14439,12.937615122525797,77.59588464446279,2026-08-14 23:35:03.750307928,415.42360656114624,23,23:35:03,2
ORD-14440,12.890974273561795,77.55769024981942,2026-08-14 21:16:26.967969391,592.0113364216313,21,21:16:26,3
ORD-14441,13.12278598735868,77.60176436219265,2026-08-14 21:11:45.687150094,536.2416012839542,21,21:11:45,5
ORD-14442,12.947866774272637,77.58171730175485,2026-08-14 18:49:15.216792284,463.9721084875577,18,18:49:15,2
ORD-14443,12.905268646442256,77.72133315749085,2026-08-14 20:33:00.988414143,337.305180525522,20,20:33:00,1
ORD-14444,13.020136845482304,77.76169964131267,2026-08-14 23:05:26.863617358,593.5312898194979,23,23:05:26,1
ORD-14445,12.999350828200557,77.66664981137207,2026-08-14 20:49:13.880715859,341.0493799029524,20,20:49:13,4
ORD-14446,12.91450277170706,77.67307879543907,2026-08-14 16:52:45.527195732,476.8079429764082,16,16:52:45,4
ORD-14447,13.013651734027224,77.64621813257418,2026-08-14 18:51:35.624931426,471.908933559588,18,18:51:35,5
ORD-14448,12.985280575464737,77.68738341960137,2026-08-14 23:01:23.515850001,448.9357286074076,23,23:01:23,4
ORD-14449,12.890419667968985,77.54762715134947,2026-08-14 20:48:42.689883160,421.6020415522029,20,20:48:42,2
ORD-14450,13.010514874647797,77.74913426027192,2026-08-14 20:17:51.558704188,356.68849575574933,20,20:17:51,1
ORD-14451,12.893608014601758,77.60775114086019,2026-08-14 18:36:53.860200780,237.45953439448823,18,18:36:53,3
ORD-14452,13.01699925081641,77.54506679507382,2026-08-14 22:58:17.392624810,690.5707099260528,22,22:58:17,5
ORD-14453,13.094528804293905,77.60075500531337,2026-08-14 23:59:59.000000000,406.24148036141264,23,23:59:59,5
ORD-14454,12.917629900919032,77.56892013266548,2026-08-14 23:09:28.702107162,460.7831857323796,23,23:09:28,2
ORD-14455,12.882235218579478,77.57884078851455,2026-08-14 23:36:23.324593008,459.8658924099089,23,23:36:23,3
ORD-14456,12.961572087470628,77.59351409955751,2026-08-14 19:06:11.643833105,644.3406505843122,19,19:06:11,2
ORD-14457,12.93597236953279,77.55294843333296,2026-08-14 18:44:58.478123635,769.979133227646,18,18:44:58,2
ORD-14458,12.923666778747156,77.77134343819561,2026-08-14 19:36:32.893438507,503.977112938303,19,19:36:32,1
ORD-14459,12.984819911603983,77.65596813195535,2026-08-14 20:05:47.159177786,456.4495997314624,20,20:05:47,4
ORD-14460,13.016803471607092,77.74192511596303,2026-08-14 23:34:39.178021127,311.4814489260881,23,23:34:39,1
ORD-14461,12.988153374764964,77.5835188794984,2026-08-14 22:54:52.980655216,263.4617325880853,22,22:54:52,2
ORD-14462,13.050318343652354,77.68101551436183,2026-08-14 21:20:46.224485290,213.90376055338487,21,21:20:46,5
ORD-14463,12.94113897818002,77.63151381747068,2026-08-14 16:25:19.319107378,360.6232560714798,16,16:25:19,4
ORD-14464,12.967169760054094,77.63038522464899,2026-08-14 15:46:47.803398628,166.37178040303274,15,15:46:47,4
ORD-14465,13.024351980597451,77.67322232258094,2026-08-14 20:36:04.164703215,641.8244930610168,20,20:36:04,4
ORD-14466,12.951342989152458,77.60645977973616,2026-08-14 22:12:02.368850406,543.4644365990137,22,22:12:02,2
ORD-14467,12.99667322956698,77.67862395405164,2026-08-14 19:48:03.896559125,442.2539227972829,19,19:48:03,4
ORD-14468,12.929049253318546,77.63664708425839,2026-08-14 23:59:59.000000000,646.4075971141185,23,23:59:59,4
ORD-14469,12.990309008199738,77.58550423351741,2026-08-14 17:17:38.030605976,319.32658838950874,17,17:17:38,5
ORD-14470,13.014417682035116,77.58180305965655,2026-08-14 16:58:44.832454540,357.0028416953168,16,16:58:44,5
ORD-14471,12.970891766738244,77.67110554060045,2026-08-14 18:20:21.471229731,189.93100795473828,18,18:20:21,4
ORD-14472,12.92281732441002,77.62748689215282,2026-08-14 18:14:39.325081279,596.1530542530318,18,18:14:39,3
ORD-14473,13.01913020484178,77.7506726598276,2026-08-14 21:18:56.572818138,358.44880705360896,21,21:18:56,1
ORD-14474,12.857274377245863,77.62295617857473,2026-08-14 18:56:44.593333408,482.35434199137353,18,18:56:44,3
ORD-14475,12.947229724733166,77.62488449050531,2026-08-14 16:07:49.435848492,630.3864600862016,16,16:07:49,4
ORD-14476,12.994166640053916,77.80149901218583,2026-08-14 22:13:44.206110256,685.6276133249131,22,22:13:44,1
ORD-14477,13.001563630527745,77.78815854992803,2026-08-14 15:36:00.432665351,475.62804727641446,15,15:36:00,1
ORD-14478,12.94818161339518,77.62273952735617,2026-08-14 17:19:19.035992904,537.6356154407034,17,17:19:19,4
ORD-14479,13.04049579512761,77.57049725319771,2026-08-14 15:56:35.640863305,344.4224630934509,15,15:56:35,5
ORD-14480,12.998190840210448,77.60527274680796,2026-08-14 20:31:04.091493638,732.50600145113,20,20:31:04,5
ORD-14481,12.941781006423252,77.60496701551742,2026-08-14 20:27:54.429409361,455.0774159550951,20,20:27:54,2
ORD-14482,12.996656864564509,77.62651125433904,2026-08-14 23:59:59.000000000,492.042742780218,23,23:59:59,5
ORD-14483,12.93793831527294,77.6098089034039,2026-08-14 22:17:04.439905310,418.9720391605161,22,22:17:04,2
ORD-14484,12.911205589998078,77.57238772103753,2026-08-14 23:36:14.815650080,659.8873497620634,23,23:36:14,2
ORD-14485,12.884094228956354,77.58381848719155,2026-08-14 20:43:17.486861686,509.9390884624784,20,20:43:17,3
ORD-14486,12.953455830612338,77.6648274782074,2026-08-14 17:33:27.613610185,594.1401866120436,17,17:33:27,4
ORD-14487,12.918237767954365,77.76231863759728,2026-08-14 20:19:12.968417941,533.0937209968323,20,20:19:12,1
ORD-14488,12.994615563498018,77.61901798931548,2026-08-14 21:28:51.789066486,446.93859251759926,21,21:28:51,5
ORD-14489,12.94980442966487,77.55780348436919,2026-08-14 21:45:34.266440263,619.4202841949387,21,21:45:34,2
ORD-14490,12.997788258037165,77.72945770880942,2026-08-14 18:49:08.290703025,531.7974291863071,18,18:49:08,1
ORD-14491,12.905541261702655,77.53240038193553,2026-08-14 21:13:19.078264042,335.85314087291493,21,21:13:19,2
ORD-14492,13.004729297649822,77.62333179824091,2026-08-14 17:40:02.748262429,331.6182924285929,17,17:40:02,5
ORD-14493,13.035991024549846,77.54353466705254,2026-08-14 17:23:30.501653004,502.3240093547451,17,17:23:30,5
ORD-14494,12.958927921241717,77.58678078147737,2026-08-14 17:12:37.937597531,616.1186853581441,17,17:12:37,2
ORD-14495,12.90073262924648,77.69102154197259,2026-08-14 20:03:41.633897011,725.9130822759605,20,20:03:41,4
ORD-14496,12.946972724456176,77.62057734868493,2026-08-14 17:03:19.472804313,213.4179813628796,17,17:03:19,4
ORD-14497,12.954873229172891,77.6381560267508,2026-08-14 18:56:17.300491161,483.84897736480815,18,18:56:17,4
ORD-14498,12.979670018989408,77.76317359966612,2026-08-14 22:15:26.248962726,553.4471493262495,22,22:15:26,1
ORD-14499,12.979317920682918,77.74818285744284,2026-08-14 17:25:37.832897295,524.3503702492145,17,17:25:37,1
ORD-14500,13.024494909343876,77.54865688037202,2026-08-14 18:44:21.191698461,631.3990657550564,18,18:44:21,5
ORD-14501,13.00735103364054,77.62338198045407,2026-08-14 20:10:44.681490986,578.3300964737253,20,20:10:44,5
ORD-14502,12.99424396924653,77.7890942799674,2026-08-14 20:37:01.982113790,332.174972462949,20,20:37:01,1
ORD-14503,12.931959021165609,77.55908590734606,2026-08-14 18:45:06.384682750,327.7812466963903,18,18:45:06,2
ORD-14504,12.969069756909994,77.55990820238314,2026-08-14 21:58:01.740618616,526.8682284227586,21,21:58:01,2
ORD-14505,12.944184927654968,77.70651531141587,2026-08-14 21:28:34.070707063,628.5758136633788,21,21:28:34,1
ORD-14506,12.899892929954468,77.58921817071058,2026-08-14 22:50:58.709439255,501.5126329429043,22,22:50:58,3
ORD-14507,12.851985055952552,77.64900776689488,2026-08-14 19:47:45.582680876,243.31003956475823,19,19:47:45,3
ORD-14508,13.049311265030171,77.61581830177236,2026-08-14 18:43:04.630714893,322.92428770255907,18,18:43:04,5
ORD-14509,12.920797661521302,77.58098387615132,2026-08-14 18:17:36.311801891,583.7273783797996,18,18:17:36,2
ORD-14510,12.920465494619538,77.62765145543534,2026-08-14 20:46:03.247661364,427.7032363624301,20,20:46:03,3
ORD-14511,12.970304716707435,77.56516330493606,2026-08-14 19:03:25.597954699,497.6935954804932,19,19:03:25,2
ORD-14512,12.994101093613176,77.57244960175015,2026-08-14 18:34:37.472000873,639.8127058727637,18,18:34:37,5
ORD-14513,12.9417416040118,77.6065580830439,2026-08-14 18:52:45.414621792,299.6686428570067,18,18:52:45,2
ORD-14514,13.0381291135273,77.60653026097368,2026-08-14 18:17:26.785633882,417.8636016147069,18,18:17:26,5
ORD-14515,12.957203306198586,77.7413302480548,2026-08-14 20:29:51.190014865,401.5690779939084,20,20:29:51,1
ORD-14516,12.972996734308191,77.55460232567512,2026-08-14 16:28:06.751357103,533.31038047918,16,16:28:06,2
ORD-14517,12.901059566620871,77.52042696107829,2026-08-14 20:45:27.146632275,595.9332267407988,20,20:45:27,2
ORD-14518,12.902895808556906,77.62778672685812,2026-08-14 21:41:28.938843627,257.9598814651828,21,21:41:28,3
ORD-14519,12.94570612672496,77.55522346067512,2026-08-14 18:32:52.087756404,479.1695461250596,18,18:32:52,2
ORD-14520,12.923097590393452,77.60261934827876,2026-08-14 23:59:59.000000000,610.3993656069317,23,23:59:59,3
ORD-14521,12.965898073231832,77.57241739739777,2026-08-14 20:02:38.591798792,201.78203228087463,20,20:02:38,2
ORD-14522,12.913474359923311,77.56397328257579,2026-08-14 16:05:47.913152101,470.34113378405897,16,16:05:47,2
ORD-14523,12.94931443043122,77.60068382338358,2026-08-14 19:17:48.813842970,297.6323338825158,19,19:17:48,2
ORD-14524,13.11656908797074,77.57097050290831,2026-08-14 20:09:23.905304422,383.76496446757005,20,20:09:23,5
ORD-14525,12.95866500785685,77.74819057212187,2026-08-14 21:07:20.708000132,120.0,21,21:07:20,1
ORD-14526,12.89254259479746,77.64853825312332,2026-08-14 19:21:23.125283002,688.910117813254,19,19:21:23,3
ORD-14527,12.844919011934271,77.56431292903675,2026-08-14 17:28:15.867518660,426.6256308894731,17,17:28:15,3
ORD-14528,13.0002409807712,77.5843066992064,2026-08-14 17:15:45.174436989,358.9212203946129,17,17:15:45,5
ORD-14529,12.90647063644024,77.63992648640536,2026-08-14 18:21:57.606433365,529.2400568185725,18,18:21:57,3
ORD-14530,13.0015220132389,77.75737224058253,2026-08-14 18:36:20.021737331,323.6534650969126,18,18:36:20,1
ORD-14531,12.90715728740655,77.64046711617031,2026-08-14 17:09:45.232515907,309.4133206678059,17,17:09:45,3
ORD-14532,12.921128274490382,77.65058154086628,2026-08-14 18:10:04.681550067,706.5493754720591,18,18:10:04,4
ORD-14533,13.02171406096998,77.6588048135509,2026-08-14 21:38:55.126719954,751.2994542490198,21,21:38:55,5
ORD-14534,12.975487361561848,77.53384931220683,2026-08-14 23:59:59.000000000,391.1904491576277,23,23:59:59,2
ORD-14535,13.057062600486542,77.57821564131713,2026-08-14 21:53:19.155424839,640.1032064874269,21,21:53:19,5
ORD-14536,12.995923063463888,77.74876390991417,2026-08-14 23:15:52.749775681,533.406066598213,23,23:15:52,1
ORD-14537,12.888492039674832,77.5778281433488,2026-08-14 22:26:07.066214103,267.9253062434476,22,22:26:07,3
ORD-14538,12.990698771058527,77.65795783210623,2026-08-14 22:04:58.172955585,340.7802159225323,22,22:04:58,4
ORD-14539,13.003225443058216,77.62644086673052,2026-08-14 19:09:19.833632484,712.6649698795403,19,19:09:19,5
ORD-14540,12.94527718674361,77.61514829520206,2026-08-14 20:21:08.197905483,265.9807450763735,20,20:21:08,4
ORD-14541,12.961552122890977,77.5581339573633,2026-08-14 18:56:54.425917896,822.1499007112288,18,18:56:54,2
ORD-14542,12.938140356682352,77.59687636917899,2026-08-14 19:27:08.035538997,394.29567361323313,19,19:27:08,2
ORD-14543,12.985266812275746,77.7559503576643,2026-08-14 20:10:13.503903479,717.1222359439851,20,20:10:13,1
ORD-14544,12.97986887152865,77.80862954788915,2026-08-14 21:47:02.095364211,434.16543080357445,21,21:47:02,1
ORD-14545,13.034479871758204,77.62348544509986,2026-08-14 21:03:29.910433636,599.9855387251727,21,21:03:29,5
ORD-14546,13.007002831242996,77.67023159742533,2026-08-14 19:35:43.536632871,689.2549710181033,19,19:35:43,4
ORD-14547,12.95696093944592,77.59936591245679,2026-08-14 20:08:19.848668025,688.4930726521515,20,20:08:19,2
ORD-14548,12.924637506944874,77.56396032977895,2026-08-14 21:05:01.173067742,392.34517038105446,21,21:05:01,2
ORD-14549,13.053262004033757,77.60660610621647,2026-08-14 21:40:06.549942521,351.39178501513106,21,21:40:06,5
ORD-14550,12.928718479380466,77.61885181758849,2026-08-14 16:12:09.043530685,467.81819853732975,16,16:12:09,3
ORD-14551,12.892927881215146,77.6817201997906,2026-08-14 17:18:23.499324910,284.92805684490327,17,17:18:23,3
ORD-14552,12.96676176407791,77.62202781071218,2026-08-14 22:46:05.794805454,515.8896263415838,22,22:46:05,4
ORD-14553,12.92269446442639,77.5997213925337,2026-08-14 19:50:52.173870620,356.88050215837274,19,19:50:52,3
ORD-14554,13.024829793122231,77.59815627015415,2026-08-14 18:56:23.310659697,642.4064660314373,18,18:56:23,5
ORD-14555,12.976641081569271,77.5952341467169,2026-08-14 19:20:28.504743666,394.4831375672792,19,19:20:28,2
ORD-14556,12.978970843944552,77.59718909139721,2026-08-14 19:20:26.652249811,218.66115457799697,19,19:20:26,2
ORD-14557,12.915567234048334,77.66132024789914,2026-08-14 21:23:41.440033719,690.1372164253944,21,21:23:41,4
ORD-14558,12.93304537917645,77.62269706010159,2026-08-14 17:13:47.852454173,507.5052004997795,17,17:13:47,4
ORD-14559,12.946505198008396,77.633614761743,2026-08-14 20:03:42.999718471,484.370233563011,20,20:03:42,4
ORD-14560,12.96855519134541,77.58642810994827,2026-08-14 20:36:55.059565054,644.1592177419315,20,20:36:55,2
ORD-14561,12.96450453360806,77.75898398308121,2026-08-14 20:59:26.411249090,610.7364753447235,20,20:59:26,1
ORD-14562,12.893279591870243,77.56841664584823,2026-08-14 20:33:25.775965893,365.72196839843616,20,20:33:25,3
ORD-14563,12.939142283863898,77.62613386069566,2026-08-14 21:17:23.156072826,412.532759096076,21,21:17:23,4
ORD-14564,12.9800123207293,77.67845100181913,2026-08-14 18:34:05.734640475,313.0567124910993,18,18:34:05,4
ORD-14565,12.897937029479968,77.58679439817085,2026-08-14 17:38:43.775409075,260.3321917312777,17,17:38:43,3
ORD-14566,12.993398690794866,77.80307216130298,2026-08-14 23:59:59.000000000,566.7888802373084,23,23:59:59,1
ORD-14567,12.9603471604061,77.63468196905573,2026-08-14 19:14:48.617838832,538.8276465062522,19,19:14:48,4
ORD-14568,12.958528988619392,77.64808190920176,2026-08-14 19:32:19.909764109,594.1243817283774,19,19:32:19,4
ORD-14569,12.895429999770046,77.58964795773771,2026-08-14 21:41:40.560879461,672.2408162243914,21,21:41:40,3
ORD-14570,13.022670634796604,77.5873425130957,2026-08-14 23:59:24.803629748,596.1712192388509,23,23:59:24,5
ORD-14571,12.92113063248916,77.60161192426659,2026-08-14 18:38:19.246947588,609.5189214457887,18,18:38:19,3
ORD-14572,12.85421491765376,77.62522065620321,2026-08-14 17:30:10.662586294,168.3058112741794,17,17:30:10,3
ORD-14573,13.046362717572851,77.57906273131917,2026-08-14 16:53:40.619842876,433.9522137112509,16,16:53:40,5
ORD-14574,12.995387706789035,77.56617877390764,2026-08-14 23:58:57.955993526,624.6864742004981,23,23:58:57,5
ORD-14575,12.996546566564744,77.81903836705663,2026-08-14 17:24:17.037121851,304.7686895692175,17,17:24:17,1
ORD-14576,13.018185166931689,77.70294788983092,2026-08-14 19:55:51.996571360,493.7507074256645,19,19:55:51,1
ORD-14577,12.965111955869274,77.60128931684667,2026-08-14 17:33:24.436511613,557.9196660920259,17,17:33:24,2
ORD-14578,12.958020652812191,77.624630854071,2026-08-14 16:22:44.796738375,546.428024075773,16,16:22:44,4
ORD-14579,12.94131234324494,77.64367386817572,2026-08-14 19:16:08.621822157,535.319446193745,19,19:16:08,4
ORD-14580,12.924468912505208,77.58006252406472,2026-08-14 17:39:19.920002930,569.8369078568363,17,17:39:19,2
ORD-14581,12.986049231013252,77.76987980888335,2026-08-14 18:16:15.344171190,507.1115842392329,18,18:16:15,1
ORD-14582,13.076967899736548,77.55204698085717,2026-08-14 23:59:59.000000000,260.560768891348,23,23:59:59,5
ORD-14583,13.03650095689314,77.5596191468438,2026-08-14 21:03:44.064937551,556.043330310524,21,21:03:44,5
ORD-14584,12.914817020232782,77.60218386493118,2026-08-14 22:19:43.225675986,522.7119840830616,22,22:19:43,3
ORD-14585,12.976763769113406,77.61280899891614,2026-08-14 22:03:41.936065643,262.53773237168195,22,22:03:41,4
ORD-14586,12.91774485723774,77.67669468656497,2026-08-14 19:44:52.251692289,686.9602816629856,19,19:44:52,4
ORD-14587,12.93060869460073,77.60941496129584,2026-08-14 18:54:02.534765601,560.075654962206,18,18:54:02,3
ORD-14588,12.892942181731868,77.65638919619911,2026-08-14 20:37:20.411506750,272.9477518533812,20,20:37:20,3
ORD-14589,12.886519663462163,77.65968919287486,2026-08-14 20:25:16.056929392,357.41622540417745,20,20:25:16,3
ORD-14590,13.028434531049424,77.52631848366237,2026-08-14 18:34:40.751245512,395.39219373807305,18,18:34:40,5
ORD-14591,12.938433351064964,77.61051062282074,2026-08-14 20:19:28.630474202,395.2854841799027,20,20:19:28,2
ORD-14592,12.869686861934897,77.54403755614261,2026-08-14 18:14:03.032639732,523.9575283227663,18,18:14:03,3
ORD-14593,12.996922763748795,77.8206719738449,2026-08-14 19:34:16.878624232,333.5472373412607,19,19:34:16,1
ORD-14594,13.001393734994473,77.76132713653796,2026-08-14 19:09:42.448729344,649.2205120682902,19,19:09:42,1
ORD-14595,12.915853366642912,77.66899320201269,2026-08-14 16:49:40.146666548,636.8705177051987,16,16:49:40,4
ORD-14596,12.991788372068518,77.58956050621666,2026-08-14 14:07:19.576081990,572.8975964399384,14,14:07:19,5
ORD-14597,12.86520047038914,77.5510634387855,2026-08-14 17:39:08.430750543,486.63626630907766,17,17:39:08,3
ORD-14598,13.016065834725593,77.7483529510729,2026-08-14 23:59:59.000000000,620.6171272727306,23,23:59:59,1
ORD-14599,12.976213466866056,77.68732721524651,2026-08-14 19:13:32.863961669,438.6078415793986,19,19:13:32,4
ORD-14600,12.908838388052404,77.61415817151347,2026-08-14 21:56:23.713448068,371.3266707925186,21,21:56:23,3
ORD-14601,13.043074343417745,77.58304927863801,2026-08-14 14:41:19.993712160,658.5164468429612,14,14:41:19,5
ORD-14602,12.891593583059452,77.5554401552589,2026-08-14 17:28:45.425388321,527.6314135528514,17,17:28:45,2
ORD-14603,13.012091315008153,77.75856746168613,2026-08-14 16:36:49.593443739,377.39135391279126,16,16:36:49,1
ORD-14604,13.057225488243445,77.56553941661929,2026-08-14 19:29:39.299909216,417.3386449437632,19,19:29:39,5
ORD-14605,12.824516178010978,77.56459134925903,2026-08-14 23:59:59.000000000,369.5358024352098,23,23:59:59,3
ORD-14606,13.005470030595108,77.60921542940197,2026-08-14 21:09:02.150489051,783.3262288242906,21,21:09:02,5
ORD-14607,13.050200329978864,77.64883081061663,2026-08-14 23:59:59.000000000,480.61476561757866,23,23:59:59,5
ORD-14608,13.074158605578424,77.66070693933688,2026-08-14 19:21:50.069450829,503.6656966880503,19,19:21:50,5
ORD-14609,12.947753981684954,77.76217706273422,2026-08-14 23:24:43.824364696,588.1828571792911,23,23:24:43,1
ORD-14610,13.03212235098172,77.81403469087124,2026-08-14 23:59:59.000000000,297.6958526089492,23,23:59:59,1
ORD-14611,12.915063192118492,77.63336142934948,2026-08-14 19:43:35.678402306,644.4820899429335,19,19:43:35,3
ORD-14612,12.921575659211513,77.6234634018642,2026-08-14 18:39:06.617598954,388.823080381822,18,18:39:06,3
ORD-14613,12.989567414466956,77.62589298089406,2026-08-14 16:42:19.701567089,754.5024429172723,16,16:42:19,4
ORD-14614,12.911841558097397,77.63710458329471,2026-08-14 19:13:38.457672807,433.1011904978111,19,19:13:38,3
ORD-14615,12.98441106609771,77.75284003411474,2026-08-14 20:12:17.070076807,635.6460022144779,20,20:12:17,1
ORD-14616,13.042055029351758,77.59091648023356,2026-08-14 23:59:59.000000000,120.0,23,23:59:59,5
ORD-14617,12.962758422487925,77.60866796058077,2026-08-14 16:45:45.234233135,303.73003858710445,16,16:45:45,2
ORD-14618,12.935391389849954,77.71462932888944,2026-08-14 20:08:56.957043273,435.9589261503561,20,20:08:56,1
ORD-14619,12.918996895404067,77.60868929934368,2026-08-14 15:27:51.226907493,175.38255028126633,15,15:27:51,3
ORD-14620,12.933082009486178,77.5603897356457,2026-08-14 18:55:59.134540453,570.1326673262106,18,18:55:59,2
ORD-14621,13.044953150885403,77.58542163181671,2026-08-14 20:46:42.558216708,526.9437188154374,20,20:46:42,5
ORD-14622,12.966017026107844,77.63615704522735,2026-08-14 21:16:53.248374197,331.3758525210184,21,21:16:53,4
ORD-14623,12.905565263439176,77.61820315702163,2026-08-14 21:28:21.207716777,477.6062055203252,21,21:28:21,3
ORD-14624,12.973926682083349,77.56296294732087,2026-08-14 20:59:36.636295982,600.9715844884688,20,20:59:36,2
ORD-14625,12.930692994357653,77.6076338880837,2026-08-14 21:27:03.797460866,164.5425724695039,21,21:27:03,3
ORD-14626,12.984744428935173,77.72709022704414,2026-08-14 20:06:51.652161024,288.9766475648015,20,20:06:51,1
ORD-14627,12.97546174016058,77.63337381488459,2026-08-14 17:22:49.203246099,429.73675511649833,17,17:22:49,4
ORD-14628,12.883804755656389,77.56357082138362,2026-08-14 15:22:15.087326879,483.55854399487134,15,15:22:15,3
ORD-14629,12.926399055242957,77.553626811443,2026-08-14 18:37:59.809604365,471.2082867597685,18,18:37:59,2
ORD-14630,12.956036315076243,77.5752949109947,2026-08-14 19:39:48.461102431,613.3942178153566,19,19:39:48,2
ORD-14631,12.959373662933976,77.77164012561587,2026-08-14 23:08:05.386174579,551.5816868483096,23,23:08:05,1
ORD-14632,13.0503830671192,77.58350543570131,2026-08-14 19:44:54.584923594,584.4952260856589,19,19:44:54,5
ORD-14633,12.934582330611429,77.58665008654081,2026-08-14 19:30:30.878692050,271.51864007934523,19,19:30:30,2
ORD-14634,12.927351566555814,77.61712078484709,2026-08-14 20:57:49.744141576,501.72357821990704,20,20:57:49,3
ORD-14635,13.056639960216494,77.6691258816376,2026-08-14 19:19:29.892112939,433.9286236143085,19,19:19:29,5
ORD-14636,13.056622782112925,77.73260629034779,2026-08-14 22:01:34.877990522,699.3107822503151,22,22:01:34,1
ORD-14637,12.913626169108916,77.56347559821532,2026-08-14 23:59:59.000000000,506.15934560668495,23,23:59:59,2
ORD-14638,13.007465161926865,77.66356696020318,2026-08-14 23:59:59.000000000,379.6419097925957,23,23:59:59,4
ORD-14639,13.01752879985554,77.66417484550504,2026-08-14 20:14:33.365645200,607.875191393256,20,20:14:33,4
ORD-14640,12.884382320876202,77.54602858380743,2026-08-14 20:50:32.031282259,564.4946693796971,20,20:50:32,2
ORD-14641,12.95785690726418,77.74776875274122,2026-08-14 23:56:49.705083361,356.759749103928,23,23:56:49,1
ORD-14642,12.960208055235752,77.59867696460151,2026-08-14 19:37:30.341793934,427.72654458462375,19,19:37:30,2
ORD-14643,12.92062896599296,77.61983394677186,2026-08-14 21:41:52.729277318,430.2830310587458,21,21:41:52,3
ORD-14644,12.905432797807537,77.5780871192636,2026-08-14 17:09:43.558832828,664.1191638419306,17,17:09:43,3
ORD-14645,12.885521297218943,77.64607593620018,2026-08-14 19:13:22.447665525,510.4862810817663,19,19:13:22,3
ORD-14646,12.852614227522553,77.66670755441058,2026-08-14 22:53:25.031549808,589.0173717840257,22,22:53:25,3
ORD-14647,12.957795202103922,77.72296219877627,2026-08-14 18:12:16.239295911,406.0092418304876,18,18:12:16,1
ORD-14648,12.953791575174405,77.63488258044515,2026-08-14 19:40:47.539391433,530.2200436709162,19,19:40:47,4
ORD-14649,12.974317135456138,77.64206482172759,2026-08-14 16:03:52.113189581,675.5041354394486,16,16:03:52,4
ORD-14650,12.973240222140264,77.56442258479996,2026-08-14 23:59:59.000000000,425.8384852124029,23,23:59:59,2
ORD-14651,12.898335931047916,77.57820904789914,2026-08-14 23:09:27.252628352,497.2732205756664,23,23:09:27,3
ORD-14652,13.014462355592531,77.58117826933767,2026-08-14 20:28:12.896095375,275.5040615643589,20,20:28:12,5
ORD-14653,13.065389229487373,77.61575499298709,2026-08-14 21:16:07.615848741,365.16628651349583,21,21:16:07,5
ORD-14654,12.93961925723427,77.72945646265083,2026-08-14 20:59:23.082962490,429.8335662003265,20,20:59:23,1
ORD-14655,12.980483619178516,77.59735810729605,2026-08-14 23:27:38.805777277,320.87410365724185,23,23:27:38,2
ORD-14656,13.040170366356842,77.56961105497857,2026-08-14 18:42:10.799618658,678.296051628277,18,18:42:10,5
ORD-14657,12.960611673457946,77.59298433196105,2026-08-14 21:49:50.408579354,354.29894696377306,21,21:49:50,2
ORD-14658,12.907799672139587,77.59088435661056,2026-08-14 22:41:36.748489670,598.0197888175868,22,22:41:36,3
ORD-14659,12.926619566787211,77.5805341906923,2026-08-14 23:02:17.933734288,508.0254356297215,23,23:02:17,2
ORD-14660,12.943226985550549,77.56173313997043,2026-08-14 14:21:05.662045515,484.62779227656944,14,14:21:05,2
ORD-14661,12.913873218378404,77.64312955720399,2026-08-14 18:30:06.529695614,702.9245467447736,18,18:30:06,3
ORD-14662,13.02432850227093,77.56919286699022,2026-08-14 17:27:07.464408283,140.90995546086305,17,17:27:07,5
ORD-14663,13.111060877766592,77.56183532987525,2026-08-14 20:22:26.294570136,450.5692654765343,20,20:22:26,5
ORD-14664,13.073724198316476,77.57174062410945,2026-08-14 14:57:35.728024372,317.9429495151837,14,14:57:35,5
ORD-14665,12.88611768555455,77.58403353451254,2026-08-14 14:53:09.393981490,185.78693863004435,14,14:53:09,3
ORD-14666,12.933364330512282,77.64479902598617,2026-08-14 23:59:59.000000000,300.79023993634627,23,23:59:59,4
ORD-14667,13.059245381326669,77.56396052446281,2026-08-14 21:32:39.204494370,482.5856302504606,21,21:32:39,5
ORD-14668,12.881961924937109,77.57801764573227,2026-08-14 20:18:09.083188789,371.1979306190332,20,20:18:09,3
ORD-14669,12.912702595916508,77.60274455385333,2026-08-14 20:54:33.053830551,614.4920384737723,20,20:54:33,3
ORD-14670,12.936543858827555,77.75943612929221,2026-08-14 20:21:57.068313743,447.9231228088004,20,20:21:57,1
ORD-14671,13.007089908291736,77.56523495883576,2026-08-14 22:29:36.155908964,431.28924679185855,22,22:29:36,5
ORD-14672,12.901427086257875,77.62968815496136,2026-08-14 18:25:08.002271424,431.9578574240861,18,18:25:08,3
ORD-14673,12.915641429789211,77.64791375686013,2026-08-14 20:27:59.533434662,465.22583908056913,20,20:27:59,3
ORD-14674,12.944651005262733,77.8141241862652,2026-08-14 20:34:06.791411439,417.22821975858704,20,20:34:06,1
ORD-14675,12.939967124040727,77.56119919678231,2026-08-14 17:22:58.278373875,352.31194536537555,17,17:22:58,2
ORD-14676,12.914595790518575,77.60651700865522,2026-08-14 23:11:32.847531567,628.3777325964054,23,23:11:32,3
ORD-14677,13.02644623831871,77.59639371473395,2026-08-14 18:53:08.909340887,386.3857424416581,18,18:53:08,5
ORD-14678,12.893222041533916,77.59044188050761,2026-08-14 22:32:36.795028280,422.4710075480721,22,22:32:36,3
ORD-14679,12.916050921163508,77.60061116075737,2026-08-14 20:17:14.214537343,544.4107620135467,20,20:17:14,3
ORD-14680,12.917607025901331,77.73600620607417,2026-08-14 23:59:59.000000000,527.8111869235879,23,23:59:59,1
ORD-14681,12.931715726088528,77.6025165757722,2026-08-14 17:23:47.588203306,345.9842906480925,17,17:23:47,2
ORD-14682,12.951937142116668,77.61507929500637,2026-08-14 17:17:17.170786406,593.247291616612,17,17:17:17,4
ORD-14683,12.96705646550947,77.75806895553977,2026-08-14 17:44:08.739680961,560.6505509757607,17,17:44:08,1
ORD-14684,12.960163040092777,77.58226140297432,2026-08-14 20:19:59.659954629,506.69622512808814,20,20:19:59,2
ORD-14685,13.004968759211526,77.73517971958873,2026-08-14 23:51:13.215562004,415.3024724127762,23,23:51:13,1
ORD-14686,12.90939584132628,77.70421911241108,2026-08-14 23:58:57.842563487,418.9903964217887,23,23:58:57,4
ORD-14687,12.998867701656852,77.64086512193687,2026-08-14 14:13:30.282596054,449.7304345497586,14,14:13:30,4
ORD-14688,13.011461871401805,77.51669226037147,2026-08-14 20:37:27.364451003,295.2252088308352,20,20:37:27,5
ORD-14689,12.950835699577995,77.62435147443894,2026-08-14 11:58:03.417505365,474.10973271045657,11,11:58:03,4
ORD-14690,12.961540696539656,77.73285195926591,2026-08-14 21:59:15.286144065,613.8153060670498,21,21:59:15,1
ORD-14691,12.880549079796928,77.7635108616548,2026-08-14 22:47:43.524734057,611.4556784751035,22,22:47:43,1
ORD-14692,12.98882789448982,77.80606645770565,2026-08-14 19:53:57.801527770,422.8722343085321,19,19:53:57,1
ORD-14693,12.944009175732877,77.56414428947771,2026-08-14 20:12:35.834197453,639.6124909088305,20,20:12:35,2
ORD-14694,12.876000542991244,77.73972516071932,2026-08-14 20:11:02.750036462,765.8856831794167,20,20:11:02,1
ORD-14695,12.959438912337175,77.56148812482326,2026-08-14 18:02:20.022731329,432.5688697105759,18,18:02:20,2
ORD-14696,13.046620568649027,77.58561918074737,2026-08-14 21:04:45.352067893,583.7272059648253,21,21:04:45,5
ORD-14697,12.9767447299501,77.54689139217965,2026-08-14 19:25:17.327985121,140.57850559638115,19,19:25:17,2
ORD-14698,12.945252712081135,77.55522380718016,2026-08-14 22:19:32.625383607,291.27799077270134,22,22:19:32,2
ORD-14699,13.00267942842546,77.66615498616824,2026-08-14 19:42:57.357589327,493.668154400028,19,19:42:57,4
ORD-14700,12.982775199851778,77.58880109484313,2026-08-14 17:50:50.792041606,328.9900406222418,17,17:50:50,2
ORD-14701,12.94081967414041,77.64423357957853,2026-08-14 16:09:37.217962210,785.8803067083672,16,16:09:37,4
ORD-14702,12.93207985734156,77.57981452537028,2026-08-14 15:20:23.416574499,569.681953094483,15,15:20:23,2
ORD-14703,12.887880633865535,77.60674361039095,2026-08-14 23:16:52.584095590,624.8747470287195,23,23:16:52,3
ORD-14704,12.964462511259152,77.73016652924635,2026-08-14 18:51:19.895824269,475.6460390759119,18,18:51:19,1
ORD-14705,12.99653808773004,77.7484278161646,2026-08-14 20:50:47.167710735,329.5187970204522,20,20:50:47,1
ORD-14706,12.989628173153127,77.52939916988163,2026-08-14 23:59:59.000000000,402.1784576737679,23,23:59:59,2
ORD-14707,12.89568628572034,77.70825543031684,2026-08-14 18:35:34.761018319,518.157071943954,18,18:35:34,4
ORD-14708,13.061097187087649,77.60360143196912,2026-08-14 18:25:52.702640570,384.3126992386483,18,18:25:52,5
ORD-14709,12.910241867548498,77.60144124710185,2026-08-14 19:40:10.544228802,580.67879875908,19,19:40:10,3
ORD-14710,13.010651859417568,77.73282914903338,2026-08-14 20:04:24.894303780,586.7122453806958,20,20:04:24,1
ORD-14711,12.99179221437395,77.58240502173979,2026-08-14 23:59:59.000000000,480.7471955909383,23,23:59:59,5
ORD-14712,13.037705482114228,77.77598009776524,2026-08-14 23:54:52.385346847,206.1547369474501,23,23:54:52,1
ORD-14713,13.079394488513929,77.5765456578859,2026-08-14 21:33:07.878743161,737.2177400498938,21,21:33:07,5
ORD-14714,13.00863476393986,77.58365979011118,2026-08-14 23:37:24.723920972,448.0990714965723,23,23:37:24,5
ORD-14715,12.973651218837649,77.80722666847169,2026-08-14 19:33:16.028886889,886.3914972706555,19,19:33:16,1
ORD-14716,12.935102873013523,77.60171367059569,2026-08-14 20:44:52.481104696,577.8803544528292,20,20:44:52,2
ORD-14717,12.993730184048156,77.65900015332802,2026-08-14 19:14:46.377199152,448.5067384901915,19,19:14:46,4
ORD-14718,12.954022542741727,77.82301924352828,2026-08-14 16:46:26.684556783,547.1732814747006,16,16:46:26,1
ORD-14719,12.882577384013093,77.63396098860213,2026-08-14 23:00:34.872676142,177.10717243820824,23,23:00:34,3
ORD-14720,13.012327296195709,77.81653110763612,2026-08-14 21:19:45.288605909,633.921360485395,21,21:19:45,1
ORD-14721,12.879612051545228,77.59409089792386,2026-08-14 20:02:42.661260813,865.0411856294214,20,20:02:42,3
ORD-14722,12.987418007070657,77.55880362958794,2026-08-14 19:59:37.789356190,166.61497892349314,19,19:59:37,2
ORD-14723,12.913573938463584,77.7329092274651,2026-08-14 16:14:04.066161841,436.8886485261439,16,16:14:04,1
ORD-14724,12.94191978260178,77.6802278775777,2026-08-14 17:33:22.722001626,464.1992815812711,17,17:33:22,4
ORD-14725,12.928715692977438,77.60321162981774,2026-08-14 20:50:25.378531026,611.2842943744596,20,20:50:25,2
ORD-14726,12.938798647819372,77.5993358769153,2026-08-14 18:40:37.985994529,795.8963511248305,18,18:40:37,2
ORD-14727,13.05124339377596,77.5907704827217,2026-08-14 19:27:20.582629043,537.4323183893347,19,19:27:20,5
ORD-14728,12.848171986012863,77.57798344038127,2026-08-14 19:44:18.095416988,801.2687736323292,19,19:44:18,3
ORD-14729,12.98490948798436,77.63104741282918,2026-08-14 18:17:37.781078846,505.5648715326993,18,18:17:37,4
ORD-14730,12.923911725831251,77.66363589919308,2026-08-14 17:34:48.735119784,547.7135728194345,17,17:34:48,4
ORD-14731,12.895645917867087,77.61661281532004,2026-08-14 15:58:08.781321672,529.2353349240383,15,15:58:08,3
ORD-14732,12.921421544181092,77.59465178738469,2026-08-14 19:38:01.335488896,663.0449674507629,19,19:38:01,3
ORD-14733,12.931426698801555,77.57633071240024,2026-08-14 21:32:47.476928493,416.6518412834695,21,21:32:47,2
ORD-14734,12.920822993327494,77.75635172586577,2026-08-14 15:53:27.292720020,602.7430138142263,15,15:53:27,1
ORD-14735,12.88870768729705,77.63029652937838,2026-08-14 19:56:23.569574102,295.3805090615359,19,19:56:23,3
ORD-14736,13.019694753845254,77.58476418809533,2026-08-14 20:42:10.289274224,437.3243843022887,20,20:42:10,5
ORD-14737,12.928798090451014,77.74555542653782,2026-08-14 17:31:33.776366438,384.4884565591788,17,17:31:33,1
ORD-14738,12.94068101121725,77.7708078150921,2026-08-14 23:33:19.276303933,493.1942337926913,23,23:33:19,1
ORD-14739,12.911420393836702,77.66994171380826,2026-08-14 19:02:08.561678654,432.5880375894328,19,19:02:08,4
ORD-14740,12.957304635848708,77.60474218234316,2026-08-14 19:44:48.662803891,649.8200538685462,19,19:44:48,2
ORD-14741,12.960246317379058,77.6107367256793,2026-08-14 19:35:48.574494618,348.1997857242536,19,19:35:48,4
ORD-14742,12.93638849098078,77.61184980312774,2026-08-14 15:34:23.030196680,220.30260962834808,15,15:34:23,2
ORD-14743,13.00522595859474,77.69095458968484,2026-08-14 22:31:18.768645156,276.4074270432664,22,22:31:18,4
ORD-14744,12.96315268725169,77.65676778104499,2026-08-14 17:36:40.331084227,629.1252069451979,17,17:36:40,4
ORD-14745,12.96750617030325,77.64379395728172,2026-08-14 19:24:31.315361348,334.5663985025667,19,19:24:31,4
ORD-14746,12.89532498442764,77.68403400317958,2026-08-14 21:29:38.949011502,539.6766623281063,21,21:29:38,3
ORD-14747,12.998354378934446,77.61631421388402,2026-08-14 23:39:08.130835300,435.781874512788,23,23:39:08,5
ORD-14748,12.956825572967434,77.77143440785204,2026-08-14 17:18:00.609462928,603.6366082129882,17,17:18:00,1
ORD-14749,13.055078449231424,77.58993188759364,2026-08-14 18:53:01.647729650,445.3851442325085,18,18:53:01,5
ORD-14750,12.926049102054431,77.76069954167625,2026-08-14 23:27:21.767670064,894.6522774175704,23,23:27:21,1
ORD-14751,12.989100278836144,77.77540374018136,2026-08-14 21:09:33.424913479,764.7175523727758,21,21:09:33,1
ORD-14752,12.928825247032398,77.60061096980733,2026-08-14 21:40:40.542231464,432.7184729391461,21,21:40:40,2
ORD-14753,13.00639007138272,77.5969046974148,2026-08-14 17:22:19.814378014,412.1798116357521,17,17:22:19,5
ORD-14754,12.911627694497234,77.5765771316284,2026-08-14 19:03:07.114230661,949.8489226212693,19,19:03:07,2
ORD-14755,12.866791083863374,77.57652153615375,2026-08-14 19:34:49.481108576,318.1723558007116,19,19:34:49,3
ORD-14756,12.959295278195611,77.63639240577487,2026-08-14 17:51:18.947183913,471.74646781224766,17,17:51:18,4
ORD-14757,13.089023246054342,77.58779587800944,2026-08-14 15:48:48.873368935,483.36733795581415,15,15:48:48,5
ORD-14758,12.988655960706868,77.62234590617071,2026-08-14 18:43:25.512971128,479.6493153278139,18,18:43:25,4
ORD-14759,13.06039999529006,77.64586679218911,2026-08-14 23:23:08.593796260,219.19324192042103,23,23:23:08,5
ORD-14760,12.93505344873976,77.62427750636743,2026-08-14 20:08:52.561190044,554.4903614513911,20,20:08:52,4
ORD-14761,13.043700457458897,77.62951079514207,2026-08-14 23:26:08.618222160,334.4474862911525,23,23:26:08,5
ORD-14762,13.065237853851224,77.640005481933,2026-08-14 20:26:51.188228066,695.3983686253607,20,20:26:51,5
ORD-14763,12.970797294038956,77.62889454828657,2026-08-14 18:05:17.630433708,261.6052436348067,18,18:05:17,4
ORD-14764,12.94715341846254,77.59175521581952,2026-08-14 23:11:38.571119085,488.9198891063214,23,23:11:38,2
ORD-14765,12.994451015885716,77.67258778834321,2026-08-14 20:31:50.935266011,147.58190295721676,20,20:31:50,4
ORD-14766,12.939588076679966,77.56960322117108,2026-08-14 22:24:16.549491847,156.84244404889142,22,22:24:16,2
ORD-14767,12.954638287965242,77.654602977371,2026-08-14 17:19:45.046459915,354.0972062561051,17,17:19:45,4
ORD-14768,12.929886351974508,77.58083345099116,2026-08-14 22:35:48.806606531,375.2684876494458,22,22:35:48,2
ORD-14769,12.963450788784897,77.78317372717444,2026-08-14 22:40:20.003479898,699.8589619484153,22,22:40:20,1
ORD-14770,12.886794376693944,77.55123876921631,2026-08-14 20:43:27.904299209,473.91122456071525,20,20:43:27,3
ORD-14771,13.02258289975504,77.76789953392577,2026-08-14 17:58:57.701227712,673.8610351367331,17,17:58:57,1
ORD-14772,12.956435550088203,77.58681140592304,2026-08-14 19:53:05.920541586,423.0320107984985,19,19:53:05,2
ORD-14773,13.061613482221327,77.60663370406489,2026-08-14 21:31:41.620325144,570.9127774320498,21,21:31:41,5
ORD-14774,12.914348534775304,77.79984991949958,2026-08-14 20:35:11.130179429,371.1787024621649,20,20:35:11,1
ORD-14775,13.041353916326656,77.58313706118722,2026-08-14 21:30:09.744642970,360.9790396352098,21,21:30:09,5
ORD-14776,12.921970358890515,77.55396723330986,2026-08-14 22:31:50.213168876,206.8724791623158,22,22:31:50,2
ORD-14777,12.990566780987097,77.7591650022536,2026-08-14 18:22:43.980119653,530.3630990776912,18,18:22:43,1
ORD-14778,12.928407195368342,77.6692469822608,2026-08-14 17:06:44.319411359,519.3125122050225,17,17:06:44,4
ORD-14779,12.886764934335146,77.60361296332714,2026-08-14 19:54:22.150787650,596.5969330928779,19,19:54:22,3
ORD-14780,12.905449711083389,77.61474217570799,2026-08-14 19:10:32.311570171,512.2377430712093,19,19:10:32,3
ORD-14781,12.937561450884004,77.6395504733334,2026-08-14 21:57:52.617718405,783.929396579095,21,21:57:52,4
ORD-14782,12.95945592914132,77.56389254926958,2026-08-14 17:18:49.514493070,506.4041455016264,17,17:18:49,2
ORD-14783,13.028810243241963,77.8344074067126,2026-08-14 22:33:03.436867599,628.774007150718,22,22:33:03,1
ORD-14784,12.97481503351587,77.72351268715427,2026-08-14 23:23:02.508985920,431.3836375501346,23,23:23:02,1
ORD-14785,13.02144089458648,77.6993635012785,2026-08-14 20:00:02.744678361,343.7294948547917,20,20:00:02,1
ORD-14786,12.91618293363533,77.55853590320288,2026-08-14 20:09:06.625130232,587.6542755279954,20,20:09:06,2
ORD-14787,12.887316255734232,77.57309915184773,2026-08-14 18:04:52.081488929,466.6278018269489,18,18:04:52,3
ORD-14788,12.941353977228912,77.5950429062452,2026-08-14 18:38:36.051909233,604.8064568894431,18,18:38:36,2
ORD-14789,12.970751200868536,77.72825338967674,2026-08-14 18:58:44.969874189,532.9404812767021,18,18:58:44,1
ORD-14790,12.922232032519217,77.61642028612337,2026-08-14 23:36:26.460610541,361.04800098147655,23,23:36:26,3
ORD-14791,13.00674461213918,77.63560497096275,2026-08-14 19:49:13.162927703,641.1506816515542,19,19:49:13,5
ORD-14792,12.964064560927511,77.64500345442441,2026-08-14 16:41:40.443390240,349.3215069322998,16,16:41:40,4
ORD-14793,12.989803574391525,77.79857460896211,2026-08-14 20:38:18.189079008,573.7989394943257,20,20:38:18,1
ORD-14794,12.930621319208893,77.73343859127925,2026-08-14 22:03:56.611121600,672.2416667288779,22,22:03:56,1
ORD-14795,13.031515458010483,77.74099392247938,2026-08-14 19:56:11.297676106,422.3107742377263,19,19:56:11,1
ORD-14796,12.836670670853294,77.61739610798982,2026-08-14 23:40:22.920957543,653.3991680508473,23,23:40:22,3
ORD-14797,13.040522883555711,77.50540104088991,2026-08-14 21:56:37.578005393,539.6425251079788,21,21:56:37,5
ORD-14798,12.981887747396078,77.5995200637647,2026-08-14 17:22:37.841431009,607.7915667594395,17,17:22:37,2
ORD-14799,12.928099709031564,77.60219064591296,2026-08-14 18:37:17.104688432,354.4866463346121,18,18:37:17,2
ORD-14800,12.890107700327858,77.58703221528776,2026-08-14 20:33:56.036532821,512.1450348080622,20,20:33:56,3
ORD-14801,12.902472100725037,77.66249851682143,2026-08-14 15:50:04.296857761,268.7878034963245,15,15:50:04,3
ORD-14802,12.922736163416491,77.56463470692069,2026-08-14 20:50:27.210637236,736.6950772965695,20,20:50:27,2
ORD-14803,12.902488688059345,77.66636525775341,2026-08-14 15:35:45.758154708,177.90025176232393,15,15:35:45,3
ORD-14804,13.087047044538323,77.63846603645473,2026-08-14 22:33:30.901100081,426.7872270556725,22,22:33:30,5
ORD-14805,12.988835306870396,77.60474405146547,2026-08-14 22:16:05.463163125,340.2437108700567,22,22:16:05,5
ORD-14806,12.892642176370844,77.6158963305651,2026-08-14 21:15:43.032248236,581.2050622803357,21,21:15:43,3
ORD-14807,12.954464892882877,77.57690707618553,2026-08-14 18:18:37.094720829,768.5918918894878,18,18:18:37,2
ORD-14808,12.972196519670788,77.60014595187627,2026-08-14 20:25:31.825421522,578.2372648031288,20,20:25:31,2
ORD-14809,12.969757966760236,77.6137611240266,2026-08-14 18:42:59.602612368,924.1925545427029,18,18:42:59,4
ORD-14810,12.95468512918217,77.6459509425117,2026-08-14 17:25:22.662502949,273.308973516174,17,17:25:22,4
ORD-14811,12.90636401412742,77.64792475529516,2026-08-14 19:09:11.312894057,284.8223801207152,19,19:09:11,3
ORD-14812,12.936709390083356,77.63506760897916,2026-08-14 21:44:44.389828429,346.03286525769,21,21:44:44,4
ORD-14813,12.948882328325167,77.5620092158728,2026-08-14 20:06:34.327735486,498.1867042943859,20,20:06:34,2
ORD-14814,13.05250536030833,77.60461297235786,2026-08-14 23:37:36.389317210,325.9616437075125,23,23:37:36,5
ORD-14815,12.90027266719341,77.53255506484285,2026-08-14 21:54:52.024855322,367.2505868542462,21,21:54:52,2
ORD-14816,12.883452691943535,77.62476468009818,2026-08-14 21:38:48.217325151,573.0725285890932,21,21:38:48,3
ORD-14817,13.014336116487248,77.58513820090134,2026-08-14 15:58:39.661054990,294.12421753292733,15,15:58:39,5
ORD-14818,12.978661909056566,77.54362473034797,2026-08-14 19:17:13.573228603,310.0205980544847,19,19:17:13,2
ORD-14819,12.909755181099904,77.59759316100038,2026-08-14 17:20:20.648306092,420.2191870514892,17,17:20:20,3
ORD-14820,13.02643239684081,77.81976842252038,2026-08-14 19:32:32.974083385,434.33353937410186,19,19:32:32,1
ORD-14821,12.996104712889077,77.77741846534539,2026-08-14 18:16:00.514884692,631.5023575831974,18,18:16:00,1
ORD-14822,12.949487574900154,77.81815649704166,2026-08-14 19:03:21.555422479,344.9040378032819,19,19:03:21,1
ORD-14823,12.979169368902552,77.77985885925574,2026-08-14 22:39:10.464591365,371.95800238186536,22,22:39:10,1
ORD-14824,12.967906627143018,77.58521885944353,2026-08-14 21:11:17.249361052,567.250517441851,21,21:11:17,2
ORD-14825,12.993406479085865,77.64339032879084,2026-08-14 22:31:04.029860835,600.2091485675073,22,22:31:04,4
ORD-14826,12.967398141137464,77.61903648601108,2026-08-14 15:59:53.852018856,694.3086700689882,15,15:59:53,4
ORD-14827,12.905507171225192,77.60408299734925,2026-08-14 20:08:41.772269541,550.3680532297132,20,20:08:41,3
ORD-14828,12.97340378348626,77.72807249243849,2026-08-14 22:25:00.344832569,499.554608994274,22,22:25:00,1
ORD-14829,12.932838850698031,77.63664959611255,2026-08-14 23:45:56.663233984,566.2557610119231,23,23:45:56,4
ORD-14830,13.016729547521177,77.6018367461727,2026-08-14 16:07:47.204492768,439.88807911671785,16,16:07:47,5
ORD-14831,12.926964675645998,77.58951464061379,2026-08-14 19:07:16.647274549,438.7848608436782,19,19:07:16,2
ORD-14832,12.967377981320809,77.57100003835784,2026-08-14 22:35:08.040066043,213.88345315818697,22,22:35:08,2
ORD-14833,12.944356884225328,77.63311411972317,2026-08-14 19:31:09.495184697,614.0123935034001,19,19:31:09,4
ORD-14834,12.969701088899756,77.54920805853548,2026-08-14 17:43:26.240932472,511.7188417577621,17,17:43:26,2
ORD-14835,12.96567861431522,77.65052287346171,2026-08-14 16:07:30.007393536,596.5558899552459,16,16:07:30,4
ORD-14836,12.946155101499306,77.77476205225219,2026-08-14 17:37:41.686188031,120.0,17,17:37:41,1
ORD-14837,12.982921769020528,77.70517857491237,2026-08-14 15:46:39.884982926,472.9347438159681,15,15:46:39,1
ORD-14838,12.905312487990004,77.66433985057114,2026-08-14 20:08:46.144111506,351.6177740433551,20,20:08:46,3
ORD-14839,12.980629566479973,77.73024939689662,2026-08-14 22:14:26.791672008,705.204375723035,22,22:14:26,1
ORD-14840,12.948353343808956,77.62276121706596,2026-08-14 16:50:51.227169823,572.1325373225743,16,16:50:51,4
ORD-14841,12.962843216454282,77.61119129385797,2026-08-14 20:38:39.567670899,515.135311621584,20,20:38:39,4
ORD-14842,12.908838256066584,77.78990046502403,2026-08-14 22:06:47.439265013,415.2100545988464,22,22:06:47,1
ORD-14843,12.9691721785414,77.57993605918676,2026-08-14 19:59:35.625058365,539.581246519747,19,19:59:35,2
ORD-14844,12.939970895344729,77.59292166290498,2026-08-14 15:58:23.751345745,340.7721555932843,15,15:58:23,2
ORD-14845,12.960645147187073,77.73793316970442,2026-08-14 20:57:55.903991963,465.0411978471352,20,20:57:55,1
ORD-14846,12.912925802449871,77.65300314794267,2026-08-14 19:51:48.177497120,393.245491951887,19,19:51:48,3
ORD-14847,12.919788601036334,77.59621076612265,2026-08-14 19:36:31.458162592,819.9734482472537,19,19:36:31,3
ORD-14848,13.009109649967604,77.63353219347405,2026-08-14 18:37:58.464788156,700.4921634286261,18,18:37:58,5
ORD-14849,12.877376418390748,77.59780819792475,2026-08-14 20:13:01.086836466,639.4571225974246,20,20:13:01,3
ORD-14850,13.029038799403905,77.64933951657991,2026-08-14 21:16:28.361176023,256.4533466768763,21,21:16:28,5
ORD-14851,12.976517270176265,77.82462512610503,2026-08-14 23:59:59.000000000,609.623566842608,23,23:59:59,1
ORD-14852,13.044422178353198,77.5722134843524,2026-08-14 20:16:50.988615485,508.15000127129065,20,20:16:50,5
ORD-14853,12.959927303009326,77.71025986918393,2026-08-14 23:46:40.270440114,663.5190209274218,23,23:46:40,1
ORD-14854,12.96055779640055,77.63020966011379,2026-08-14 20:53:39.795750842,528.359264269041,20,20:53:39,4
ORD-14855,12.97455449524898,77.66695443749923,2026-08-14 19:45:04.245051170,478.9923500942545,19,19:45:04,4
ORD-14856,12.920702622667536,77.59143365017968,2026-08-14 20:22:16.927749402,515.0676444504838,20,20:22:16,2
ORD-14857,12.926090041104215,77.5523533625224,2026-08-14 16:56:44.372672767,209.15500625661824,16,16:56:44,2
ORD-14858,12.933673490639316,77.62252339082922,2026-08-14 20:45:52.742436768,364.8895091748304,20,20:45:52,4
ORD-14859,12.922015112388278,77.58814982814677,2026-08-14 15:01:11.414416608,536.0003308054908,15,15:01:11,2
ORD-14860,12.913315403432184,77.63819546503532,2026-08-14 17:50:36.002779003,650.9082537609873,17,17:50:36,3
ORD-14861,13.01242761619991,77.52012438084249,2026-08-14 20:16:28.587838204,397.4260325531823,20,20:16:28,5
ORD-14862,12.951680410078138,77.65907420474578,2026-08-14 22:59:05.840458610,473.87896802041,22,22:59:05,4
ORD-14863,12.985423098566548,77.72759193265863,2026-08-14 23:34:35.619572986,239.85113329869145,23,23:34:35,1
ORD-14864,12.930074576563486,77.76730741361231,2026-08-14 19:24:31.080783232,698.896622003064,19,19:24:31,1
ORD-14865,12.921551763352712,77.60569725803197,2026-08-14 20:23:21.455875774,647.0612598349682,20,20:23:21,3
ORD-14866,13.033586217004782,77.71686199670366,2026-08-14 22:27:39.262226238,577.8153927850798,22,22:27:39,1
ORD-14867,12.99732629573946,77.62561243667047,2026-08-14 16:40:34.557850264,541.0209281446336,16,16:40:34,5
ORD-14868,12.90735503330952,77.58832790709883,2026-08-14 21:00:42.727547840,712.8823597720195,21,21:00:42,3
ORD-14869,13.06938236268098,77.58422307385182,2026-08-14 17:55:48.964193708,359.24835130279246,17,17:55:48,5
ORD-14870,12.918182751056657,77.74424199138713,2026-08-14 19:34:13.574597910,343.0257665510012,19,19:34:13,1
ORD-14871,12.90519896691379,77.64171350403808,2026-08-14 18:51:08.790745551,639.2279679384643,18,18:51:08,3
ORD-14872,12.962268993562368,77.58753053572882,2026-08-14 21:05:18.223143433,629.1470072562187,21,21:05:18,2
ORD-14873,12.910496858070951,77.65098248627874,2026-08-14 21:22:32.733066082,300.97566208662715,21,21:22:32,3
ORD-14874,12.939740450259537,77.71212446524602,2026-08-14 22:13:39.708096577,400.2960177634701,22,22:13:39,1
ORD-14875,12.875345810387133,77.62242135145354,2026-08-14 20:52:13.789456180,733.3639696616084,20,20:52:13,3
ORD-14876,12.927420520183112,77.58615838893674,2026-08-14 20:25:44.883929720,541.7500992323855,20,20:25:44,2
ORD-14877,12.916777988864489,77.66354963344543,2026-08-14 23:59:59.000000000,598.0742277027258,23,23:59:59,4
ORD-14878,12.935707894507862,77.68168900868463,2026-08-14 16:11:20.768368225,306.14301862059654,16,16:11:20,4
ORD-14879,13.051727645150214,77.59313595926344,2026-08-14 23:59:59.000000000,578.4966786805767,23,23:59:59,5
ORD-14880,12.910349121961472,77.64732280830742,2026-08-14 19:16:31.602820184,267.068768134368,19,19:16:31,3
ORD-14881,13.000972880063408,77.51731026930419,2026-08-14 21:25:38.024277315,183.02679515989723,21,21:25:38,2
ORD-14882,13.012959073173398,77.67811306809189,2026-08-14 19:11:09.062874658,589.0235940271302,19,19:11:09,4
ORD-14883,12.955619172052936,77.6481636273404,2026-08-14 18:14:37.125334035,695.1667754451734,18,18:14:37,4
ORD-14884,12.976251299752102,77.62509740888198,2026-08-14 21:12:41.194735148,441.9320886376248,21,21:12:41,4
ORD-14885,12.955783945603208,77.60803217153429,2026-08-14 22:36:19.154777530,398.0173977218312,22,22:36:19,2
ORD-14886,12.988666452386346,77.7387295810284,2026-08-14 21:10:57.071594707,736.6272984369556,21,21:10:57,1
ORD-14887,12.92262206228282,77.58950734524926,2026-08-14 18:38:40.957919854,450.7824946328088,18,18:38:40,2
ORD-14888,12.935648500659829,77.58360281877653,2026-08-14 23:59:59.000000000,470.134691466411,23,23:59:59,2
ORD-14889,12.888928160305449,77.60021907853263,2026-08-14 22:59:47.163037796,734.0935839660503,22,22:59:47,3
ORD-14890,12.936770309899948,77.73232439552392,2026-08-14 22:20:00.080737865,426.96227804576847,22,22:20:00,1
ORD-14891,12.929462590813555,77.63857918206325,2026-08-14 19:07:03.321923320,381.8958585982701,19,19:07:03,4
ORD-14892,12.949824005564851,77.59386754700176,2026-08-14 18:26:13.507905399,602.3262336205631,18,18:26:13,2
ORD-14893,12.9819286616044,77.65735138775189,2026-08-14 19:18:01.448317414,373.2215768431327,19,19:18:01,4
ORD-14894,12.987443284118037,77.75537771952538,2026-08-14 22:42:12.658899532,458.3097692816727,22,22:42:12,1
ORD-14895,12.946369229465398,77.66604679027333,2026-08-14 17:31:24.560966318,282.1262097431701,17,17:31:24,4
ORD-14896,12.978025288091574,77.67122313549342,2026-08-14 17:19:46.165516911,507.80956325647696,17,17:19:46,4
ORD-14897,12.971246439115694,77.76942385077496,2026-08-14 21:20:55.927800249,490.2146230804639,21,21:20:55,1
ORD-14898,12.982224127731772,77.60266993877792,2026-08-14 20:47:52.768001779,625.2030412084716,20,20:47:52,2
ORD-14899,12.916755410119858,77.58346128320547,2026-08-14 18:04:27.178158982,608.5884804992596,18,18:04:27,2
ORD-14900,12.96668595582928,77.65653102527514,2026-08-14 17:16:19.167794263,562.7277012704373,17,17:16:19,4
ORD-14901,12.963519756108072,77.5417986690967,2026-08-14 23:35:41.072940316,539.1383539171519,23,23:35:41,2
ORD-14902,12.94381643805036,77.5923589351935,2026-08-14 20:53:33.039827696,469.0118829371488,20,20:53:33,2
ORD-14903,12.917652232837591,77.70576449537432,2026-08-14 16:35:28.177226448,571.4333953493705,16,16:35:28,4
ORD-14904,12.939323335274594,77.63053630763264,2026-08-14 16:45:57.370175259,313.150173949652,16,16:45:57,4
ORD-14905,12.936561308068269,77.6318983229126,2026-08-14 19:05:46.392247946,127.65508922185364,19,19:05:46,4
ORD-14906,13.019801322860728,77.58674407818208,2026-08-14 21:49:55.576262979,654.287650681934,21,21:49:55,5
ORD-14907,12.95340617475601,77.62409435754884,2026-08-14 21:29:15.079218975,581.124069337187,21,21:29:15,4
ORD-14908,12.936412011059122,77.59317806320587,2026-08-14 22:49:45.106833011,460.9520348580128,22,22:49:45,2
ORD-14909,12.942972194835074,77.59951781165,2026-08-14 16:16:26.851732853,641.183791266898,16,16:16:26,2
ORD-14910,12.985621696316706,77.61303185365895,2026-08-14 20:33:34.620208017,370.2753874580209,20,20:33:34,4
ORD-14911,12.953830753043697,77.54766597874065,2026-08-14 23:33:53.192990892,374.1761201875274,23,23:33:53,2
ORD-14912,12.91272764507058,77.64066348081477,2026-08-14 23:19:55.215574285,353.3793414458749,23,23:19:55,3
ORD-14913,12.901772119915249,77.61310703054518,2026-08-14 20:53:50.189832714,565.1432962673828,20,20:53:50,3
ORD-14914,12.981442389412717,77.56801344905823,2026-08-14 23:59:59.000000000,242.55628841778707,23,23:59:59,2
ORD-14915,12.980129257831626,77.57402258411376,2026-08-14 21:31:23.566047743,364.9557589826938,21,21:31:23,2
ORD-14916,12.929599583966644,77.74134271754978,2026-08-14 22:36:24.719695572,523.4572534854203,22,22:36:24,1
ORD-14917,12.944509112650948,77.7654286929617,2026-08-14 20:06:40.031268980,299.3773386116084,20,20:06:40,1
ORD-14918,13.013115364813927,77.53009252261782,2026-08-14 18:02:51.222364401,380.9534391508222,18,18:02:51,5
ORD-14919,12.962080311295685,77.70252092316997,2026-08-14 17:48:43.117192991,148.26486343281545,17,17:48:43,1
ORD-14920,12.985551195939593,77.59925043837008,2026-08-14 20:27:14.536933150,570.8709974102306,20,20:27:14,5
ORD-14921,12.899519551888975,77.6164905731475,2026-08-14 19:28:16.481938348,376.8247209986582,19,19:28:16,3
ORD-14922,12.9641639446238,77.60336505990503,2026-08-14 15:34:42.728970779,315.1078124788269,15,15:34:42,2
ORD-14923,12.95171005080012,77.5423723205094,2026-08-14 17:26:07.857735668,285.7465911062137,17,17:26:07,2
ORD-14924,12.932946086078136,77.50796736708722,2026-08-14 19:12:14.367833513,417.2679731692351,19,19:12:14,2
ORD-14925,12.978456665558888,77.73947150543688,2026-08-14 21:49:05.514383434,242.97666196628404,21,21:49:05,1
ORD-14926,12.937179258278272,77.60565017978038,2026-08-14 19:57:35.335024541,771.3569515723002,19,19:57:35,2
ORD-14927,12.976244415201478,77.60783937883403,2026-08-14 19:49:11.422105495,122.28830742465216,19,19:49:11,2
ORD-14928,12.88353149284154,77.61587588418536,2026-08-14 17:31:57.786356970,412.4071275320265,17,17:31:57,3
ORD-14929,12.881153766667376,77.55978665203125,2026-08-14 20:03:28.494720559,496.0360393936882,20,20:03:28,3
ORD-14930,13.012584075657768,77.75217627304343,2026-08-14 23:17:51.909247014,363.69314937951685,23,23:17:51,1
ORD-14931,12.904018656261885,77.68710529234522,2026-08-14 20:23:20.176014827,511.8197605939673,20,20:23:20,4
ORD-14932,12.984072999242638,77.67098367015711,2026-08-14 16:13:54.177766663,360.0597637580758,16,16:13:54,4
ORD-14933,12.913183248948084,77.76573994126238,2026-08-14 16:52:16.294851259,709.5141695509724,16,16:52:16,1
ORD-14934,13.01816202276214,77.66067506457856,2026-08-14 21:28:19.099895008,312.1684478835335,21,21:28:19,4
ORD-14935,12.981392796595095,77.76773809080933,2026-08-14 19:26:21.160722996,127.3164087977521,19,19:26:21,1
ORD-14936,12.853238545033014,77.65639133917985,2026-08-14 19:48:48.777929068,285.22502243200177,19,19:48:48,3
ORD-14937,12.951457842541636,77.56192850945513,2026-08-14 18:28:05.392424867,537.9742162220568,18,18:28:05,2
ORD-14938,13.026867785294613,77.64990856949649,2026-08-14 21:15:30.709909799,462.3113430676704,21,21:15:30,5
ORD-14939,13.113081611664024,77.60138930378164,2026-08-14 19:14:51.740580792,592.8199361973175,19,19:14:51,5
ORD-14940,13.004732946041129,77.751512141704,2026-08-14 19:32:00.481004443,555.261692506645,19,19:32:00,1
ORD-14941,12.933477158444363,77.80168602847759,2026-08-14 17:52:18.989475032,384.5579475412194,17,17:52:18,1
ORD-14942,13.014025538187528,77.65074357706801,2026-08-14 22:18:15.221683285,406.637475930668,22,22:18:15,5
ORD-14943,13.015248946541917,77.7714912692385,2026-08-14 19:26:49.804875452,422.2006836520161,19,19:26:49,1
ORD-14944,13.099814116468902,77.67513211116149,2026-08-14 21:31:10.922998078,762.6519125244979,21,21:31:10,5
ORD-14945,12.921766482296247,77.55459220585541,2026-08-14 17:00:57.675923694,583.6233472031054,17,17:00:57,2
ORD-14946,12.851350555696024,77.68866387894006,2026-08-14 23:59:59.000000000,763.7530348767758,23,23:59:59,3
ORD-14947,12.901211129687857,77.64982628999856,2026-08-14 23:11:36.366346619,606.1169058512721,23,23:11:36,3
ORD-14948,13.009856062137167,77.65083929743192,2026-08-14 15:13:31.820973070,470.4624907617673,15,15:13:31,4
ORD-14949,13.01129588428646,77.55528983032339,2026-08-14 17:59:42.562724427,327.09577695215023,17,17:59:42,5
ORD-14950,12.962502274916618,77.73138785046635,2026-08-14 21:11:38.709519089,510.2279506723116,21,21:11:38,1
ORD-14951,12.956070492491142,77.62270117754827,2026-08-14 16:42:02.442094659,470.8696241675655,16,16:42:02,4
ORD-14952,12.991769583809315,77.73981424844202,2026-08-14 19:40:15.653260530,465.952907199268,19,19:40:15,1
ORD-14953,12.893321242014345,77.58967538082364,2026-08-14 21:03:59.686073791,448.6351384651125,21,21:03:59,3
ORD-14954,13.043172857931086,77.60248098262794,2026-08-14 19:32:17.466792185,172.13059386356667,19,19:32:17,5
ORD-14955,12.847168322669145,77.59189268452911,2026-08-14 21:20:49.548331834,669.1259724801984,21,21:20:49,3
ORD-14956,12.973190311136657,77.81458898884377,2026-08-14 18:16:00.030858583,472.4319766174024,18,18:16:00,1
ORD-14957,12.952604455056148,77.57783987572313,2026-08-14 14:23:22.366120487,267.86203259570374,14,14:23:22,2
ORD-14958,13.019842451375036,77.62340938723194,2026-08-14 22:27:19.037809486,552.2644063610468,22,22:27:19,5
ORD-14959,12.960221543387624,77.569674702591,2026-08-14 22:26:22.331882423,351.62457470902075,22,22:26:22,2
ORD-14960,12.88766429166622,77.54530489783711,2026-08-14 23:59:59.000000000,564.3210934456174,23,23:59:59,2
ORD-14961,12.82143832833315,77.69842312645385,2026-08-14 14:28:55.321338591,612.2484690768691,14,14:28:55,3
ORD-14962,12.977308652161025,77.71763745935432,2026-08-14 21:52:37.488984121,632.9454736003977,21,21:52:37,1
ORD-14963,12.932441841049306,77.61672669126631,2026-08-14 15:04:41.860757250,455.86249100177696,15,15:04:41,3
ORD-14964,12.99333266884649,77.63693359903976,2026-08-14 23:59:59.000000000,417.9333407972224,23,23:59:59,4
ORD-14965,12.925052759644124,77.59370562428646,2026-08-14 21:13:10.801503264,386.16924596029946,21,21:13:10,2
ORD-14966,13.007372132503018,77.66888164722596,2026-08-14 17:37:12.640370914,371.6165867309255,17,17:37:12,4
ORD-14967,12.920125753284248,77.68631439660383,2026-08-14 21:57:02.002271413,477.4154903683624,21,21:57:02,4
ORD-14968,12.963076225699842,77.60930497099277,2026-08-14 18:37:02.594930548,448.5985406412391,18,18:37:02,2
ORD-14969,12.98443319996273,77.72637717500803,2026-08-14 20:45:03.744895961,356.2044276266752,20,20:45:03,1
ORD-14970,12.988943078345072,77.56544471104561,2026-08-14 20:30:53.646445882,308.43228692956427,20,20:30:53,2
ORD-14971,12.913891520097383,77.64907941470136,2026-08-14 23:59:59.000000000,463.68658616121263,23,23:59:59,3
ORD-14972,12.957404442513832,77.5666401959594,2026-08-14 23:59:59.000000000,414.8703573084254,23,23:59:59,2
ORD-14973,12.957573757604727,77.57331353173997,2026-08-14 18:30:24.611640538,308.7949540077201,18,18:30:24,2
ORD-14974,12.945546986944851,77.77017963921782,2026-08-14 22:38:42.950561964,604.5856520132111,22,22:38:42,1
ORD-14975,13.002644399835564,77.79271667368783,2026-08-14 20:53:13.561400133,745.8139126237872,20,20:53:13,1
ORD-14976,12.909047235872285,77.64536030355451,2026-08-14 16:28:05.861396938,624.3882320976337,16,16:28:05,3
ORD-14977,12.918886213015954,77.60330205282713,2026-08-14 18:15:33.944576650,371.97179824859336,18,18:15:33,3
ORD-14978,12.97731244738023,77.60526559614492,2026-08-14 23:59:59.000000000,472.4655473115095,23,23:59:59,2
ORD-14979,12.944937160860734,77.62994528142308,2026-08-14 20:53:40.689609942,711.0643427531191,20,20:53:40,4
ORD-14980,12.940923596828153,77.67461324993747,2026-08-14 22:29:58.016215658,303.9450535833761,22,22:29:58,4
ORD-14981,12.954809831278764,77.55497982858454,2026-08-14 19:28:11.601188697,597.3892690027837,19,19:28:11,2
ORD-14982,12.926309738893307,77.58304592980417,2026-08-14 18:39:00.522767526,262.78751877840153,18,18:39:00,2
ORD-14983,13.074197635724442,77.54641100571267,2026-08-14 20:04:05.380568710,732.6056441146993,20,20:04:05,5
ORD-14984,12.959123306097966,77.6072708592846,2026-08-14 19:20:05.063502784,415.4528212873515,19,19:20:05,2
ORD-14985,12.937101910294963,77.65120353898499,2026-08-14 16:16:00.723620716,814.3565586785719,16,16:16:00,4
ORD-14986,12.863455230489675,77.66791700179036,2026-08-14 17:29:30.070882914,739.2095697962745,17,17:29:30,3
ORD-14987,12.93498006305759,77.65769013745503,2026-08-14 21:46:10.960629710,464.03542356279183,21,21:46:10,4
ORD-14988,12.947198405923164,77.60969364599407,2026-08-14 19:02:53.783798078,372.0891940334384,19,19:02:53,2
ORD-14989,12.99085306261811,77.57727563865629,2026-08-14 20:03:51.343938251,509.21632078363706,20,20:03:51,2
ORD-14990,13.03403471665019,77.68929032235798,2026-08-14 20:35:14.307454475,452.9761550030154,20,20:35:14,4
ORD-14991,12.94991400069637,77.49595934998293,2026-08-14 20:46:57.450439368,419.7649554621611,20,20:46:57,2
ORD-14992,12.96235585929932,77.73993039891548,2026-08-14 22:51:59.211551838,231.28301181325543,22,22:51:59,1
ORD-14993,12.907857958578589,77.6285988720641,2026-08-14 17:15:11.737664383,402.816962451812,17,17:15:11,3
ORD-14994,12.965867440276256,77.65916048414849,2026-08-14 21:25:32.274511893,313.42813173656407,21,21:25:32,4
ORD-14995,12.943499819904735,77.5198730254327,2026-08-14 21:53:15.250141677,562.7471559637854,21,21:53:15,2
ORD-14996,12.923258009355736,77.70514314242422,2026-08-14 22:27:52.666011014,628.6606974896138,22,22:27:52,4
ORD-14997,12.982897585718089,77.76287368489554,2026-08-14 16:28:03.741605266,591.1026005885395,16,16:28:03,1
ORD-14998,13.048382007892084,77.6115382867877,2026-08-14 20:38:13.372965123,531.3562634441261,20,20:38:13,5
ORD-14999,12.888191073661991,77.5862166489081,2026-08-14 23:59:59.000000000,352.0639399288647,23,23:59:59,3
ORD-15000,12.968473750887185,77.79485233897387,2026-08-14 19:45:07.915327590,510.8101158902865,19,19:45:07,1
ORD-15001,12.97326855131178,77.53697210146893,2026-08-14 21:12:31.452317679,598.9147715466564,21,21:12:31,2
ORD-15002,12.94295312046601,77.5547661373115,2026-08-14 21:57:03.560351267,392.0646638400405,21,21:57:03,2
ORD-15003,12.92721250256215,77.72080443336492,2026-08-14 17:26:10.771400416,497.84796320925096,17,17:26:10,1
ORD-15004,12.946887648038258,77.6269566433916,2026-08-14 23:59:59.000000000,458.18076160951153,23,23:59:59,4
ORD-15005,12.952102548081216,77.6466208128266,2026-08-14 21:14:55.507172720,729.3550004415727,21,21:14:55,4
ORD-15006,13.05235658454933,77.60054645119011,2026-08-14 21:17:55.525327741,607.7322202896787,21,21:17:55,5
ORD-15007,13.060192572223697,77.51234285865256,2026-08-14 15:50:41.753597905,571.3739417622587,15,15:50:41,5
ORD-15008,12.93908809229567,77.58792762378822,2026-08-14 21:59:10.903183920,222.49593990518477,21,21:59:10,2
ORD-15009,13.010501590039045,77.7448495643174,2026-08-14 21:15:57.693072412,505.9255990151375,21,21:15:57,1
ORD-15010,12.936283183089374,77.57182248440111,2026-08-14 23:59:59.000000000,456.7479856613145,23,23:59:59,2
ORD-15011,12.952189081115453,77.63205648420958,2026-08-14 19:13:18.613071261,455.4514334145191,19,19:13:18,4
ORD-15012,12.991093175881918,77.5661442001741,2026-08-14 17:31:51.075033614,245.48797908875397,17,17:31:51,2
ORD-15013,12.889522605427166,77.61792598090561,2026-08-14 18:17:39.849047031,316.8347066553646,18,18:17:39,3
ORD-15014,12.910892555641318,77.63972125369371,2026-08-14 18:44:15.195884934,469.7973768141326,18,18:44:15,3
ORD-15015,12.859568058903164,77.60743594052576,2026-08-14 17:12:10.381336818,647.1533667285692,17,17:12:10,3
ORD-15016,12.998086371289927,77.63988200397985,2026-08-14 23:13:31.440213894,391.4213145240865,23,23:13:31,4
ORD-15017,12.975637778258584,77.8194829287485,2026-08-14 23:19:09.280766385,420.0091909343599,23,23:19:09,1
ORD-15018,12.889841623341953,77.56606411098241,2026-08-14 19:30:37.874689740,747.1637992929311,19,19:30:37,3
ORD-15019,12.91385893898884,77.61294229315519,2026-08-14 19:01:05.160701242,435.4766416248245,19,19:01:05,3
ORD-15020,12.947247972712988,77.57978976518561,2026-08-14 15:27:40.662780126,460.6815714219629,15,15:27:40,2
ORD-15021,13.004728401274988,77.73588398314374,2026-08-14 21:44:23.651297732,462.71328269223886,21,21:44:23,1
ORD-15022,13.020807386897722,77.60465750556573,2026-08-14 23:59:59.000000000,278.17422803932345,23,23:59:59,5
ORD-15023,12.912284094032684,77.59294414396183,2026-08-14 18:24:25.247544664,565.7697185122672,18,18:24:25,3
ORD-15024,12.9648610630048,77.56460265742018,2026-08-14 19:42:28.939268012,382.0685822123492,19,19:42:28,2
ORD-15025,12.970114301484587,77.61233839891821,2026-08-14 21:05:08.623151842,475.4894074440393,21,21:05:08,4
ORD-15026,12.988884046905914,77.78104334126157,2026-08-14 23:59:59.000000000,546.6559446626696,23,23:59:59,1
ORD-15027,12.942589367189564,77.6098612879652,2026-08-14 20:29:57.985996516,771.3836383553089,20,20:29:57,2
ORD-15028,12.904360543912444,77.61099853103227,2026-08-14 20:29:18.869244239,282.33449331806355,20,20:29:18,3
ORD-15029,12.943935736662604,77.6193489923253,2026-08-14 20:26:53.866510438,609.7473277599336,20,20:26:53,4
ORD-15030,12.970472119733794,77.69689611487998,2026-08-14 16:26:14.707437867,610.3084884260952,16,16:26:14,4
ORD-15031,12.994957434955914,77.60093893011113,2026-08-14 16:22:58.884115531,384.267784083109,16,16:22:58,5
ORD-15032,13.006665464473938,77.59460561775924,2026-08-14 17:58:48.043477966,569.9255772077972,17,17:58:48,5
ORD-15033,12.855756084751738,77.59755438337427,2026-08-14 22:31:56.015166336,726.5154226937838,22,22:31:56,3
ORD-15034,12.928202452690856,77.65050161569017,2026-08-14 19:09:41.786365086,365.2543186181337,19,19:09:41,4
ORD-15035,12.89734042594203,77.75144128309321,2026-08-14 18:40:33.563560779,516.2204695702733,18,18:40:33,1
ORD-15036,12.934578632552766,77.58694792401515,2026-08-14 18:37:55.428562706,540.7202045909678,18,18:37:55,2
ORD-15037,12.98101198034359,77.61885372217975,2026-08-14 19:39:21.088093746,560.1268282430325,19,19:39:21,4
ORD-15038,12.891064947337288,77.5958053052454,2026-08-14 23:59:59.000000000,595.3937641074019,23,23:59:59,3
ORD-15039,12.903025780263654,77.60682664091777,2026-08-14 19:37:19.223528726,504.9457242378261,19,19:37:19,3
ORD-15040,13.010076684310762,77.56539814975332,2026-08-14 18:02:03.323351626,557.0154279522003,18,18:02:03,5
ORD-15041,13.033477503339384,77.62822590041384,2026-08-14 20:03:47.210661735,343.2789524814415,20,20:03:47,5
ORD-15042,12.870047032376927,77.59773310985516,2026-08-14 23:59:59.000000000,504.6005240459336,23,23:59:59,3
ORD-15043,12.925086204010295,77.6214314273531,2026-08-14 18:44:34.577529579,408.5488101479229,18,18:44:34,3
ORD-15044,12.86443274969921,77.65064979224879,2026-08-14 17:02:50.954924121,295.5256642268869,17,17:02:50,3
ORD-15045,12.945482854671358,77.62696655712142,2026-08-14 18:44:51.078572426,403.6283175844649,18,18:44:51,4
ORD-15046,13.019085497174924,77.61043014973998,2026-08-14 20:19:18.873627136,520.4184588297087,20,20:19:18,5
ORD-15047,12.987300330773817,77.64911877451378,2026-08-14 21:43:14.168557428,545.369591455529,21,21:43:14,4
ORD-15048,13.00834268532547,77.7205472389381,2026-08-14 22:31:01.952208140,289.73113186158434,22,22:31:01,1
ORD-15049,12.993761831253517,77.57135062472645,2026-08-14 17:23:08.544534339,339.3484924912694,17,17:23:08,5
ORD-15050,12.95284540928326,77.64118147274569,2026-08-14 17:37:22.391989868,588.6984419539832,17,17:37:22,4
ORD-15051,12.98737864406404,77.59273540360411,2026-08-14 19:11:30.639665513,556.2222138923795,19,19:11:30,2
ORD-15052,12.944483995825314,77.6092298433152,2026-08-14 21:42:40.437222272,613.0653993069529,21,21:42:40,2
ORD-15053,12.946214847983676,77.65270642219504,2026-08-14 16:50:59.928921130,685.1745640764841,16,16:50:59,4
ORD-15054,12.968729242751923,77.75786098168479,2026-08-14 18:28:54.057806241,560.6830664385898,18,18:28:54,1
ORD-15055,12.96501984274946,77.62666188041288,2026-08-14 18:31:05.306435292,417.7788559243692,18,18:31:05,4
ORD-15056,12.976828850138606,77.71646722171255,2026-08-14 22:21:15.739698279,497.22741871228754,22,22:21:15,1
ORD-15057,12.993285910398608,77.76155524822872,2026-08-14 21:19:14.346845980,728.9845651391073,21,21:19:14,1
ORD-15058,13.01653088017955,77.59624074901562,2026-08-14 22:15:33.465249449,894.667349667808,22,22:15:33,5
ORD-15059,12.90623067249531,77.69049576959101,2026-08-14 23:20:48.101768097,549.4644548613539,23,23:20:48,4
ORD-15060,12.95364882673159,77.56294322408056,2026-08-14 19:14:09.149144198,560.333120821696,19,19:14:09,2
ORD-15061,12.943186871288866,77.58689814255757,2026-08-14 17:01:53.344606317,588.8562550496125,17,17:01:53,2
ORD-15062,12.965760611630714,77.5912273550044,2026-08-14 17:02:51.327439377,483.56892687290446,17,17:02:51,2
ORD-15063,12.939511367323416,77.74944778088852,2026-08-14 15:24:17.031914470,654.5780853513936,15,15:24:17,1
ORD-15064,12.896142729852198,77.5970710217956,2026-08-14 18:51:11.098533004,631.2067939099277,18,18:51:11,3
ORD-15065,12.92387228343518,77.61656573555354,2026-08-14 19:02:21.996466514,533.1564670723225,19,19:02:21,3
ORD-15066,13.003876070977748,77.59005732097783,2026-08-14 21:58:07.980661245,432.2970140991577,21,21:58:07,5
ORD-15067,13.005629581780653,77.80382492329643,2026-08-14 20:02:32.227954589,251.89554189342948,20,20:02:32,1
ORD-15068,12.957823062786964,77.6016063987274,2026-08-14 18:46:27.044000917,589.8620321421375,18,18:46:27,2
ORD-15069,12.946639127331924,77.65478755481675,2026-08-14 19:42:36.011464555,511.9287472839156,19,19:42:36,4
ORD-15070,12.97472762585087,77.6290599446085,2026-08-14 17:24:09.238646567,369.3348404018848,17,17:24:09,4
ORD-15071,12.93809370318514,77.59750558387269,2026-08-14 22:33:48.659136762,310.51196025080594,22,22:33:48,2
ORD-15072,13.0029547808036,77.59780180020921,2026-08-14 18:02:06.759934714,579.2149274074877,18,18:02:06,5
ORD-15073,12.93148537973357,77.60783302938603,2026-08-14 17:09:00.618552577,239.8145517574553,17,17:09:00,3
ORD-15074,12.984210659675613,77.67567619153945,2026-08-14 22:02:40.937700367,524.9461781165708,22,22:02:40,4
ORD-15075,13.002712900195757,77.60696878291107,2026-08-14 21:26:07.477875275,606.532561375334,21,21:26:07,5
ORD-15076,12.937587527425377,77.65460938770329,2026-08-14 15:41:26.831592969,562.4839329624936,15,15:41:26,4
ORD-15077,12.92995117980902,77.58546029987644,2026-08-14 22:08:15.014712392,421.38903384623393,22,22:08:15,2
ORD-15078,13.01713954482625,77.57605776117893,2026-08-14 18:08:45.666248153,292.59382732876287,18,18:08:45,5
ORD-15079,12.945638165682965,77.68713307856329,2026-08-14 19:03:53.059251925,568.0528859692786,19,19:03:53,4
ORD-15080,12.95519490686075,77.56774915814067,2026-08-14 20:28:03.180969245,660.078463793013,20,20:28:03,2
ORD-15081,12.908940941730789,77.64508828780802,2026-08-14 21:27:59.623943551,394.0899967885439,21,21:27:59,3
ORD-15082,13.061067243834293,77.57419035481236,2026-08-14 21:06:49.312572188,556.0362300439289,21,21:06:49,5
ORD-15083,12.930504633555266,77.59395919157578,2026-08-14 19:52:31.635021846,717.2272678097713,19,19:52:31,2
ORD-15084,12.916006112426608,77.63381753410535,2026-08-14 18:56:18.210039757,530.8270644662415,18,18:56:18,3
ORD-15085,12.954042366242124,77.58605247359385,2026-08-14 21:01:49.986242089,420.4679782683319,21,21:01:49,2
ORD-15086,12.984535266143386,77.6366534657682,2026-08-14 19:42:14.509463902,636.1280310094737,19,19:42:14,4
ORD-15087,12.953052330760988,77.6522516880143,2026-08-14 23:59:59.000000000,369.3658538763282,23,23:59:59,4
ORD-15088,13.01676488636159,77.5657175493559,2026-08-14 21:27:57.681089729,285.2711977420465,21,21:27:57,5
ORD-15089,12.92265619309402,77.55818079713463,2026-08-14 17:41:29.259375087,601.8481786718969,17,17:41:29,2
ORD-15090,13.04511480185358,77.61926451396388,2026-08-14 18:48:21.600437637,419.07566047746553,18,18:48:21,5
ORD-15091,12.971555476497022,77.58116435994826,2026-08-14 20:07:13.729595338,432.5218478994473,20,20:07:13,2
ORD-15092,13.070673594897505,77.66201568068273,2026-08-14 23:14:54.880935634,385.9589046673393,23,23:14:54,5
ORD-15093,12.93309017378402,77.58911914761936,2026-08-14 23:31:39.945082009,409.0773906668874,23,23:31:39,2
ORD-15094,12.930342125966906,77.5465633466265,2026-08-14 19:00:34.787516710,690.4550141290299,19,19:00:34,2
ORD-15095,12.968473965464234,77.77873384987595,2026-08-14 17:39:57.292050695,729.3748148675501,17,17:39:57,1
ORD-15096,13.034548482446928,77.58705511558588,2026-08-14 17:20:46.521229144,749.2467954216913,17,17:20:46,5
ORD-15097,12.98826488406392,77.77114086964323,2026-08-14 20:37:51.858814942,643.5180931766268,20,20:37:51,1
ORD-15098,12.91170330531232,77.75310880367975,2026-08-14 23:59:59.000000000,549.9406889659856,23,23:59:59,1
ORD-15099,13.020459479348023,77.57777443140232,2026-08-14 21:20:51.846938296,265.157161210033,21,21:20:51,5
ORD-15100,12.96681034085084,77.81796111427181,2026-08-14 16:00:54.787259844,451.8712945649476,16,16:00:54,1
ORD-15101,13.010246130479027,77.57663111617283,2026-08-14 18:11:05.963070786,803.5131732935531,18,18:11:05,5
ORD-15102,12.978814738286792,77.59452609120054,2026-08-14 18:26:24.772183396,414.6567631871019,18,18:26:24,2
ORD-15103,12.94361748684874,77.74740117623774,2026-08-14 17:56:41.977318966,707.1216712158413,17,17:56:41,1
ORD-15104,12.960001185351771,77.75394621283269,2026-08-14 19:01:48.955575592,488.25537285458176,19,19:01:48,1
ORD-15105,12.909006588675814,77.57981836299143,2026-08-14 20:55:24.553749179,120.0,20,20:55:24,3
ORD-15106,12.968355172931266,77.81002913763626,2026-08-14 21:42:17.830523904,576.0728345503444,21,21:42:17,1
ORD-15107,12.938077102419198,77.61289421773739,2026-08-14 22:43:45.871418250,669.9382044267468,22,22:43:45,2
ORD-15108,13.062193003176349,77.59145881355916,2026-08-14 21:18:37.823157425,472.6506047039184,21,21:18:37,5
ORD-15109,13.043781152373567,77.64066306217467,2026-08-14 15:06:52.647837040,664.9576506728121,15,15:06:52,5
ORD-15110,13.002917397210537,77.61438884661624,2026-08-14 17:21:24.258712218,229.82587283743692,17,17:21:24,5
ORD-15111,12.945508123866782,77.59252827169303,2026-08-14 19:36:17.153668267,272.1653604150946,19,19:36:17,2
ORD-15112,12.914622285636929,77.59253847835906,2026-08-14 20:22:05.518701906,510.72964621285314,20,20:22:05,3
ORD-15113,12.894268944202167,77.61998234323929,2026-08-14 22:09:12.765238886,551.5672091726298,22,22:09:12,3
ORD-15114,12.991812868839377,77.7455493021297,2026-08-14 20:06:28.657585951,683.4868302888418,20,20:06:28,1
ORD-15115,12.92665437751923,77.60877298626535,2026-08-14 20:07:36.365284773,575.8386700122841,20,20:07:36,3
ORD-15116,12.97504841087169,77.5875844256063,2026-08-14 20:35:40.176268252,300.9556365952436,20,20:35:40,2
ORD-15117,12.972229040277892,77.68903141598861,2026-08-14 19:21:44.804350969,511.9568433111579,19,19:21:44,4
ORD-15118,13.04670720045826,77.61958539354508,2026-08-14 20:13:01.966258900,570.1091167932224,20,20:13:01,5
ORD-15119,12.985130826186484,77.7408014111846,2026-08-14 22:48:52.489611106,198.86490019543064,22,22:48:52,1
ORD-15120,13.015089622465208,77.73980926803507,2026-08-14 19:47:24.801910944,473.4549795392977,19,19:47:24,1
ORD-15121,12.964826909212988,77.57120275506767,2026-08-14 19:55:28.085458941,429.6626184092663,19,19:55:28,2
ORD-15122,12.901600961829958,77.63728886728826,2026-08-14 19:54:57.731357095,381.7960389381382,19,19:54:57,3
ORD-15123,12.932936607536426,77.61334740787558,2026-08-14 23:14:39.964324121,554.8165577629009,23,23:14:39,3
ORD-15124,12.886104447036804,77.57173471893344,2026-08-14 17:13:47.520058535,307.54777101631146,17,17:13:47,3
ORD-15125,12.866489460621636,77.7089458453291,2026-08-14 23:59:59.000000000,542.5319268005475,23,23:59:59,3
ORD-15126,12.91371141541343,77.59494348091387,2026-08-14 17:03:32.563309360,563.9236693813342,17,17:03:32,3
ORD-15127,12.97521564960155,77.66077350680054,2026-08-14 18:21:52.017648050,642.564496539146,18,18:21:52,4
ORD-15128,12.99959697427606,77.73889700641224,2026-08-14 21:51:42.644427438,311.4871105811093,21,21:51:42,1
ORD-15129,12.975188113121794,77.61486868817808,2026-08-14 22:34:32.850259263,254.2148672468179,22,22:34:32,4
ORD-15130,12.979030486618116,77.60302032652044,2026-08-14 16:29:28.508847014,521.8355411008517,16,16:29:28,2
ORD-15131,12.960962707333463,77.56276217909584,2026-08-14 17:16:05.683230776,437.0593149198447,17,17:16:05,2
ORD-15132,12.978500284141756,77.67042727977605,2026-08-14 20:41:40.585285247,915.3975393740582,20,20:41:40,4
ORD-15133,12.904256180063951,77.61911751921988,2026-08-14 23:59:59.000000000,548.7747714364398,23,23:59:59,3
ORD-15134,12.973380187423938,77.63965704336908,2026-08-14 23:06:56.365028988,488.7242567556272,23,23:06:56,4
ORD-15135,12.972050320750563,77.78314015115761,2026-08-14 19:22:47.126553314,454.0758066485377,19,19:22:47,1
ORD-15136,12.890447394202964,77.58047785529706,2026-08-14 13:57:07.837757318,297.29072318408265,13,13:57:07,3
ORD-15137,12.978481690975004,77.60830743403415,2026-08-14 20:12:14.784609790,564.5822329431896,20,20:12:14,4
ORD-15138,12.872393762624805,77.59312045202651,2026-08-14 20:54:20.671232819,468.12824605938033,20,20:54:20,3
ORD-15139,12.916348154266458,77.6373236954704,2026-08-14 19:02:35.743730255,468.2529474855848,19,19:02:35,3
ORD-15140,13.003968917433186,77.63476322158213,2026-08-14 17:52:23.484085081,494.1664988247983,17,17:52:23,5
ORD-15141,12.963899077482138,77.65761852850653,2026-08-14 20:23:52.487342892,513.1818794875868,20,20:23:52,4
ORD-15142,12.94751712556969,77.58764892456263,2026-08-14 17:38:39.649254954,219.11165311237176,17,17:38:39,2
ORD-15143,13.001152964044175,77.5896329189312,2026-08-14 23:59:59.000000000,605.5534509556397,23,23:59:59,5
ORD-15144,12.993743674682715,77.75471041496843,2026-08-14 23:47:30.703177804,353.0333437776116,23,23:47:30,1
ORD-15145,12.973801828663609,77.54295044727205,2026-08-14 21:38:41.213684335,459.2951703797059,21,21:38:41,2
ORD-15146,12.934108342274438,77.56640940193458,2026-08-14 20:13:27.395122074,672.8857380997933,20,20:13:27,2
ORD-15147,12.931196176421077,77.60881166978947,2026-08-14 18:20:58.523220478,746.9172888405171,18,18:20:58,3
ORD-15148,12.909092410161152,77.62938943114304,2026-08-14 19:56:52.915344982,224.9258342060413,19,19:56:52,3
ORD-15149,12.901609368280848,77.56627085076312,2026-08-14 23:59:59.000000000,484.53672415119735,23,23:59:59,2
ORD-15150,12.989296036787072,77.81104035819266,2026-08-14 22:10:17.886525930,520.9369777749055,22,22:10:17,1
ORD-15151,12.900338427094054,77.66727679630374,2026-08-14 20:30:33.230506288,253.87049607128304,20,20:30:33,3
ORD-15152,12.929419819308574,77.53615079674074,2026-08-14 22:18:35.769007508,600.3887046627248,22,22:18:35,2
ORD-15153,12.996197314452674,77.59755246706762,2026-08-14 21:21:50.495970427,497.439401612126,21,21:21:50,5
ORD-15154,12.902443819922658,77.56414804581347,2026-08-14 20:59:26.497858982,509.1239393542495,20,20:59:26,2
ORD-15155,12.91050862515711,77.72036482352257,2026-08-14 22:27:05.069330924,342.3670622487098,22,22:27:05,1
ORD-15156,12.941983315291589,77.62427597365888,2026-08-14 21:17:33.248803423,541.9329965072022,21,21:17:33,4
ORD-15157,13.018256671487498,77.6040660518002,2026-08-14 22:08:46.963230930,605.7335934584906,22,22:08:46,5
ORD-15158,13.008000935195197,77.60839442786519,2026-08-14 20:24:12.483446711,499.0946825588901,20,20:24:12,5
ORD-15159,12.930954196501364,77.65698252023313,2026-08-14 19:21:52.867591289,402.909614855542,19,19:21:52,4
ORD-15160,12.883005239422433,77.60222781611557,2026-08-14 18:37:46.534089539,414.58960229304535,18,18:37:46,3
ORD-15161,12.928161922253986,77.5812066359545,2026-08-14 18:19:54.213550761,513.0593560688949,18,18:19:54,2
ORD-15162,12.955104404320046,77.67737641116867,2026-08-14 15:59:13.466018026,487.3196067570944,15,15:59:13,4
ORD-15163,13.038526231668204,77.56179051740473,2026-08-14 17:43:12.540478695,615.7233178679093,17,17:43:12,5
ORD-15164,12.990713994599746,77.62583295770018,2026-08-14 17:38:52.318233760,407.9612568713751,17,17:38:52,4
ORD-15165,12.99817024462546,77.62369200705771,2026-08-14 18:43:53.893236144,297.2429095888763,18,18:43:53,5
ORD-15166,12.94247753921866,77.6472671373996,2026-08-14 23:54:20.197895745,533.9079115980754,23,23:54:20,4
ORD-15167,12.958459334503797,77.6516170686526,2026-08-14 19:36:21.942400016,408.3705220501945,19,19:36:21,4
ORD-15168,12.92230835514863,77.6076874114628,2026-08-14 20:36:15.902008959,597.552292355455,20,20:36:15,3
ORD-15169,12.980003828615637,77.61531266539119,2026-08-14 20:40:59.876800607,481.1307945686401,20,20:40:59,4
ORD-15170,13.00768325489632,77.80655935879713,2026-08-14 23:58:08.228215581,578.2219806547233,23,23:58:08,1
ORD-15171,12.982281042210316,77.5677732079482,2026-08-14 18:33:39.730915392,327.85244299038186,18,18:33:39,2
ORD-15172,12.87580163498487,77.66095833565791,2026-08-14 19:26:37.301277677,501.5079394844732,19,19:26:37,3
ORD-15173,12.872330320162789,77.61257885727896,2026-08-14 19:44:04.205654032,375.1105188924125,19,19:44:04,3
ORD-15174,12.96194926102197,77.74756907017522,2026-08-14 22:50:28.813701973,296.943952038567,22,22:50:28,1
ORD-15175,13.037053091001257,77.60183516447286,2026-08-14 23:21:36.951243790,350.83381828934773,23,23:21:36,5
ORD-15176,12.84336228582725,77.58341295684545,2026-08-14 21:11:11.254377244,398.3284362336211,21,21:11:11,3
ORD-15177,12.857164854906085,77.65012763255818,2026-08-14 23:04:56.184366557,666.7041790535777,23,23:04:56,3
ORD-15178,12.952170619546877,77.51910371461719,2026-08-14 20:26:38.948968221,394.3589400761011,20,20:26:38,2
ORD-15179,12.899402836291513,77.56294736312853,2026-08-14 19:34:06.570771449,289.2689624582665,19,19:34:06,2
ORD-15180,13.011474486614423,77.75688232096125,2026-08-14 22:56:48.516779271,499.7216133745004,22,22:56:48,1
ORD-15181,13.04785557305227,77.63834275719772,2026-08-14 21:13:08.559077104,484.3770991016512,21,21:13:08,5
ORD-15182,12.931834949922642,77.65089657863614,2026-08-14 18:09:40.224006832,406.1920481984703,18,18:09:40,4
ORD-15183,12.95183513898762,77.53787356772507,2026-08-14 22:29:36.788443119,455.816480123081,22,22:29:36,2
ORD-15184,13.087354425217043,77.54728943769751,2026-08-14 19:28:43.566320817,626.4340628994856,19,19:28:43,5
ORD-15185,12.960007832731725,77.52980244370829,2026-08-14 19:10:22.588295482,580.6058648098765,19,19:10:22,2
ORD-15186,12.93764328758531,77.67526702073526,2026-08-14 22:13:57.039313797,567.6345310310596,22,22:13:57,4
ORD-15187,12.96234574702074,77.74102755250014,2026-08-14 19:46:40.510732396,302.4481823219654,19,19:46:40,1
ORD-15188,12.949265399976088,77.5713711240413,2026-08-14 20:58:20.626824363,912.9822092572985,20,20:58:20,2
ORD-15189,13.033439754630995,77.75672672873105,2026-08-14 21:39:17.456256637,637.6878315411333,21,21:39:17,1
ORD-15190,12.958594067212276,77.73109000652366,2026-08-14 18:02:33.512286549,557.5542844786307,18,18:02:33,1
ORD-15191,12.883946803543944,77.58812857546349,2026-08-14 20:57:43.655082140,305.35323384041857,20,20:57:43,3
ORD-15192,13.02352643122195,77.57993263242754,2026-08-14 23:22:25.257947355,622.159516910116,23,23:22:25,5
ORD-15193,12.9048638654052,77.65635944306233,2026-08-14 17:36:31.795706344,404.8307234551008,17,17:36:31,3
ORD-15194,12.899146672322868,77.62963214056761,2026-08-14 21:07:29.179999481,450.8593793046052,21,21:07:29,3
ORD-15195,13.05653823534163,77.61905377984543,2026-08-14 17:55:34.790388777,227.88310859110757,17,17:55:34,5
ORD-15196,12.914548752347612,77.60167540998535,2026-08-14 22:33:12.579154564,293.77753710892364,22,22:33:12,3
ORD-15197,12.951004162193383,77.63382825774923,2026-08-14 22:31:47.150253748,545.7819748240703,22,22:31:47,4
ORD-15198,12.960736440783135,77.69533424998964,2026-08-14 19:06:51.098937758,630.9352012905734,19,19:06:51,4
ORD-15199,12.953422669718336,77.70987074427023,2026-08-14 23:59:59.000000000,582.7356629692553,23,23:59:59,1
ORD-15200,12.946449415747676,77.75116281334809,2026-08-14 22:45:59.627782236,577.6228495114423,22,22:45:59,1
ORD-15201,12.990955765039882,77.70311584629523,2026-08-14 21:46:02.360866226,470.285031456044,21,21:46:02,1
ORD-15202,12.897790776738368,77.63721189723464,2026-08-14 21:37:35.498064955,418.9939476950682,21,21:37:35,3
ORD-15203,12.927308600855325,77.65545991847239,2026-08-14 22:27:35.342182856,523.334271534809,22,22:27:35,4
ORD-15204,12.998568005185849,77.60550315004498,2026-08-14 17:30:39.218334803,603.2112484650411,17,17:30:39,5
ORD-15205,12.909493388974806,77.76089415948836,2026-08-14 20:29:11.468386149,480.7293382400387,20,20:29:11,1
ORD-15206,13.017304215073487,77.56268901889172,2026-08-14 20:57:28.713468396,661.5378029870108,20,20:57:28,5
ORD-15207,12.92543478034134,77.75563414241554,2026-08-14 18:59:58.775430277,447.7396104275989,18,18:59:58,1
ORD-15208,12.980669769475966,77.56859646790028,2026-08-14 21:09:43.157424996,332.9581597055923,21,21:09:43,2
ORD-15209,12.955859460887636,77.62092067774238,2026-08-14 23:04:45.248703906,478.4456636938499,23,23:04:45,4
ORD-15210,12.88277162688138,77.60861839702287,2026-08-14 18:56:44.078210107,495.8958417389353,18,18:56:44,3
ORD-15211,12.896885778459042,77.62525693207077,2026-08-14 19:51:50.181296658,467.6954899085386,19,19:51:50,3
ORD-15212,12.957846785474814,77.7812577102098,2026-08-14 17:56:54.732337314,672.0983341323392,17,17:56:54,1
ORD-15213,12.998764715263526,77.61068044677306,2026-08-14 15:31:57.098911703,600.7952971086058,15,15:31:57,5
ORD-15214,12.940407090742797,77.7321113175685,2026-08-14 21:56:50.389624685,265.3588517067435,21,21:56:50,1
ORD-15215,12.789367992036096,77.68332345000663,2026-08-14 19:56:08.395846447,710.1550521297429,19,19:56:08,3
ORD-15216,12.989069492648918,77.72314283799217,2026-08-14 20:07:08.214754375,120.0,20,20:07:08,1
ORD-15217,12.877237050908343,77.59275229364923,2026-08-14 17:31:59.037436438,802.6536559278745,17,17:31:59,3
ORD-15218,12.960290783718682,77.55827702760452,2026-08-14 19:32:10.468238674,436.9041729664685,19,19:32:10,2
ORD-15219,12.930244545324696,77.6864724655362,2026-08-14 22:44:29.344102639,451.5648395022749,22,22:44:29,4
ORD-15220,12.930111878241126,77.75281347635672,2026-08-14 20:00:07.392031015,470.997564153954,20,20:00:07,1
ORD-15221,13.048715843534024,77.61672530703918,2026-08-14 20:04:22.653822499,537.780814926027,20,20:04:22,5
ORD-15222,12.93960733371699,77.64223227592181,2026-08-14 20:31:07.754500771,479.9605198099736,20,20:31:07,4
ORD-15223,12.95576971327466,77.79548709498562,2026-08-14 16:54:32.560844342,459.9907216744099,16,16:54:32,1
ORD-15224,12.955823449198492,77.68142864369425,2026-08-14 21:33:44.284176921,676.3377464034278,21,21:33:44,4
ORD-15225,12.921504391362085,77.59066429145432,2026-08-14 16:51:43.216965758,564.8394119626274,16,16:51:43,2
ORD-15226,12.961758209573093,77.58553205793218,2026-08-14 17:39:03.459768489,336.17942184438584,17,17:39:03,2
ORD-15227,12.969809811993173,77.60723524543324,2026-08-14 17:22:37.067078936,591.1010871503587,17,17:22:37,2
ORD-15228,12.944414292065138,77.62439691060335,2026-08-14 19:33:42.975300325,558.6160504775008,19,19:33:42,4
ORD-15229,12.93453996968997,77.5182588666817,2026-08-14 19:07:07.925668159,398.2089411628172,19,19:07:07,2
ORD-15230,12.920560600398748,77.63791244212509,2026-08-14 19:59:48.974655226,598.8207639543242,19,19:59:48,3
ORD-15231,12.96600831408644,77.73128009870247,2026-08-14 17:44:12.694562012,456.364109816544,17,17:44:12,1
ORD-15232,12.932857575782498,77.60718337297816,2026-08-14 22:30:49.457882757,446.7489791812349,22,22:30:49,2
ORD-15233,13.028801046719089,77.7931454919724,2026-08-14 22:05:06.248118537,442.6630323850599,22,22:05:06,1
ORD-15234,13.005182781995815,77.62112069399734,2026-08-14 19:33:55.678383975,120.0,19,19:33:55,5
ORD-15235,12.8900441404942,77.64770477957184,2026-08-14 18:48:14.699550709,400.9951000598098,18,18:48:14,3
ORD-15236,12.929771408517633,77.6313248654937,2026-08-14 18:33:05.782559893,586.9759863188401,18,18:33:05,4
ORD-15237,12.933841332038458,77.62594669057468,2026-08-14 19:13:28.695044904,476.6383135644356,19,19:13:28,4
ORD-15238,13.029730326434237,77.62183350155168,2026-08-14 16:29:57.792941239,287.2220355216376,16,16:29:57,5
ORD-15239,13.002571808329026,77.73351535664077,2026-08-14 17:36:03.534190093,624.6946882788056,17,17:36:03,1
ORD-15240,13.006072455436067,77.67367619615814,2026-08-14 22:09:01.083527865,435.2099760684907,22,22:09:01,4
ORD-15241,12.982554912699737,77.80842364298317,2026-08-14 20:45:16.312374683,296.76367640077154,20,20:45:16,1
ORD-15242,12.940650338727384,77.57754726704161,2026-08-14 23:59:59.000000000,810.9018692506522,23,23:59:59,2
ORD-15243,12.935333303010822,77.61372823987195,2026-08-14 19:15:07.243648476,322.02411082683665,19,19:15:07,3
ORD-15244,12.922880033245324,77.65510156627788,2026-08-14 19:05:46.380956038,611.9237266928565,19,19:05:46,4
ORD-15245,12.948440854516178,77.5546797528679,2026-08-14 18:58:48.909679107,364.60288487180935,18,18:58:48,2
ORD-15246,13.046584491778775,77.59429869033602,2026-08-14 19:12:07.519651035,500.37402518607325,19,19:12:07,5
ORD-15247,12.946900230212536,77.58194091981967,2026-08-14 18:21:00.413881681,344.67285549477367,18,18:21:00,2
ORD-15248,12.95969930732818,77.59197718498967,2026-08-14 20:40:38.893932185,294.1043728089512,20,20:40:38,2
ORD-15249,12.972609711317762,77.58392565450531,2026-08-14 20:04:21.936604336,558.3303817007114,20,20:04:21,2
ORD-15250,12.96269037837868,77.73587423320546,2026-08-14 18:43:30.769483456,540.7935817701601,18,18:43:30,1
ORD-15251,13.00838327919543,77.6475907351577,2026-08-14 23:07:40.340217170,651.6974166328597,23,23:07:40,4
ORD-15252,12.995586336525909,77.61572465929476,2026-08-14 23:59:59.000000000,474.8427104556205,23,23:59:59,5
ORD-15253,12.915919988538496,77.7179736381202,2026-08-14 22:54:59.194850161,813.0527691189737,22,22:54:59,1
ORD-15254,12.94237692322,77.61755436754125,2026-08-14 21:23:43.116117751,520.2520001155553,21,21:23:43,4
ORD-15255,12.992323604412087,77.61640538602542,2026-08-14 21:54:15.927536374,565.0162021855818,21,21:54:15,5
ORD-15256,12.953947891797336,77.58592704023283,2026-08-14 23:59:59.000000000,276.2356132339157,23,23:59:59,2
ORD-15257,12.98446351666465,77.54822985436525,2026-08-14 21:54:02.873841835,387.8873527316204,21,21:54:02,2
ORD-15258,12.96369730072556,77.72460338902029,2026-08-14 18:32:13.327326606,557.9519550773966,18,18:32:13,1
ORD-15259,12.940411456504703,77.59459441865684,2026-08-14 20:58:50.452739855,467.36583563796256,20,20:58:50,2
ORD-15260,12.95204010617678,77.63455538004622,2026-08-14 21:33:56.198394570,508.1524702551954,21,21:33:56,4
ORD-15261,13.014561113037477,77.58786487787269,2026-08-14 17:30:47.544533677,357.525936642871,17,17:30:47,5
ORD-15262,13.003813865643908,77.6319749837053,2026-08-14 19:17:15.622632211,498.2920460207432,19,19:17:15,5
ORD-15263,12.89506259154807,77.57091753286205,2026-08-14 22:45:03.526416499,497.7818837387604,22,22:45:03,3
ORD-15264,12.952958871587835,77.67738226537112,2026-08-14 15:26:28.565384554,302.93474701721414,15,15:26:28,4
ORD-15265,13.014120941056406,77.56223508418596,2026-08-14 16:52:26.143094635,576.3824767020886,16,16:52:26,5
ORD-15266,12.98055582738077,77.8142050966599,2026-08-14 19:33:32.336517345,224.99025796230467,19,19:33:32,1
ORD-15267,12.986135901703411,77.64435261498316,2026-08-14 20:53:03.116359551,507.6357120896525,20,20:53:03,4
ORD-15268,12.962855429952908,77.55104304528201,2026-08-14 16:36:21.307995460,744.838904073825,16,16:36:21,2
ORD-15269,12.9631506501776,77.75121640674021,2026-08-14 19:40:58.896735007,582.0825806728624,19,19:40:58,1
ORD-15270,12.938844668580748,77.65657151337035,2026-08-14 22:53:03.916851797,581.1448869055656,22,22:53:03,4
ORD-15271,12.94950396667964,77.52173296696776,2026-08-14 20:10:17.863113669,345.3859987576973,20,20:10:17,2
ORD-15272,12.923850590441754,77.67344166797584,2026-08-14 22:20:51.800492680,745.3593079729292,22,22:20:51,4
ORD-15273,13.041937783422936,77.60541706773137,2026-08-14 18:31:10.972907985,686.5077141903432,18,18:31:10,5
ORD-15274,12.981512873551376,77.56103751062999,2026-08-14 17:58:30.748288897,353.4614965656649,17,17:58:30,2
ORD-15275,12.9587950401792,77.6495691873764,2026-08-14 22:07:19.864472565,408.7855137277685,22,22:07:19,4
ORD-15276,12.89126978264782,77.57318866294929,2026-08-14 20:55:23.389811906,668.1984067390032,20,20:55:23,3
ORD-15277,12.969795390982055,77.81271237957647,2026-08-14 17:02:09.635930030,749.4221067475137,17,17:02:09,1
ORD-15278,12.987390995976952,77.60261915261567,2026-08-14 17:59:52.431754535,290.2970947364568,17,17:59:52,5
ORD-15279,12.944250116494697,77.7810394930821,2026-08-14 23:54:41.231169517,329.44338454131355,23,23:54:41,1
ORD-15280,12.962565150731685,77.61393725371641,2026-08-14 17:41:19.003024776,458.4319865366746,17,17:41:19,4
ORD-15281,12.896561160893231,77.59818337694217,2026-08-14 22:20:08.958720534,154.33589558362274,22,22:20:08,3
ORD-15282,12.913154642780192,77.6278750632835,2026-08-14 18:48:16.319724897,482.8567740314135,18,18:48:16,3
ORD-15283,12.8474224806317,77.58884393354042,2026-08-14 19:59:31.417289096,657.8615271044977,19,19:59:31,3
ORD-15284,12.886510759260991,77.6326779088644,2026-08-14 20:44:11.333588490,264.2044475646376,20,20:44:11,3
ORD-15285,12.934866193194727,77.60034673300014,2026-08-14 14:44:51.169105504,499.0660447462631,14,14:44:51,2
ORD-15286,12.998095195102874,77.60656740080677,2026-08-14 16:20:35.543981154,392.734394250703,16,16:20:35,5
ORD-15287,12.937733143046522,77.6523170913461,2026-08-14 20:12:56.997169084,725.9918923130876,20,20:12:56,4
ORD-15288,12.826899876281802,77.60884714741128,2026-08-14 18:11:21.231925945,394.5312206800424,18,18:11:21,3
ORD-15289,12.915807455445227,77.6032297233789,2026-08-14 22:29:29.231657472,707.8489631622874,22,22:29:29,3
ORD-15290,13.02079856391796,77.7106634606277,2026-08-14 15:59:04.912072187,390.3817393783159,15,15:59:04,1
ORD-15291,12.913459426479417,77.5574445840792,2026-08-14 21:24:47.295506322,595.6763708001195,21,21:24:47,2
ORD-15292,12.98806003279456,77.61587984500869,2026-08-14 16:33:34.009016361,517.7918427544048,16,16:33:34,4
ORD-15293,12.919855688918716,77.62266310611912,2026-08-14 19:07:11.055052700,459.25910002285474,19,19:07:11,3
ORD-15294,13.058068253995062,77.60915771912306,2026-08-14 17:20:20.600121858,361.42071464190366,17,17:20:20,5
ORD-15295,13.0278759474745,77.64038775609413,2026-08-14 23:59:59.000000000,528.464313197684,23,23:59:59,5
ORD-15296,12.955316409979083,77.57495251418666,2026-08-14 16:39:04.570533270,413.9197106272632,16,16:39:04,2
ORD-15297,12.902853436665412,77.55753570763795,2026-08-14 19:41:41.462741679,376.5350662787793,19,19:41:41,2
ORD-15298,12.971195247262203,77.77742138371731,2026-08-14 15:40:58.474667819,700.9084112063581,15,15:40:58,1
ORD-15299,12.913732273978187,77.59624169803006,2026-08-14 23:59:56.131098634,562.1295341239841,23,23:59:56,3
ORD-15300,13.088858080120298,77.54707308951825,2026-08-14 21:00:11.541745595,576.5458427860804,21,21:00:11,5
ORD-15301,12.862826356823296,77.58414843197234,2026-08-14 20:20:32.757806388,421.2602222081606,20,20:20:32,3
ORD-15302,12.981884854900647,77.61051791224365,2026-08-14 23:41:08.816453626,452.1032479375043,23,23:41:08,4
ORD-15303,12.915275342484264,77.57521095342416,2026-08-14 20:22:06.801972804,442.7134998973333,20,20:22:06,2
ORD-15304,13.010152696194115,77.7258032798593,2026-08-14 20:32:56.142205270,530.5858368751466,20,20:32:56,1
ORD-15305,12.9987281294111,77.64749629797211,2026-08-14 20:19:45.527592586,576.2705177763759,20,20:19:45,4
ORD-15306,12.955651812569522,77.62039579994448,2026-08-14 21:24:32.708928988,475.4622944532642,21,21:24:32,4
ORD-15307,12.961336373061483,77.78234343450943,2026-08-14 18:46:08.027544709,361.1032508729039,18,18:46:08,1
ORD-15308,12.872897878434827,77.52530707142061,2026-08-14 19:27:51.414233730,594.0855685539823,19,19:27:51,2
ORD-15309,12.914205629978236,77.5517876316829,2026-08-14 22:01:33.011656117,485.01058023125046,22,22:01:33,2
ORD-15310,12.951715181169954,77.74231656961435,2026-08-14 20:41:36.356564021,263.8745431843529,20,20:41:36,1
ORD-15311,12.94180047361427,77.5958318797502,2026-08-14 19:42:51.804773081,159.70578748804678,19,19:42:51,2
ORD-15312,12.899064854128191,77.57059703181343,2026-08-14 16:29:55.298480724,524.6845763190711,16,16:29:55,3
ORD-15313,12.951479915206768,77.60810980742781,2026-08-14 23:44:42.452560829,355.5789301683444,23,23:44:42,2
ORD-15314,12.915144411524809,77.59703173406774,2026-08-14 18:20:46.913010443,544.6593194094679,18,18:20:46,3
ORD-15315,12.951695300269105,77.62841975587321,2026-08-14 22:28:05.135145773,363.6572536704098,22,22:28:05,4
ORD-15316,12.919141136777936,77.73102707557332,2026-08-14 20:26:21.782865193,499.9778658742511,20,20:26:21,1
ORD-15317,13.041851752723057,77.60791366690158,2026-08-14 16:45:58.945295431,423.2397708056863,16,16:45:58,5
ORD-15318,12.926921336176637,77.5819454606011,2026-08-14 23:07:50.479297776,742.7881215409957,23,23:07:50,2
ORD-15319,12.924405037052669,77.64875588440808,2026-08-14 20:38:10.865817596,622.5473486727967,20,20:38:10,4
ORD-15320,12.9757863822423,77.75467875933832,2026-08-14 23:20:18.108210633,682.0945350281745,23,23:20:18,1
ORD-15321,12.910428931770932,77.7625559485838,2026-08-14 19:32:38.321693377,483.6071653678599,19,19:32:38,1
ORD-15322,13.010309768109783,77.790231697129,2026-08-14 21:45:36.461069703,603.3541408672322,21,21:45:36,1
ORD-15323,13.001791663036215,77.60126800478416,2026-08-14 15:35:37.255997894,493.7475116401712,15,15:35:37,5
ORD-15324,12.946159319601756,77.64786547361668,2026-08-14 18:44:58.057227656,700.438705115059,18,18:44:58,4
ORD-15325,12.908794474521889,77.55535521429813,2026-08-14 16:49:03.060009919,469.11569021155896,16,16:49:03,2
ORD-15326,12.96628550626102,77.65516160218351,2026-08-14 19:03:46.945349654,270.3765989458809,19,19:03:46,4
ORD-15327,12.880999593823253,77.65232575107441,2026-08-14 21:10:46.305655555,180.2067712119092,21,21:10:46,3
ORD-15328,12.973135618970376,77.77733531341126,2026-08-14 18:29:18.779211113,730.2466679346772,18,18:29:18,1
ORD-15329,12.949391753679812,77.61718142237683,2026-08-14 22:09:34.578842749,551.7756711226289,22,22:09:34,4
ORD-15330,12.999334007106995,77.73770327725904,2026-08-14 17:51:30.486208050,561.6385275062612,17,17:51:30,1
ORD-15331,12.970421339116063,77.72730174296734,2026-08-14 22:12:47.129522850,703.4471763437373,22,22:12:47,1
ORD-15332,12.993007363204006,77.6202904821236,2026-08-14 23:16:27.814492866,232.2397584411067,23,23:16:27,5
ORD-15333,12.9375291486188,77.72494609301438,2026-08-14 22:32:01.735215819,426.2098177152288,22,22:32:01,1
ORD-15334,12.982836971039974,77.66716659101223,2026-08-14 19:08:22.298533532,444.589525557745,19,19:08:22,4
ORD-15335,12.88114606041973,77.64756810010299,2026-08-14 14:41:10.917618503,591.3412849810522,14,14:41:10,3
ORD-15336,12.980603635291946,77.76632595905393,2026-08-14 21:27:19.502970636,376.1039662348676,21,21:27:19,1
ORD-15337,12.96819836596618,77.59527406385729,2026-08-14 19:41:12.887567562,299.7939384727815,19,19:41:12,2
ORD-15338,12.92271009017254,77.61852285891625,2026-08-14 17:33:14.463538854,298.447702350434,17,17:33:14,3
ORD-15339,12.934922499439132,77.65134675764725,2026-08-14 18:36:33.488416166,652.412711440803,18,18:36:33,4
ORD-15340,13.02061533668266,77.60384741849093,2026-08-14 23:35:09.827848003,368.6201859295324,23,23:35:09,5
ORD-15341,12.89976278795162,77.62547848813922,2026-08-14 17:09:23.938194509,397.1973773517283,17,17:09:23,3
ORD-15342,12.906018846574831,77.61312571945085,2026-08-14 21:10:14.782580591,575.1747226091857,21,21:10:14,3
ORD-15343,12.924176385564085,77.61211170143142,2026-08-14 20:32:41.623580737,375.158188764765,20,20:32:41,3
ORD-15344,13.003687351930504,77.62971697823421,2026-08-14 19:06:23.511018031,224.25773658665372,19,19:06:23,5
ORD-15345,13.020387358568938,77.56595337198544,2026-08-14 21:36:40.794185817,242.7448239412652,21,21:36:40,5
ORD-15346,12.941128211447994,77.59734749037406,2026-08-14 23:59:59.000000000,471.4788904926813,23,23:59:59,2
ORD-15347,12.984534047388602,77.74944175955581,2026-08-14 19:15:36.256465024,554.5992645547832,19,19:15:36,1
ORD-15348,12.964372828435552,77.79159662382763,2026-08-14 19:23:31.371467306,449.66321342243697,19,19:23:31,1
ORD-15349,12.893698034513072,77.63062803051663,2026-08-14 21:33:18.584144912,544.5664055713603,21,21:33:18,3
ORD-15350,12.889686403056382,77.61404398200561,2026-08-14 22:17:44.185392915,238.07437109885464,22,22:17:44,3
ORD-15351,12.93655486351218,77.61761189987926,2026-08-14 19:40:50.635135662,248.20446885478376,19,19:40:50,4
ORD-15352,12.966924993404948,77.81351272085631,2026-08-14 19:14:11.636375157,818.0903874441362,19,19:14:11,1
ORD-15353,12.975128135466091,77.65251339105534,2026-08-14 14:27:21.181313522,664.917640820502,14,14:27:21,4
ORD-15354,12.979311315209182,77.58105205144338,2026-08-14 18:03:17.919788701,595.3457837847776,18,18:03:17,2
ORD-15355,13.023677478291024,77.76529561677258,2026-08-14 17:09:06.194951392,381.0412993898341,17,17:09:06,1
ORD-15356,12.912704744214103,77.64097000107901,2026-08-14 21:42:41.624966807,444.2990713904324,21,21:42:41,3
ORD-15357,12.968159183753237,77.571183803134,2026-08-14 19:23:24.873462592,479.74840242996,19,19:23:24,2
ORD-15358,12.960659060574296,77.62122269194747,2026-08-14 19:17:32.805550150,677.1519170574786,19,19:17:32,4
ORD-15359,13.03592797104973,77.60937502922684,2026-08-14 19:58:38.493627393,540.4174149667638,19,19:58:38,5
ORD-15360,12.907894680157112,77.63932462995825,2026-08-14 17:49:28.411768871,558.8870701931702,17,17:49:28,3
ORD-15361,12.964943712786162,77.68183984140977,2026-08-14 23:52:59.224680199,454.851759732375,23,23:52:59,4
ORD-15362,12.970038033192674,77.58880473596014,2026-08-14 23:14:43.745205270,598.8997600260127,23,23:14:43,2
ORD-15363,12.891555945308452,77.62891117303539,2026-08-14 23:59:59.000000000,525.348412114691,23,23:59:59,3
ORD-15364,12.917410841611922,77.62176305805019,2026-08-14 21:42:30.755081150,486.60340991185205,21,21:42:30,3
ORD-15365,12.998974229265304,77.66127745708604,2026-08-14 19:55:34.696964803,368.53737417205934,19,19:55:34,4
ORD-15366,12.921437883277566,77.66375423866359,2026-08-14 23:59:59.000000000,462.9642386847552,23,23:59:59,4
ORD-15367,13.00031977128994,77.72875229830186,2026-08-14 18:17:51.298476783,318.07009443300666,18,18:17:51,1
ORD-15368,13.015178733260582,77.56621141653048,2026-08-14 17:49:19.119188703,473.9791491019568,17,17:49:19,5
ORD-15369,12.954494916647146,77.5894951377566,2026-08-14 18:29:46.396367071,493.3367036947349,18,18:29:46,2
ORD-15370,13.007718725025416,77.7963040657921,2026-08-14 21:18:25.841402229,120.0,21,21:18:25,1
ORD-15371,12.939034430586734,77.74350580128925,2026-08-14 18:05:41.053259511,445.44906913492446,18,18:05:41,1
ORD-15372,12.970381734347685,77.78093941061644,2026-08-14 19:36:41.643106038,303.6179693093111,19,19:36:41,1
ORD-15373,13.092127018146346,77.53800776624959,2026-08-14 15:59:43.302355037,554.7958988275042,15,15:59:43,5
ORD-15374,12.960463674886569,77.58528941565538,2026-08-14 21:12:09.878988854,575.5739615326493,21,21:12:09,2
ORD-15375,12.98677655507897,77.58002114932435,2026-08-14 16:12:26.069695352,416.0490273502024,16,16:12:26,2
ORD-15376,12.986571913052272,77.58484623840062,2026-08-14 17:40:10.550506212,562.3533130682874,17,17:40:10,2
ORD-15377,12.91573825909874,77.85059289443035,2026-08-14 23:02:34.504214069,568.6600404502592,23,23:02:34,1
ORD-15378,13.045116225282149,77.60090929455373,2026-08-14 22:57:02.864852875,445.5426240882348,22,22:57:02,5
ORD-15379,12.896772577292651,77.63362471566899,2026-08-14 20:56:08.817805918,710.1430462955486,20,20:56:08,3
ORD-15380,12.929452517558548,77.55840168055497,2026-08-14 20:41:20.972235617,371.2387594490248,20,20:41:20,2
ORD-15381,12.934141059599495,77.62242241061858,2026-08-14 18:40:21.363175612,700.704855487975,18,18:40:21,4
ORD-15382,13.037840617750014,77.76285078917651,2026-08-14 18:04:03.867026320,446.2200856225192,18,18:04:03,1
ORD-15383,12.973807914740268,77.61904856419959,2026-08-14 19:05:39.824720184,353.5010470161049,19,19:05:39,4
ORD-15384,12.91357088437618,77.64828426596668,2026-08-14 16:12:57.112429839,427.2677286293426,16,16:12:57,3
ORD-15385,13.029797205121282,77.6401383842713,2026-08-14 20:37:52.036994583,315.0916158406015,20,20:37:52,5
ORD-15386,12.932477292361533,77.74765643883897,2026-08-14 20:07:19.480123276,597.6836801083804,20,20:07:19,1
ORD-15387,12.988113363956671,77.63171127127724,2026-08-14 17:39:59.208599608,239.58465328870852,17,17:39:59,4
ORD-15388,12.985175014019546,77.62332018840841,2026-08-14 23:55:18.137269572,688.4412830653239,23,23:55:18,4
ORD-15389,12.962998341318428,77.64190545532774,2026-08-14 21:31:02.223392583,339.61991973803094,21,21:31:02,4
ORD-15390,12.92366956133463,77.57675883923062,2026-08-14 21:43:46.576236080,605.4980057768931,21,21:43:46,2
ORD-15391,12.984138210790508,77.66053338609147,2026-08-14 18:46:53.940665648,483.6338791590702,18,18:46:53,4
ORD-15392,12.911205844901607,77.60693964419723,2026-08-14 19:59:48.029297763,520.6222924574395,19,19:59:48,3
ORD-15393,12.995951102736544,77.60130047165705,2026-08-14 21:34:06.354031687,391.4934943083954,21,21:34:06,5
ORD-15394,12.916842365236532,77.57777997779975,2026-08-14 20:22:55.041303902,532.9212000499698,20,20:22:55,2
ORD-15395,12.88994182746528,77.71108522526676,2026-08-14 23:59:59.000000000,500.2461432826296,23,23:59:59,1
ORD-15396,12.92153935478109,77.66290979405979,2026-08-14 19:29:25.911875249,261.3133397746009,19,19:29:25,4
ORD-15397,12.967990517817702,77.57643409983787,2026-08-14 18:44:18.955209875,335.6249995600113,18,18:44:18,2
ORD-15398,12.93861550953163,77.77298820399783,2026-08-14 21:35:08.275888243,398.86318334852905,21,21:35:08,1
ORD-15399,12.975442500825071,77.62012025026536,2026-08-14 16:50:18.174549421,366.7505222810325,16,16:50:18,4
ORD-15400,12.956415239491546,77.5728535538766,2026-08-14 22:18:38.672390773,667.9216418075478,22,22:18:38,2
ORD-15401,12.966091401500467,77.70895564801114,2026-08-14 16:44:53.593794672,481.0521275771249,16,16:44:53,1
ORD-15402,13.017668267217031,77.58698738736179,2026-08-14 21:35:47.261994526,363.1992978540177,21,21:35:47,5
ORD-15403,12.933254331688026,77.63720844514313,2026-08-14 18:22:45.538012446,406.3845263995441,18,18:22:45,4
ORD-15404,12.943124453794082,77.6691778592507,2026-08-14 21:11:29.257322851,404.33053746794,21,21:11:29,4
ORD-15405,12.931358841575577,77.55532846098328,2026-08-14 22:16:06.086514549,436.79257919924015,22,22:16:06,2
ORD-15406,12.950965539132037,77.62838618740243,2026-08-14 20:23:00.790759535,318.70058929206004,20,20:23:00,4
ORD-15407,12.96512134298708,77.74968210220665,2026-08-14 17:00:03.411435234,357.91033341040213,17,17:00:03,1
ORD-15408,12.938860353537727,77.7422926664628,2026-08-14 17:45:29.022799436,594.9910366746316,17,17:45:29,1
ORD-15409,12.910090182035905,77.60548636728788,2026-08-14 18:10:42.067730696,507.801465505037,18,18:10:42,3
ORD-15410,12.81663036053306,77.59996784718483,2026-08-14 15:15:44.937957620,457.14936801896994,15,15:15:44,3
ORD-15411,13.001971515378692,77.71292307594538,2026-08-14 22:49:07.300728587,480.393422597265,22,22:49:07,1
ORD-15412,12.941675057128007,77.65055064492424,2026-08-14 20:16:30.968271807,473.1658865136884,20,20:16:30,4
ORD-15413,12.819423501662593,77.61920229837484,2026-08-14 17:09:40.337593299,448.6303342902534,17,17:09:40,3
ORD-15414,12.834547930033011,77.62036270440501,2026-08-14 23:38:21.073717125,557.5657258061218,23,23:38:21,3
ORD-15415,12.969549007615653,77.66311096049311,2026-08-14 18:14:48.047098757,546.4739978771889,18,18:14:48,4
ORD-15416,13.037169342672795,77.76001055326721,2026-08-14 20:37:35.152401674,244.2355540159177,20,20:37:35,1
ORD-15417,12.940084179877127,77.80128827996245,2026-08-14 17:56:12.565093234,460.2656721136136,17,17:56:12,1
ORD-15418,12.90875353727752,77.55157901382685,2026-08-14 14:57:15.658620039,254.1270900988852,14,14:57:15,2
ORD-15419,12.889319056671551,77.81303658187888,2026-08-14 16:35:20.034970339,575.336580518356,16,16:35:20,1
ORD-15420,12.94683212300152,77.6475790626447,2026-08-14 18:52:43.586122202,595.1499835275425,18,18:52:43,4
ORD-15421,12.980335043187146,77.77008187164006,2026-08-14 22:14:44.671840854,388.3831653537456,22,22:14:44,1
ORD-15422,12.98113271998636,77.65028224699476,2026-08-14 20:51:58.798321373,462.4861566997926,20,20:51:58,4
ORD-15423,12.973566120267805,77.72869928680508,2026-08-14 20:21:01.846135541,163.28395543166312,20,20:21:01,1
ORD-15424,12.968168133217484,77.75957581006416,2026-08-14 14:58:29.751395296,625.918472113804,14,14:58:29,1
ORD-15425,12.975469219184324,77.54287797622864,2026-08-14 23:10:30.775329121,586.4510610377102,23,23:10:30,2
ORD-15426,12.931325466598706,77.67869945018707,2026-08-14 20:33:33.117268460,652.5127892606289,20,20:33:33,4
ORD-15427,12.92445520839408,77.64496538714626,2026-08-14 19:42:05.240970971,702.981621050565,19,19:42:05,4
ORD-15428,12.878375803159717,77.55853989431738,2026-08-14 22:49:51.807989900,296.38360605348373,22,22:49:51,3
ORD-15429,12.88707411856139,77.602310222523,2026-08-14 23:07:07.470512114,613.2066302457663,23,23:07:07,3
ORD-15430,12.893320089525046,77.65538767330871,2026-08-14 22:53:11.312228483,701.8956666627689,22,22:53:11,3
ORD-15431,12.94148331555381,77.68921285164966,2026-08-14 19:22:56.221529670,255.8133193456146,19,19:22:56,4
ORD-15432,12.9307542853925,77.52566072137282,2026-08-14 17:29:28.710952942,454.31831822314297,17,17:29:28,2
ORD-15433,12.972161456226049,77.57166569321355,2026-08-14 22:28:20.306254279,425.4897025155864,22,22:28:20,2
ORD-15434,12.979668678352397,77.56748605798177,2026-08-14 16:35:14.510012366,608.3192796287246,16,16:35:14,2
ORD-15435,12.991594886206247,77.66048592746006,2026-08-14 23:59:59.000000000,120.90884004838802,23,23:59:59,4
ORD-15436,12.90923627754044,77.62004248161576,2026-08-14 20:04:11.995906751,752.3936544348292,20,20:04:11,3
ORD-15437,13.044360932437725,77.62721949250465,2026-08-14 17:20:52.041698704,463.119440370811,17,17:20:52,5
ORD-15438,12.936220316931376,77.58862867852167,2026-08-14 16:55:13.183012591,617.4141603025719,16,16:55:13,2
ORD-15439,13.010685447627996,77.59684313712681,2026-08-14 16:48:21.556583495,470.9644143462614,16,16:48:21,5
ORD-15440,13.014805994256765,77.60957432511876,2026-08-14 20:21:03.266160487,553.8187576469511,20,20:21:03,5
ORD-15441,12.908130477568475,77.64719304721984,2026-08-14 19:59:02.469119462,131.7872612075775,19,19:59:02,3
ORD-15442,12.921655530639264,77.65566428018154,2026-08-14 16:54:36.700438417,422.2676440798935,16,16:54:36,4
ORD-15443,13.066845364641502,77.62824107701698,2026-08-14 19:06:31.897920997,607.1641817015518,19,19:06:31,5
ORD-15444,12.963256180590424,77.59841123337868,2026-08-14 16:34:48.581525178,523.3098520070541,16,16:34:48,2
ORD-15445,12.931270768148304,77.62553468004052,2026-08-14 21:28:23.716253498,234.4738360909864,21,21:28:23,4
ORD-15446,12.963021071898446,77.83620547910712,2026-08-14 19:51:48.660604986,489.213734081492,19,19:51:48,1
ORD-15447,12.905869242386258,77.63063980385748,2026-08-14 19:03:14.377446743,357.18865112077424,19,19:03:14,3
ORD-15448,12.90404695957368,77.60971987971794,2026-08-14 16:46:47.003429392,344.1871123239843,16,16:46:47,3
ORD-15449,12.975171910732328,77.60603409300973,2026-08-14 19:14:58.599597995,251.8958590024924,19,19:14:58,2
ORD-15450,12.881942225063584,77.74864718809104,2026-08-14 18:57:47.449067883,572.8053932860695,18,18:57:47,1
ORD-15451,12.935801434763494,77.64984262677605,2026-08-14 20:47:39.540310886,646.9521665903453,20,20:47:39,4
ORD-15452,13.00558160623947,77.61119812222898,2026-08-14 20:25:03.161803053,798.0214701244267,20,20:25:03,5
ORD-15453,12.93982991567189,77.709157876952,2026-08-14 21:58:48.540918714,258.89274123856075,21,21:58:48,1
ORD-15454,12.923532751596106,77.62687739905866,2026-08-14 18:47:18.811108454,595.1058241839713,18,18:47:18,3
ORD-15455,12.916102061197307,77.6517538961004,2026-08-14 15:20:56.296480232,604.9757055631362,15,15:20:56,4
ORD-15456,12.98608844268867,77.75151310913758,2026-08-14 22:28:39.835889382,392.9242984172988,22,22:28:39,1
ORD-15457,12.938215484773956,77.73313474895804,2026-08-14 17:39:35.707382566,342.3632421886004,17,17:39:35,1
ORD-15458,12.893358564581112,77.64905254724692,2026-08-14 17:13:57.746522863,317.1386518549605,17,17:13:57,3
ORD-15459,12.97932194510616,77.64739676468812,2026-08-14 19:53:31.951093976,400.89701348096776,19,19:53:31,4
ORD-15460,13.05345116554476,77.61050375202512,2026-08-14 20:45:20.434616591,510.3932393783925,20,20:45:20,5
ORD-15461,12.93133658867739,77.62620338151069,2026-08-14 18:40:22.472348568,684.0168015760219,18,18:40:22,4
ORD-15462,12.886048925415636,77.60406977740087,2026-08-14 18:39:11.765866787,645.8007507015175,18,18:39:11,3
ORD-15463,12.97156648687892,77.72424512484307,2026-08-14 19:01:20.763140110,237.68745835970063,19,19:01:20,1
ORD-15464,12.999905277855538,77.72694787716658,2026-08-14 23:32:28.863158938,361.6735127099232,23,23:32:28,1
ORD-15465,12.979170689393692,77.59867979798854,2026-08-14 19:59:35.897211977,674.9460561464206,19,19:59:35,2
ORD-15466,13.061919715776364,77.62852769109098,2026-08-14 17:34:48.334444844,370.3360751107398,17,17:34:48,5
ORD-15467,12.952191141383878,77.50918978295158,2026-08-14 17:36:19.949787873,471.4628754884736,17,17:36:19,2
ORD-15468,13.07759518518046,77.65045578784681,2026-08-14 19:22:22.042383759,224.2066598078872,19,19:22:22,5
ORD-15469,12.952925650048748,77.75828264194355,2026-08-14 20:35:40.721406252,652.9550123269422,20,20:35:40,1
ORD-15470,12.885420891195425,77.54190675226438,2026-08-14 21:12:35.821457696,193.08776912229175,21,21:12:35,2
ORD-15471,12.943944965706017,77.73109513361878,2026-08-14 20:18:37.427434625,233.57841288200717,20,20:18:37,1
ORD-15472,12.922780224402686,77.59093800684978,2026-08-14 17:53:43.139841746,637.6225591255055,17,17:53:43,2
ORD-15473,12.890930119161398,77.60971477874301,2026-08-14 18:56:24.528303953,768.0092519349836,18,18:56:24,3
ORD-15474,12.908242055591144,77.64352335163925,2026-08-14 21:50:05.170936782,436.4083372912628,21,21:50:05,3
ORD-15475,12.99365812279891,77.83331357111575,2026-08-14 17:08:05.172355922,472.9705782205763,17,17:08:05,1
ORD-15476,13.00919879762432,77.75850860704149,2026-08-14 18:50:08.219462303,616.2419339674483,18,18:50:08,1
ORD-15477,12.894890749616632,77.62038115730859,2026-08-14 21:29:37.165720932,523.4171722046074,21,21:29:37,3
ORD-15478,13.047230858597072,77.5790340418848,2026-08-14 22:11:17.532839717,424.0172730935004,22,22:11:17,5
ORD-15479,12.99723059888635,77.70106656948613,2026-08-14 19:31:03.761660178,407.1819567921461,19,19:31:03,1
ORD-15480,13.027246005756188,77.6164550460761,2026-08-14 18:58:19.138704863,244.98030637725248,18,18:58:19,5
ORD-15481,12.959734554834275,77.74276359587998,2026-08-14 16:41:40.938527006,514.941265818033,16,16:41:40,1
ORD-15482,12.96497749485827,77.72075395657593,2026-08-14 21:18:50.759304544,466.2124766895786,21,21:18:50,1
ORD-15483,12.9576865326051,77.5744686814827,2026-08-14 23:17:49.017166321,414.32307313309786,23,23:17:49,2
ORD-15484,12.927735576459346,77.62457767643988,2026-08-14 23:59:59.000000000,329.7277806656417,23,23:59:59,3
ORD-15485,12.945198233457686,77.64335864890333,2026-08-14 20:57:58.015651662,344.9203720059854,20,20:57:58,4
ORD-15486,12.903362873953936,77.67318648662696,2026-08-14 19:52:22.083135204,572.756538076005,19,19:52:22,3
ORD-15487,12.876742597205832,77.58721360170189,2026-08-14 17:42:01.704481642,612.2495472613571,17,17:42:01,3
ORD-15488,12.873752124707556,77.56258054455964,2026-08-14 15:18:10.287776312,430.9325765564074,15,15:18:10,3
ORD-15489,12.98359253518088,77.60189711358693,2026-08-14 20:26:32.633247658,415.1280640130431,20,20:26:32,2
ORD-15490,12.94011026989952,77.60151980628285,2026-08-14 23:59:59.000000000,351.9527930078695,23,23:59:59,2
ORD-15491,13.067566413386636,77.56815221462213,2026-08-14 23:10:37.310066912,620.5230065361387,23,23:10:37,5
ORD-15492,12.999377375301554,77.5640621053188,2026-08-14 22:47:29.078422024,484.6493654483861,22,22:47:29,5
ORD-15493,12.94724223043435,77.77653988351413,2026-08-14 20:36:50.425353521,535.1851468990897,20,20:36:50,1
ORD-15494,13.001833957045452,77.61551155268639,2026-08-14 20:53:55.708442523,533.7705195140194,20,20:53:55,5
ORD-15495,12.93306140594851,77.7343645596997,2026-08-14 13:56:26.274135498,433.8447569199095,13,13:56:26,1
ORD-15496,12.977091455941949,77.56487516633315,2026-08-14 21:54:22.595226876,305.19598502348674,21,21:54:22,2
ORD-15497,12.975883696604525,77.49883185696173,2026-08-14 18:33:05.934873818,330.5800266471121,18,18:33:05,2
ORD-15498,12.94434411696208,77.57676517239956,2026-08-14 18:14:44.453880637,649.1828298971177,18,18:14:44,2
ORD-15499,12.817061971732988,77.56123198044173,2026-08-14 19:11:30.687422563,371.1473527724143,19,19:11:30,3
ORD-15500,12.993485132938972,77.59565992727936,2026-08-14 19:06:26.959594941,418.4456520377474,19,19:06:26,5
ORD-15501,12.9902597607715,77.67858292560597,2026-08-14 18:12:21.279672255,309.84141969431846,18,18:12:21,4
ORD-15502,12.95035662325114,77.63546333871503,2026-08-14 20:02:04.848649584,297.590022161039,20,20:02:04,4
ORD-15503,12.973907588800262,77.50167212937421,2026-08-14 18:36:15.501634127,364.6252504456916,18,18:36:15,2
ORD-15504,12.920990417033586,77.75352364260846,2026-08-14 20:15:02.906601805,733.2610776366688,20,20:15:02,1
ORD-15505,12.956760899806168,77.63463844342483,2026-08-14 16:16:55.399669050,578.7056086788643,16,16:16:55,4
ORD-15506,12.940363726129952,77.62740921988643,2026-08-14 19:27:53.480064312,400.9816692864565,19,19:27:53,4
ORD-15507,13.021685541006413,77.78282963601019,2026-08-14 17:15:33.339692824,642.4315191827993,17,17:15:33,1
ORD-15508,13.004435976535666,77.73042709707157,2026-08-14 18:23:46.956133519,457.155169005533,18,18:23:46,1
ORD-15509,13.00925769429453,77.59970155237647,2026-08-14 20:21:30.589587302,683.1510070487757,20,20:21:30,5
ORD-15510,12.95310444349827,77.63729011449887,2026-08-14 15:59:24.021467205,811.759552559432,15,15:59:24,4
ORD-15511,12.923647951309585,77.55279991337072,2026-08-14 17:56:38.333604551,634.2242608899287,17,17:56:38,2
ORD-15512,12.925025216775609,77.6174366566119,2026-08-14 21:25:20.679463527,494.1826432833866,21,21:25:20,3
ORD-15513,12.901148346814049,77.64136715419129,2026-08-14 16:28:01.399423208,584.896481027454,16,16:28:01,3
ORD-15514,12.960997473471618,77.6140371911043,2026-08-14 23:59:59.000000000,482.26068289233183,23,23:59:59,4
ORD-15515,13.084408003626685,77.58455586650832,2026-08-14 23:00:39.671605176,204.6002454037436,23,23:00:39,5
ORD-15516,13.08863414019144,77.61219444435393,2026-08-14 18:45:49.256239928,381.8061878681933,18,18:45:49,5
ORD-15517,13.035244692854128,77.56592695168817,2026-08-14 18:01:55.112809934,337.2612606520174,18,18:01:55,5
ORD-15518,12.932110891945271,77.61736841702769,2026-08-14 20:30:17.459130019,378.4813437253691,20,20:30:17,3
ORD-15519,12.87255962651622,77.60248346020488,2026-08-14 16:22:52.839686756,749.0507148959166,16,16:22:52,3
ORD-15520,13.007666888696605,77.61750971191425,2026-08-14 14:59:40.715476508,648.3224614281987,14,14:59:40,5
ORD-15521,13.017319816650488,77.55165795132967,2026-08-14 18:51:05.983883527,546.1327202162471,18,18:51:05,5
ORD-15522,12.976530770492843,77.60560071379652,2026-08-14 19:39:53.561101480,601.8514425677037,19,19:39:53,2
ORD-15523,12.937474251527153,77.6211214173073,2026-08-14 20:14:09.845019182,196.18297711412163,20,20:14:09,4
ORD-15524,12.955974093261071,77.5917392163389,2026-08-14 18:27:47.334454939,589.2275569634294,18,18:27:47,2
ORD-15525,12.921050261452578,77.59591417238472,2026-08-14 23:11:05.520565275,620.9436474303252,23,23:11:05,3
ORD-15526,12.941939896134068,77.6000794508987,2026-08-14 16:15:43.743073645,144.03792184690758,16,16:15:43,2
ORD-15527,12.884917187273729,77.64378710434755,2026-08-14 17:09:15.640785377,594.7855130669099,17,17:09:15,3
ORD-15528,12.927604617714168,77.70963589395636,2026-08-14 21:12:59.723605303,266.3889535999372,21,21:12:59,1
ORD-15529,13.011541217174203,77.70812810352764,2026-08-14 17:05:45.173529266,184.4991965330952,17,17:05:45,1
ORD-15530,12.890524430007538,77.61640015197365,2026-08-14 16:59:57.115930224,678.9477325289367,16,16:59:57,3
ORD-15531,12.92456477996816,77.61688207076017,2026-08-14 20:18:30.193129864,328.9426428581487,20,20:18:30,3
ORD-15532,12.905592486232743,77.61820844786565,2026-08-14 17:21:58.296417156,372.6079890923434,17,17:21:58,3
ORD-15533,13.009454826533393,77.6486640206098,2026-08-14 19:40:02.240148714,628.4406814136019,19,19:40:02,4
ORD-15534,12.883531933189172,77.6400706220837,2026-08-14 18:15:01.290963080,434.2142591621398,18,18:15:01,3
ORD-15535,12.95767423513568,77.59791218837083,2026-08-14 17:50:45.026669645,452.97519394063767,17,17:50:45,2
ORD-15536,12.899369294415276,77.66010109749595,2026-08-14 14:44:39.251477895,449.6869640343106,14,14:44:39,3
ORD-15537,12.893219873609414,77.56166676207373,2026-08-14 20:20:56.068375392,532.1398156462178,20,20:20:56,3
ORD-15538,13.002655813686092,77.59581594317386,2026-08-14 16:52:55.290070984,446.0498375413986,16,16:52:55,5
ORD-15539,12.908699971632982,77.65574707005938,2026-08-14 19:34:45.820168225,497.1189111538651,19,19:34:45,3
ORD-15540,12.916649623442702,77.61040349485327,2026-08-14 18:43:11.055914863,404.4662811880941,18,18:43:11,3
ORD-15541,12.925552448831423,77.63197768789514,2026-08-14 19:29:01.427471701,532.7729384819042,19,19:29:01,3
ORD-15542,12.9965386501952,77.52479761477079,2026-08-14 19:37:32.921633881,527.0764547856851,19,19:37:32,2
ORD-15543,13.064708327312408,77.62300533929175,2026-08-14 20:29:02.654258264,764.6828756526273,20,20:29:02,5
ORD-15544,12.911799228119406,77.63765457931856,2026-08-14 18:10:50.166286577,422.8123575489447,18,18:10:50,3
ORD-15545,12.96789959061728,77.57613130252545,2026-08-14 23:06:24.268313460,452.375172329253,23,23:06:24,2
ORD-15546,12.996441827705828,77.56994332114016,2026-08-14 15:22:53.399452300,515.8236488905562,15,15:22:53,5
ORD-15547,12.895463930156644,77.61533743142316,2026-08-14 19:26:00.679933255,624.665346647208,19,19:26:00,3
ORD-15548,13.037172917961549,77.73921101795864,2026-08-14 22:05:26.078787698,316.2622270234198,22,22:05:26,1
ORD-15549,12.934082313848222,77.67462275113665,2026-08-14 21:11:30.952977023,495.5364782662602,21,21:11:30,4
ORD-15550,12.959288865010208,77.70875471504742,2026-08-14 17:33:46.479811243,120.0,17,17:33:46,1
ORD-15551,12.955196780766656,77.7979777141832,2026-08-14 17:58:45.790563108,439.2702124916407,17,17:58:45,1
ORD-15552,12.93038027489693,77.65047303906697,2026-08-14 17:28:58.866966061,640.9090545149041,17,17:28:58,4
ORD-15553,12.942427722419175,77.58753168722623,2026-08-14 21:29:53.048675980,371.0786345479023,21,21:29:53,2
ORD-15554,13.037587670656276,77.56713736586502,2026-08-14 18:09:00.686443360,506.5256422927968,18,18:09:00,5
ORD-15555,12.893204843927291,77.7668679487859,2026-08-14 20:38:16.107793111,400.6641638424596,20,20:38:16,1
ORD-15556,12.970851857851184,77.65463842961523,2026-08-14 20:39:38.712726684,351.0896703399476,20,20:39:38,4
ORD-15557,12.89478868896422,77.66503544231983,2026-08-14 23:59:59.000000000,625.7228997402152,23,23:59:59,3
ORD-15558,13.008279546062752,77.81585674512752,2026-08-14 20:46:59.261338214,323.2111965231519,20,20:46:59,1
ORD-15559,12.980758995193948,77.55833187491659,2026-08-14 17:58:19.703867246,523.9447940794639,17,17:58:19,2
ORD-15560,12.930955617875552,77.71486742645877,2026-08-14 16:20:58.647641402,526.2527431149239,16,16:20:58,1
ORD-15561,12.945362077483365,77.65212083274912,2026-08-14 19:18:37.325568260,352.2300724442064,19,19:18:37,4
ORD-15562,12.949961879176646,77.82254094892669,2026-08-14 19:42:08.227418154,503.3527885436443,19,19:42:08,1
ORD-15563,13.036463795872857,77.74977384420724,2026-08-14 14:28:23.704253485,339.7578243798034,14,14:28:23,1
ORD-15564,12.996336417565242,77.63498471195341,2026-08-14 18:12:55.312557363,558.2687812363737,18,18:12:55,4
ORD-15565,12.919425270428796,77.5541774629591,2026-08-14 20:44:36.172885448,282.758142803566,20,20:44:36,2
ORD-15566,12.908971106526376,77.58753822541226,2026-08-14 18:40:08.798967604,429.05917452122384,18,18:40:08,3
ORD-15567,12.923827696880103,77.61322299004063,2026-08-14 22:25:17.614071353,442.0842510513151,22,22:25:17,3
ORD-15568,13.038005618061472,77.61532896594827,2026-08-14 16:06:14.791997515,646.9433007316005,16,16:06:14,5
ORD-15569,12.935961731852071,77.65519760971493,2026-08-14 21:41:31.945381379,501.0064607567838,21,21:41:31,4
ORD-15570,12.963013434644406,77.64779937699522,2026-08-14 22:17:05.007673734,623.2520235168089,22,22:17:05,4
ORD-15571,12.968709344583129,77.58164600793727,2026-08-14 22:23:28.468282574,563.2036572734818,22,22:23:28,2
ORD-15572,13.025954722156564,77.59285130180898,2026-08-14 16:05:07.292538111,562.2454501343639,16,16:05:07,5
ORD-15573,12.898600585995029,77.64159403236465,2026-08-14 20:47:10.975162716,430.2100214654898,20,20:47:10,3
ORD-15574,12.891386407441985,77.59066098601951,2026-08-14 18:19:41.212933306,633.135882528733,18,18:19:41,3
ORD-15575,12.910352830346678,77.66272193940036,2026-08-14 16:29:04.718022154,426.5744386046996,16,16:29:04,4
ORD-15576,12.899364456065571,77.62620158868093,2026-08-14 18:57:55.190475237,220.52617801048387,18,18:57:55,3
ORD-15577,13.047549678543051,77.63818135528773,2026-08-14 17:44:15.198072893,447.7819247299661,17,17:44:15,5
ORD-15578,12.96682212380116,77.64139739294326,2026-08-14 22:18:06.754213475,548.0214606966102,22,22:18:06,4
ORD-15579,13.005751704601414,77.74941195394078,2026-08-14 21:16:57.570087122,239.006142193078,21,21:16:57,1
ORD-15580,12.957673771564952,77.57944174924026,2026-08-14 17:07:07.999787020,347.23464619194215,17,17:07:07,2
ORD-15581,12.94249848946475,77.72883636864289,2026-08-14 18:11:22.008175521,295.4117339733966,18,18:11:22,1
ORD-15582,13.1142214242061,77.56855954200105,2026-08-14 19:02:53.723169450,598.0075657063445,19,19:02:53,5
ORD-15583,12.887638313705835,77.57356276569129,2026-08-14 19:49:08.353674139,730.9293955518743,19,19:49:08,3
ORD-15584,12.991193411667576,77.5995917487434,2026-08-14 22:30:57.404473234,448.5451268680176,22,22:30:57,5
ORD-15585,12.973236564195927,77.6479940883127,2026-08-14 21:43:37.040938326,559.7295544602389,21,21:43:37,4
ORD-15586,12.921486355364657,77.72174527804964,2026-08-14 20:07:42.527720773,555.8279048849585,20,20:07:42,1
ORD-15587,13.019386506189656,77.58748456143981,2026-08-14 19:20:54.160350946,713.0695419659942,19,19:20:54,5
ORD-15588,12.96946571363063,77.57766116682296,2026-08-14 15:33:59.813688533,382.11706440710896,15,15:33:59,2
ORD-15589,12.882732025009902,77.59948587278167,2026-08-14 23:13:47.978635135,447.0181552862514,23,23:13:47,3
ORD-15590,12.93591825715576,77.73020565331592,2026-08-14 18:52:56.130619208,428.88470258639126,18,18:52:56,1
ORD-15591,12.978632399729785,77.61250617816292,2026-08-14 23:53:13.562163836,491.30508600603946,23,23:53:13,4
ORD-15592,12.8795433036861,77.62389211973718,2026-08-14 20:29:24.983629187,855.6475203175213,20,20:29:24,3
ORD-15593,12.95786844925541,77.61810548168644,2026-08-14 23:59:59.000000000,484.621667279597,23,23:59:59,4
ORD-15594,12.974443961669657,77.73073418445588,2026-08-14 21:30:56.893800297,351.793402108941,21,21:30:56,1
ORD-15595,13.019974829819636,77.63618216566879,2026-08-14 16:25:11.823319012,306.8254159660321,16,16:25:11,5
ORD-15596,13.01116399028797,77.73267814315784,2026-08-14 18:27:50.260677649,667.896751096957,18,18:27:50,1
ORD-15597,12.882912540777824,77.61297104752859,2026-08-14 19:34:37.785353952,351.1118244032881,19,19:34:37,3
ORD-15598,12.91133780717998,77.58879118931519,2026-08-14 17:48:55.954016025,579.5380438798643,17,17:48:55,3
ORD-15599,12.875449294366655,77.60864687107562,2026-08-14 19:03:26.452645362,378.04630061120577,19,19:03:26,3
ORD-15600,12.955657569241165,77.77409214629633,2026-08-14 16:34:57.547572761,289.99608951252424,16,16:34:57,1
ORD-15601,12.993078711803252,77.78852799318979,2026-08-14 20:00:51.491529892,570.7799400452732,20,20:00:51,1
ORD-15602,12.891124655684198,77.63853704076928,2026-08-14 20:35:36.707541098,385.38826998547023,20,20:35:36,3
ORD-15603,12.891138700281822,77.56738550262162,2026-08-14 17:29:23.015335145,543.8138458858341,17,17:29:23,3
ORD-15604,12.920198921706795,77.66190467430471,2026-08-14 23:59:59.000000000,554.8924411269065,23,23:59:59,4
ORD-15605,12.958568857625034,77.64939091309857,2026-08-14 20:09:31.619351524,561.9397867518703,20,20:09:31,4
ORD-15606,12.947110748043212,77.56910683323568,2026-08-14 17:57:29.332204894,439.7776974085221,17,17:57:29,2
ORD-15607,12.968501695011724,77.59848888702399,2026-08-14 15:55:34.146300313,582.9275334757061,15,15:55:34,2
ORD-15608,12.937160421404364,77.81505809224532,2026-08-14 20:08:59.486004575,341.61805073278754,20,20:08:59,1
ORD-15609,12.980681758808029,77.59525786671949,2026-08-14 19:20:55.603204680,120.0,19,19:20:55,2
ORD-15610,12.905256356553304,77.66578383936627,2026-08-14 21:57:27.368165578,586.0338259680162,21,21:57:27,3
ORD-15611,12.934704639957646,77.63212333631034,2026-08-14 19:38:29.667615252,504.8385757256205,19,19:38:29,4
ORD-15612,13.018036402976598,77.62619352001684,2026-08-14 17:00:56.530959580,388.4882633979044,17,17:00:56,5
ORD-15613,12.967113475774978,77.60109276164266,2026-08-14 23:59:59.000000000,259.32708570374325,23,23:59:59,2
ORD-15614,12.920205345111164,77.77034805707686,2026-08-14 21:05:20.623915565,174.51325517469854,21,21:05:20,1
ORD-15615,12.9807328567638,77.60232055222431,2026-08-14 19:21:53.021595615,487.7615022313458,19,19:21:53,2
ORD-15616,12.912246421332444,77.62555328237761,2026-08-14 20:24:41.746783048,727.3178948594929,20,20:24:41,3
ORD-15617,12.921450463823149,77.66325455402013,2026-08-14 21:11:06.377609055,459.216387535353,21,21:11:06,4
ORD-15618,12.953602669447294,77.62959968517708,2026-08-14 16:25:40.290474959,425.79969199626817,16,16:25:40,4
ORD-15619,13.00731195403429,77.58711835015718,2026-08-14 20:23:39.247979665,476.3448236256235,20,20:23:39,5
ORD-15620,12.945421250260582,77.72070738455685,2026-08-14 18:52:28.888740355,806.8807667863155,18,18:52:28,1
ORD-15621,12.9302306089416,77.58506258945803,2026-08-14 21:16:05.699870668,592.78563399797,21,21:16:05,2
ORD-15622,13.063397463157283,77.59843783024331,2026-08-14 18:08:58.362678543,339.96371224494163,18,18:08:58,5
ORD-15623,12.97604709019003,77.63663005811935,2026-08-14 18:29:17.683304126,484.21558558531547,18,18:29:17,4
ORD-15624,12.865096805514716,77.60991229221015,2026-08-14 23:59:59.000000000,529.8655366732411,23,23:59:59,3
ORD-15625,13.078059901220485,77.58452101499749,2026-08-14 23:04:38.208817939,321.54917001317324,23,23:04:38,5
ORD-15626,12.945520622763745,77.78077423668083,2026-08-14 11:45:39.949380294,593.870493351384,11,11:45:39,1
ORD-15627,12.940010982460796,77.70722209981429,2026-08-14 22:53:30.857842179,357.32868042834696,22,22:53:30,1
ORD-15628,12.981207989562265,77.58819768455555,2026-08-14 19:48:57.131763680,253.3581348989894,19,19:48:57,2
ORD-15629,12.89167144100339,77.64679333889981,2026-08-14 18:13:46.361433909,491.4200330759667,18,18:13:46,3
ORD-15630,13.052057066195204,77.5844085744188,2026-08-14 17:28:55.427378631,467.67662107644674,17,17:28:55,5
ORD-15631,12.961403379785628,77.61106374597033,2026-08-14 17:37:37.941345480,479.8467146695958,17,17:37:37,4
ORD-15632,12.976862649691322,77.61460223764617,2026-08-14 18:18:00.576497174,365.3033073505818,18,18:18:00,4
ORD-15633,12.958114097255285,77.64428200759797,2026-08-14 17:10:55.806746863,386.23310731934384,17,17:10:55,4
ORD-15634,12.965975755244814,77.62587582195601,2026-08-14 16:36:48.603050346,649.2669990553667,16,16:36:48,4
ORD-15635,12.903268607007677,77.608312529638,2026-08-14 17:23:56.578642405,546.1628422501122,17,17:23:56,3
ORD-15636,12.983599871302358,77.65824625324336,2026-08-14 20:48:30.544695591,336.48808851340726,20,20:48:30,4
ORD-15637,13.01885931318813,77.62516756052345,2026-08-14 20:07:30.811337137,187.39546583698387,20,20:07:30,5
ORD-15638,12.923718024226313,77.62836640645601,2026-08-14 21:23:22.708063967,342.8375396831685,21,21:23:22,3
ORD-15639,12.988238886224226,77.65125024034971,2026-08-14 19:50:02.671447110,503.59486082402856,19,19:50:02,4
ORD-15640,12.928154525454069,77.5745633741666,2026-08-14 16:43:59.886024197,385.2102422468337,16,16:43:59,2
ORD-15641,13.079767747055447,77.60196573149199,2026-08-14 21:14:09.968311442,373.5524692234769,21,21:14:09,5
ORD-15642,12.929590595813444,77.72133666442592,2026-08-14 17:29:17.796490126,391.62593416040056,17,17:29:17,1
ORD-15643,12.99442227329489,77.78480435984261,2026-08-14 21:36:59.528717899,469.0938655895568,21,21:36:59,1
ORD-15644,12.972224935551877,77.68123598303276,2026-08-14 17:05:06.719973387,597.6941869437524,17,17:05:06,4
ORD-15645,12.998645332720947,77.74147816256284,2026-08-14 18:16:52.710362368,479.9371194081461,18,18:16:52,1
ORD-15646,12.906650288316524,77.59037904933763,2026-08-14 19:05:47.475234889,489.2905532276476,19,19:05:47,3
ORD-15647,12.928339746216814,77.59299280342803,2026-08-14 21:41:09.643209513,446.27094541757697,21,21:41:09,2
ORD-15648,12.97518103138942,77.66142091310213,2026-08-14 20:26:23.975269147,405.0964751767891,20,20:26:23,4
ORD-15649,12.993757329162404,77.5533351339465,2026-08-14 20:03:00.011899358,614.1361306979894,20,20:03:00,2
ORD-15650,12.893072339460666,77.65404871340094,2026-08-14 23:59:59.000000000,591.3603101766295,23,23:59:59,3
ORD-15651,12.896892683007172,77.64937496068718,2026-08-14 15:24:27.151548974,786.7919876499075,15,15:24:27,3
ORD-15652,12.951811137306215,77.62631012596846,2026-08-14 17:24:14.601215695,571.5846447583879,17,17:24:14,4
ORD-15653,12.94520085154726,77.74670146547663,2026-08-14 17:17:49.303697649,405.2378517288805,17,17:17:49,1
ORD-15654,12.94183767842062,77.66063886144053,2026-08-14 15:34:24.129210700,344.3023036334715,15,15:34:24,4
ORD-15655,12.90419925397782,77.61530141051158,2026-08-14 18:12:04.324384026,622.9417891067425,18,18:12:04,3
ORD-15656,12.918168809617631,77.63329374251902,2026-08-14 21:43:09.922474170,357.7519673534835,21,21:43:09,3
ORD-15657,12.896103748186702,77.53682005724895,2026-08-14 18:31:15.173413358,601.4605029783106,18,18:31:15,2
ORD-15658,13.001988780309851,77.58767178097686,2026-08-14 19:10:02.973252123,366.0129009161079,19,19:10:02,5
ORD-15659,12.961574290016676,77.6046425865881,2026-08-14 15:41:37.006549077,532.3737575680921,15,15:41:37,2
ORD-15660,12.881036412120396,77.60768529232088,2026-08-14 18:00:31.269823557,321.03731777004566,18,18:00:31,3
ORD-15661,12.948469327157424,77.60585546193558,2026-08-14 18:50:44.711559712,596.9828031498122,18,18:50:44,2
ORD-15662,13.036501041208853,77.62290274279968,2026-08-14 21:36:21.603802924,294.94925167361265,21,21:36:21,5
ORD-15663,12.964523338261436,77.56180298132368,2026-08-14 15:48:45.752418736,520.9435994260052,15,15:48:45,2
ORD-15664,12.906135560091986,77.65961940477608,2026-08-14 18:51:44.921288510,450.32400986594826,18,18:51:44,3
ORD-15665,13.09477725208666,77.52630258391201,2026-08-14 22:43:01.362270620,495.27096558393896,22,22:43:01,5
ORD-15666,12.954785976821702,77.61885517006124,2026-08-14 18:53:14.250429391,420.6294248757549,18,18:53:14,4
ORD-15667,13.068139393769206,77.57773291089063,2026-08-14 14:42:39.947272932,417.11100789435136,14,14:42:39,5
ORD-15668,12.873310777167449,77.64495710760266,2026-08-14 23:11:52.581996134,503.21718060146577,23,23:11:52,3
ORD-15669,12.883665795855103,77.56150976489803,2026-08-14 21:50:14.072482845,329.67924328652225,21,21:50:14,3
ORD-15670,12.881755951613428,77.60393198238454,2026-08-14 22:10:24.574575709,328.7966907499985,22,22:10:24,3
ORD-15671,12.974680836311022,77.7773863107656,2026-08-14 15:38:25.947179291,426.21757505423824,15,15:38:25,1
ORD-15672,12.940017633907374,77.59536732523956,2026-08-14 23:46:52.101532625,420.3794790421489,23,23:46:52,2
ORD-15673,12.967333424914289,77.73209968649262,2026-08-14 18:04:00.515233999,329.1905304293438,18,18:04:00,1
ORD-15674,12.971038527949707,77.60694608417066,2026-08-14 18:43:35.049502018,618.6322039371997,18,18:43:35,2
ORD-15675,12.948866950285602,77.66212922621436,2026-08-14 18:14:35.005506072,429.82898723525926,18,18:14:35,4
ORD-15676,12.943018543956263,77.63944443758905,2026-08-14 22:22:02.434637597,446.0006695505833,22,22:22:02,4
ORD-15677,12.939173252376728,77.6329377641742,2026-08-14 19:33:01.814827452,280.87075110456806,19,19:33:01,4
ORD-15678,12.857119966813736,77.5468458191652,2026-08-14 21:12:15.669293289,790.745378191818,21,21:12:15,3
ORD-15679,12.940244072697288,77.65214062436212,2026-08-14 20:11:23.109205959,844.0601093332369,20,20:11:23,4
ORD-15680,12.911701684472426,77.6829532865204,2026-08-14 19:45:44.621966764,362.94021323934777,19,19:45:44,4
ORD-15681,12.997322759098902,77.56280805619022,2026-08-14 17:37:58.943426284,663.9129571753647,17,17:37:58,5
ORD-15682,12.928979703346872,77.66959251968032,2026-08-14 23:59:59.000000000,466.2279924393615,23,23:59:59,4
ORD-15683,12.89171025990201,77.64298944786202,2026-08-14 16:20:29.457343453,720.5654389219659,16,16:20:29,3
ORD-15684,12.923903940654682,77.64924137018214,2026-08-14 21:01:50.285766312,530.434962960058,21,21:01:50,4
ORD-15685,13.080154577621144,77.5834817018951,2026-08-14 20:56:29.909328966,494.9643253151098,20,20:56:29,5
ORD-15686,13.010761929509751,77.67234211879952,2026-08-14 22:53:09.206575372,120.0,22,22:53:09,4
ORD-15687,12.930219615807047,77.6103711040623,2026-08-14 23:28:12.810291414,348.2091039859976,23,23:28:12,3
ORD-15688,12.914534573042886,77.62517407581609,2026-08-14 19:39:23.502605249,483.0781004362414,19,19:39:23,3
ORD-15689,12.910416371755211,77.63799275739805,2026-08-14 21:19:33.548753323,509.7999379055968,21,21:19:33,3
ORD-15690,12.977363657751493,77.62066208028088,2026-08-14 23:59:59.000000000,297.7749429093923,23,23:59:59,4
ORD-15691,12.988876799600652,77.67805166045466,2026-08-14 19:50:13.409097700,370.6842706985582,19,19:50:13,4
ORD-15692,12.946239881011298,77.59203907138975,2026-08-14 17:20:02.098724413,563.0170525876229,17,17:20:02,2
ORD-15693,12.950185991414104,77.56616665258585,2026-08-14 19:02:19.786985705,272.5183905399964,19,19:02:19,2
ORD-15694,13.069020812458335,77.55458811273786,2026-08-14 16:44:18.186012470,500.0594585585309,16,16:44:18,5
ORD-15695,12.993489317893884,77.71216117282616,2026-08-14 20:55:46.351298953,665.6930297233583,20,20:55:46,1
ORD-15696,12.998624114194469,77.75060268539556,2026-08-14 22:39:40.105873266,537.8204443667731,22,22:39:40,1
ORD-15697,13.016477349665092,77.78995091024125,2026-08-14 19:41:50.626571392,530.3230114748966,19,19:41:50,1
ORD-15698,13.028627289420074,77.69192865514012,2026-08-14 15:56:51.359554917,176.97728262333544,15,15:56:51,4
ORD-15699,12.974827079189586,77.70944224267514,2026-08-14 22:33:14.857515519,356.7130835373156,22,22:33:14,1
ORD-15700,12.932961693075091,77.67696030147394,2026-08-14 15:33:33.309345908,788.130275038656,15,15:33:33,4
ORD-15701,12.931871695830017,77.75240882801967,2026-08-14 16:08:06.406998693,390.12571236811016,16,16:08:06,1
ORD-15702,12.95201210367112,77.58829525384566,2026-08-14 19:33:14.954512548,669.6714314320602,19,19:33:14,2
ORD-15703,12.98704503968115,77.7393577159677,2026-08-14 20:37:46.067211079,388.3738665965576,20,20:37:46,1
ORD-15704,12.88863599198556,77.58103682163528,2026-08-14 21:03:20.227488825,438.3269247735805,21,21:03:20,3
ORD-15705,12.93835283296295,77.74052247260573,2026-08-14 19:50:04.744031582,557.3380268030278,19,19:50:04,1
ORD-15706,12.974897193754805,77.57343231435662,2026-08-14 23:59:59.000000000,495.10395239910144,23,23:59:59,2
ORD-15707,12.99718351436717,77.67460725954282,2026-08-14 20:09:46.515069749,537.226867650162,20,20:09:46,4
ORD-15708,12.896324314199736,77.57121066817545,2026-08-14 22:35:12.012915776,357.2414617909519,22,22:35:12,3
ORD-15709,12.926060604332791,77.62326647171889,2026-08-14 21:58:02.591076852,309.5594715796865,21,21:58:02,3
ORD-15710,12.918043318281995,77.65628316043917,2026-08-14 16:46:04.136410159,347.1192578414248,16,16:46:04,4
ORD-15711,13.020695399619765,77.61370910223731,2026-08-14 19:34:32.425614430,400.152278780645,19,19:34:32,5
ORD-15712,12.9479382119099,77.61954317112445,2026-08-14 23:59:59.000000000,445.60779269138834,23,23:59:59,4
ORD-15713,12.933214664237454,77.55888784657097,2026-08-14 18:44:20.842314538,635.5913070959731,18,18:44:20,2
ORD-15714,12.904273684315816,77.60763181565454,2026-08-14 18:18:48.415280790,493.1012184037572,18,18:18:48,3
ORD-15715,12.91503009512656,77.7767975087269,2026-08-14 20:25:35.180233293,552.6895653762878,20,20:25:35,1
ORD-15716,12.918445773387129,77.52706993216707,2026-08-14 18:49:43.320636660,501.2401518870198,18,18:49:43,2
ORD-15717,12.96896451610917,77.72404500593873,2026-08-14 18:00:56.658784480,312.6848619706836,18,18:00:56,1
ORD-15718,12.994308776730591,77.6040094242678,2026-08-14 18:47:30.449451322,482.59042890084737,18,18:47:30,5
ORD-15719,12.896782482274748,77.64227764344867,2026-08-14 23:34:48.087042318,499.6173165287304,23,23:34:48,3
ORD-15720,12.912084342119735,77.59721903295618,2026-08-14 19:39:30.431776702,593.9884832011961,19,19:39:30,3
ORD-15721,12.987632548398851,77.71358364422386,2026-08-14 16:40:47.324705208,319.71178955348023,16,16:40:47,1
ORD-15722,12.98479542196302,77.6574099300733,2026-08-14 16:13:14.281157207,173.9383702277459,16,16:13:14,4
ORD-15723,12.955482455816025,77.61525267502519,2026-08-14 23:59:59.000000000,506.4395722755746,23,23:59:59,4
ORD-15724,12.935078297660432,77.64220525253407,2026-08-14 19:26:29.990675093,533.077500238257,19,19:26:29,4
ORD-15725,12.95066681073647,77.58364086480398,2026-08-14 21:05:11.206508689,453.0922790524429,21,21:05:11,2
ORD-15726,12.948015128408798,77.60676535383264,2026-08-14 18:04:17.604962944,484.20313510901866,18,18:04:17,2
ORD-15727,12.928585656442058,77.63012425036126,2026-08-14 20:48:08.873723443,611.8158567874207,20,20:48:08,4
ORD-15728,12.934966249943155,77.65024484144058,2026-08-14 23:38:53.966864414,411.17916352087366,23,23:38:53,4
ORD-15729,12.944948029569044,77.53011407767197,2026-08-14 18:22:09.631346306,438.2038736762131,18,18:22:09,2
ORD-15730,12.98827618775271,77.58405991603342,2026-08-14 21:08:47.281019537,491.8554666920748,21,21:08:47,2
ORD-15731,13.033801884185465,77.72019428586245,2026-08-14 16:29:08.283516987,297.0277981245986,16,16:29:08,1
ORD-15732,12.909312205163554,77.59132788905653,2026-08-14 23:59:59.000000000,457.21541624283685,23,23:59:59,3
ORD-15733,12.952208446556918,77.60083839103667,2026-08-14 20:40:16.823372201,470.4385023998691,20,20:40:16,2
ORD-15734,12.965627204666848,77.62605889399582,2026-08-14 18:58:04.855400829,725.5563321480411,18,18:58:04,4
ORD-15735,12.888476416350052,77.70646303287812,2026-08-14 19:15:19.132890425,435.2826513557309,19,19:15:19,4
ORD-15736,12.91935006273364,77.58989726652663,2026-08-14 18:43:29.656429371,510.00168599167006,18,18:43:29,2
ORD-15737,13.019223373113714,77.73358252837197,2026-08-14 18:51:09.853522889,617.7926408084613,18,18:51:09,1
ORD-15738,12.99340197792456,77.59402750231617,2026-08-14 13:52:52.543718853,354.3772912034358,13,13:52:52,5
ORD-15739,13.021651063612248,77.60163666824985,2026-08-14 19:45:18.308411129,686.3610580314249,19,19:45:18,5
ORD-15740,12.973086828144584,77.64946179980456,2026-08-14 19:39:01.091874549,744.5805348085917,19,19:39:01,4
ORD-15741,12.931958744831755,77.63925201372655,2026-08-14 21:13:17.953835344,475.6655568526987,21,21:13:17,4
ORD-15742,12.98648836334511,77.5603485475663,2026-08-14 18:41:31.706282026,399.086090781093,18,18:41:31,2
ORD-15743,12.950280668907263,77.65842728226622,2026-08-14 18:04:20.673172731,724.0679136585582,18,18:04:20,4
ORD-15744,12.93635555569272,77.6186502370543,2026-08-14 19:58:50.025499923,599.3446309152222,19,19:58:50,4
ORD-15745,12.921718234765784,77.63079513562528,2026-08-14 15:58:08.686937186,492.2953806995754,15,15:58:08,3
ORD-15746,12.939988684337948,77.64839583924653,2026-08-14 20:21:30.808687811,694.0265729423554,20,20:21:30,4
ORD-15747,13.04210121844686,77.64005231696454,2026-08-14 15:20:43.626664305,678.148828282398,15,15:20:43,5
ORD-15748,12.960161886325418,77.66227376452149,2026-08-14 22:48:07.367839477,429.5614569062666,22,22:48:07,4
ORD-15749,12.87655108143074,77.5863453553761,2026-08-14 21:42:38.429600947,517.3094779948725,21,21:42:38,3
ORD-15750,12.970178333123748,77.62015550688137,2026-08-14 17:41:04.327112184,566.5188731888934,17,17:41:04,4
ORD-15751,12.99351326395747,77.54485689271222,2026-08-14 21:39:10.242120042,484.3095044831777,21,21:39:10,2
ORD-15752,12.936905083778782,77.66446637879388,2026-08-14 20:16:43.628018285,271.3694113643579,20,20:16:43,4
ORD-15753,13.075299102213592,77.60088081760124,2026-08-14 17:28:38.907920236,339.26107444526303,17,17:28:38,5
ORD-15754,12.998211829668364,77.57923128719207,2026-08-14 14:56:34.114584938,276.2605821809659,14,14:56:34,5
ORD-15755,12.96495013318109,77.66013974315914,2026-08-14 20:47:27.921150838,553.9386454536007,20,20:47:27,4
ORD-15756,12.90094229677936,77.6399205262218,2026-08-14 18:00:51.463375785,302.3471524314384,18,18:00:51,3
ORD-15757,13.02453864679009,77.72094178782164,2026-08-14 22:44:14.726127265,508.86271062261454,22,22:44:14,1
ORD-15758,12.985978831525255,77.78664076613131,2026-08-14 20:02:06.303604937,754.7855739412736,20,20:02:06,1
ORD-15759,12.970192285361856,77.67008518398654,2026-08-14 18:15:03.755731524,694.1655277368219,18,18:15:03,4
ORD-15760,13.0444551499851,77.62365007184212,2026-08-14 23:59:59.000000000,204.3875029599032,23,23:59:59,5
ORD-15761,12.894740198674354,77.5740045914194,2026-08-14 21:26:28.018433427,288.1947793843491,21,21:26:28,3
ORD-15762,12.887457638525492,77.49294483579968,2026-08-14 10:51:44.221364063,363.5225363730213,10,10:51:44,2
ORD-15763,12.971145154412568,77.62436880131693,2026-08-14 18:47:02.474080882,304.64644661709485,18,18:47:02,4
ORD-15764,12.983818624884671,77.61290627671671,2026-08-14 16:32:23.199071888,231.92784340174,16,16:32:23,4
ORD-15765,12.90420265834171,77.60718867689634,2026-08-14 18:00:01.818560517,478.3739490412139,18,18:00:01,3
ORD-15766,12.989616208676956,77.78384091958645,2026-08-14 19:38:17.408409733,585.7650824124846,19,19:38:17,1
ORD-15767,12.94649347207597,77.66319576008513,2026-08-14 20:53:06.436577288,623.1051058084331,20,20:53:06,4
ORD-15768,12.959416594216393,77.7150999758625,2026-08-14 20:39:12.291679022,408.8285743884286,20,20:39:12,1
ORD-15769,12.92563167612536,77.59008147117576,2026-08-14 22:41:40.857689083,439.21444495266127,22,22:41:40,2
ORD-15770,12.874546261184124,77.56331472705487,2026-08-14 21:35:29.385397578,533.3515867687133,21,21:35:29,3
ORD-15771,12.932258520376571,77.59587751020204,2026-08-14 21:26:12.722362130,463.7271657241277,21,21:26:12,2
ORD-15772,12.96399556830183,77.73741075670047,2026-08-14 20:30:13.430908199,601.5910164143703,20,20:30:13,1
ORD-15773,12.969821031561713,77.65426164061383,2026-08-14 23:13:01.189674533,544.554729425177,23,23:13:01,4
ORD-15774,12.89189262084863,77.60585223754218,2026-08-14 19:12:33.511111282,423.5543364728956,19,19:12:33,3
ORD-15775,12.999550149378935,77.77106776829861,2026-08-14 19:16:27.270581383,201.5045532519835,19,19:16:27,1
ORD-15776,12.91514897131846,77.57028399282625,2026-08-14 15:14:09.839823247,704.854740822299,15,15:14:09,2
ORD-15777,12.911311098384626,77.60641313513588,2026-08-14 22:38:25.476394290,377.08765658335176,22,22:38:25,3
ORD-15778,13.045494801589168,77.6566304504144,2026-08-14 19:48:27.668197988,533.6337968595391,19,19:48:27,5
ORD-15779,12.911159191782415,77.58858876633556,2026-08-14 23:59:59.000000000,192.51124969213535,23,23:59:59,3
ORD-15780,12.912799473311022,77.646210864318,2026-08-14 18:59:10.205774138,478.30251249212927,18,18:59:10,3
ORD-15781,12.919159096163376,77.80087719528062,2026-08-14 20:13:17.203164751,495.03929412932985,20,20:13:17,1
ORD-15782,12.965578902325952,77.56889879991903,2026-08-14 21:21:58.544582476,502.2903108821493,21,21:21:58,2
ORD-15783,12.879193374963323,77.64922822706971,2026-08-14 17:14:42.900243102,932.0689924076994,17,17:14:42,3
ORD-15784,12.929209008166549,77.63047469189641,2026-08-14 20:53:46.929424913,385.3322439309851,20,20:53:46,4
ORD-15785,12.896371589064602,77.57173163880121,2026-08-14 20:05:11.952888515,603.0996340435039,20,20:05:11,3
ORD-15786,12.952769656377583,77.74647924131176,2026-08-14 19:14:26.806292908,558.4848678314065,19,19:14:26,1
ORD-15787,13.012365668576846,77.54330366637595,2026-08-14 22:55:53.435628687,378.2041510998621,22,22:55:53,5
ORD-15788,13.073897491085384,77.59308085134319,2026-08-14 17:44:26.261538804,600.8504104771395,17,17:44:26,5
ORD-15789,12.941551065242988,77.56247902600515,2026-08-14 20:41:14.119017740,455.3518594603796,20,20:41:14,2
ORD-15790,12.89990333971837,77.75342392721483,2026-08-14 23:38:11.978622465,611.2864826365078,23,23:38:11,1
ORD-15791,12.92270286557189,77.65425246467808,2026-08-14 18:14:00.404196393,774.1443935132572,18,18:14:00,4
ORD-15792,12.99238413943555,77.6355566248439,2026-08-14 19:15:28.026155769,502.619833595115,19,19:15:28,4
ORD-15793,12.894663991457724,77.63536542238818,2026-08-14 23:59:59.000000000,437.8312156397323,23,23:59:59,3
ORD-15794,13.00410979361176,77.5509784682788,2026-08-14 21:11:09.519586405,637.733427571562,21,21:11:09,5
ORD-15795,13.037128730487373,77.60204182810342,2026-08-14 18:44:04.222710216,689.4979748901512,18,18:44:04,5
ORD-15796,12.923102122018802,77.65151476700323,2026-08-14 22:00:23.622840706,347.5113690911926,22,22:00:23,4
ORD-15797,13.007510659842186,77.63413300057682,2026-08-14 18:34:47.158035681,412.05643656928873,18,18:34:47,5
ORD-15798,12.968569576397083,77.69326354619336,2026-08-14 16:05:15.756682559,581.3134907761893,16,16:05:15,4
ORD-15799,12.96784936123268,77.62703261364679,2026-08-14 23:25:51.275507387,460.1951984377921,23,23:25:51,4
ORD-15800,12.912777683632198,77.76204000372067,2026-08-14 17:14:32.466622821,336.8501980519819,17,17:14:32,1
ORD-15801,12.95963292127212,77.52809174300606,2026-08-14 23:59:59.000000000,561.1042241843093,23,23:59:59,2
ORD-15802,12.97861543069113,77.73541578046215,2026-08-14 18:46:36.008620840,580.7234573560158,18,18:46:36,1
ORD-15803,13.028070100195466,77.56524166665328,2026-08-14 23:59:59.000000000,429.8421366154537,23,23:59:59,5
ORD-15804,12.964613374835873,77.79871970516635,2026-08-14 16:34:41.960383319,489.2023147996855,16,16:34:41,1
ORD-15805,12.919576052541457,77.65829507455776,2026-08-14 22:33:49.442276396,393.5140396580821,22,22:33:49,4
ORD-15806,12.941578407339213,77.77655646674296,2026-08-14 21:14:57.536456862,315.7143861132041,21,21:14:57,1
ORD-15807,12.97845795494677,77.65312086900762,2026-08-14 22:05:39.716029996,405.440309005772,22,22:05:39,4
ORD-15808,12.916850363963412,77.63255688313545,2026-08-14 22:25:12.204360086,491.0898525263861,22,22:25:12,3
ORD-15809,12.879934520872318,77.70030611402899,2026-08-14 18:45:20.293719469,258.7366167796056,18,18:45:20,3
ORD-15810,12.949797817430303,77.55297615761363,2026-08-14 16:43:40.405421973,416.3980603121762,16,16:43:40,2
ORD-15811,12.959829687552348,77.63889807056371,2026-08-14 19:52:21.740426947,493.1745195889108,19,19:52:21,4
ORD-15812,13.00681509518355,77.57279535090571,2026-08-14 20:33:27.272318266,659.1989865187301,20,20:33:27,5
ORD-15813,12.979305377005376,77.7853253234523,2026-08-14 18:49:13.398409600,433.1111467799203,18,18:49:13,1
ORD-15814,12.90165427165608,77.60437296313344,2026-08-14 20:41:37.985731439,293.1146474836167,20,20:41:37,3
ORD-15815,12.909605865933552,77.53975170868429,2026-08-14 20:49:26.629780573,448.5509980953407,20,20:49:26,2
ORD-15816,12.940159912661112,77.65721512110399,2026-08-14 17:43:29.761981105,395.0146043864864,17,17:43:29,4
ORD-15817,13.007182512256056,77.56412317682458,2026-08-14 20:59:14.741535214,562.8267832586045,20,20:59:14,5
ORD-15818,12.884090568301794,77.5836561941657,2026-08-14 19:19:55.091786748,429.3142010456656,19,19:19:55,3
ORD-15819,13.000624579029829,77.60001976569086,2026-08-14 18:15:00.171898170,120.0,18,18:15:00,5
ORD-15820,13.045925662255582,77.63696408247077,2026-08-14 21:58:06.376244016,1033.7436751796708,21,21:58:06,5
ORD-15821,12.943930220426925,77.74230104696645,2026-08-14 18:03:27.079094758,501.35449373863946,18,18:03:27,1
ORD-15822,12.973811192911644,77.60321161069159,2026-08-14 18:51:29.991690857,493.3787265462869,18,18:51:29,2
ORD-15823,12.87224320619117,77.58667253663124,2026-08-14 20:10:48.457651680,248.7885042004452,20,20:10:48,3
ORD-15824,12.902363705207256,77.63700069049955,2026-08-14 23:26:08.804585888,260.3146101057582,23,23:26:08,3
ORD-15825,12.938441854874393,77.75948619885014,2026-08-14 20:28:55.056699519,466.2076563490451,20,20:28:55,1
ORD-15826,12.890837717351078,77.53578175115607,2026-08-14 21:19:14.594992272,530.425699846746,21,21:19:14,2
ORD-15827,12.945931692544368,77.62969622885414,2026-08-14 19:15:21.217176032,585.3171208765128,19,19:15:21,4
ORD-15828,12.987921523549808,77.72644544732921,2026-08-14 19:48:13.593380613,515.6156485977391,19,19:48:13,1
ORD-15829,12.944315943362422,77.60865134004685,2026-08-14 19:52:40.104898324,302.1086695247799,19,19:52:40,2
ORD-15830,13.031565685038585,77.64119088033272,2026-08-14 20:43:59.756124153,120.0,20,20:43:59,5
ORD-15831,12.98646047836165,77.5833444310451,2026-08-14 19:15:36.291842566,464.9666475932692,19,19:15:36,2
ORD-15832,12.98177293173442,77.63086002967039,2026-08-14 23:20:59.998969286,399.9037994086308,23,23:20:59,4
ORD-15833,13.001594498368014,77.77487709088113,2026-08-14 19:04:01.503853481,290.61424138315726,19,19:04:01,1
ORD-15834,13.029431909658015,77.61789696349085,2026-08-14 15:43:54.829783152,604.2087336158438,15,15:43:54,5
ORD-15835,13.002881662908576,77.65130555397349,2026-08-14 23:59:59.000000000,243.6634876230017,23,23:59:59,4
ORD-15836,12.96249841366266,77.58513374287617,2026-08-14 19:10:53.681781506,572.5453259184874,19,19:10:53,2
ORD-15837,12.924011136060146,77.75544804041851,2026-08-14 23:16:58.528083822,268.4793037473778,23,23:16:58,1
ORD-15838,12.925580208854727,77.63491604213614,2026-08-14 23:30:43.117577638,500.1133028374997,23,23:30:43,4
ORD-15839,12.96398621507632,77.60676973207802,2026-08-14 22:21:46.928810253,620.0961483027933,22,22:21:46,2
ORD-15840,13.043334551643458,77.68842495429858,2026-08-14 19:30:17.755023623,429.3100026596589,19,19:30:17,5
ORD-15841,12.949876965536156,77.59655178627355,2026-08-14 20:43:00.163378869,733.4879751760233,20,20:43:00,2
ORD-15842,12.868447230010892,77.61743789682953,2026-08-14 16:48:49.408116256,767.6829488390256,16,16:48:49,3
ORD-15843,12.884198955555268,77.61885002356885,2026-08-14 23:59:59.000000000,515.5762500029483,23,23:59:59,3
ORD-15844,12.929116923683305,77.62204894932675,2026-08-14 17:52:13.746016356,561.207805588541,17,17:52:13,3
ORD-15845,12.882434520283262,77.6562955807976,2026-08-14 19:21:54.891335332,639.1063299474779,19,19:21:54,3
ORD-15846,12.938632815759792,77.66050972037634,2026-08-14 20:14:50.878383362,561.6639558728234,20,20:14:50,4
ORD-15847,12.901488708873911,77.56347143946329,2026-08-14 19:43:53.042206467,545.5864826397816,19,19:43:53,2
ORD-15848,12.927187523582443,77.70478673912164,2026-08-14 18:21:28.140459359,401.3895895835868,18,18:21:28,4
ORD-15849,12.988323495352224,77.64629227077751,2026-08-14 23:29:09.051468492,226.8965737233432,23,23:29:09,4
ORD-15850,12.915426696567067,77.64651973543901,2026-08-14 22:22:32.513551395,271.48568801257846,22,22:22:32,3
ORD-15851,12.925079527965254,77.6471112437212,2026-08-14 20:48:18.424838931,837.3551038142278,20,20:48:18,4
ORD-15852,12.9512996915718,77.5322156328653,2026-08-14 19:00:04.022496029,528.3688436707502,19,19:00:04,2
ORD-15853,12.920764078585703,77.60795709991699,2026-08-14 22:39:38.482846600,443.1474777913003,22,22:39:38,3
ORD-15854,12.867118027346969,77.79674085715956,2026-08-14 18:50:19.782305002,669.4990888676864,18,18:50:19,1
ORD-15855,13.048178778156188,77.6220854676701,2026-08-14 23:55:33.526563040,367.5813040707256,23,23:55:33,5
ORD-15856,12.920754825228183,77.56420471314522,2026-08-14 20:16:40.988239351,567.4662401119782,20,20:16:40,2
ORD-15857,12.953892203471094,77.62160933861043,2026-08-14 23:04:28.033742754,491.5788050340057,23,23:04:28,4
ORD-15858,12.936324040940132,77.66256624448197,2026-08-14 19:42:55.617064348,549.0041251655404,19,19:42:55,4
ORD-15859,12.99827223558519,77.66184330959814,2026-08-14 20:10:43.798638369,429.5385196059215,20,20:10:43,4
ORD-15860,12.976984898010572,77.57040756467731,2026-08-14 23:03:48.789553128,335.29585390644297,23,23:03:48,2
ORD-15861,12.965005410358197,77.60914821803885,2026-08-14 23:59:59.000000000,356.5693390290537,23,23:59:59,2
ORD-15862,12.970754978164754,77.57315381169964,2026-08-14 23:54:03.301357544,362.4173696609554,23,23:54:03,2
ORD-15863,12.97009881653127,77.80633395799634,2026-08-14 22:11:34.211574401,479.5544531516766,22,22:11:34,1
ORD-15864,12.908192689514912,77.64268541492042,2026-08-14 21:28:23.550896618,246.57972292890852,21,21:28:23,3
ORD-15865,12.98705911345256,77.78345512122837,2026-08-14 18:43:57.461787663,292.8857077466861,18,18:43:57,1
ORD-15866,12.888258381044004,77.5819109415477,2026-08-14 20:44:17.067669949,500.32864462938034,20,20:44:17,3
ORD-15867,12.93590951622428,77.5708722374466,2026-08-14 17:43:02.557344029,460.8487433379128,17,17:43:02,2
ORD-15868,13.026359078768593,77.60585068301305,2026-08-14 20:56:22.039203163,508.5347301385048,20,20:56:22,5
ORD-15869,13.034062246243243,77.60869513662445,2026-08-14 21:06:00.455946242,473.2434698500337,21,21:06:00,5
ORD-15870,12.957082996480558,77.66525665464675,2026-08-14 15:05:52.393726786,857.842531033232,15,15:05:52,4
ORD-15871,12.901436984388672,77.61872210681702,2026-08-14 20:05:48.647482725,499.010765098631,20,20:05:48,3
ORD-15872,13.001489440713137,77.60733072221655,2026-08-14 21:02:13.874091802,423.1380525769087,21,21:02:13,5
ORD-15873,13.074875076207377,77.63073082570105,2026-08-14 19:47:26.611285749,495.16976780422647,19,19:47:26,5
ORD-15874,12.91806601999643,77.7608667746952,2026-08-14 20:53:42.439549709,632.9932563765494,20,20:53:42,1
ORD-15875,12.974936161527182,77.76154855757441,2026-08-14 16:38:44.499809793,472.5557415933803,16,16:38:44,1
ORD-15876,12.901506063207313,77.54380781708306,2026-08-14 18:03:37.221249958,582.7092537954369,18,18:03:37,2
ORD-15877,12.89993964999927,77.60667717510205,2026-08-14 22:35:14.443468475,539.4068946603325,22,22:35:14,3
ORD-15878,13.01127445566601,77.8136058786904,2026-08-14 20:00:05.144990812,436.4376634736034,20,20:00:05,1
ORD-15879,13.02048092461781,77.62470648237736,2026-08-14 20:50:58.910831834,496.6313698322928,20,20:50:58,5
ORD-15880,12.900048090819514,77.61018863387537,2026-08-14 18:38:01.309553623,719.8383171288114,18,18:38:01,3
ORD-15881,12.923947411834456,77.58796463366734,2026-08-14 20:02:55.446209492,516.4617442556946,20,20:02:55,2
ORD-15882,12.990002197838477,77.7752170137889,2026-08-14 14:14:41.890378783,332.09684637433946,14,14:14:41,1
ORD-15883,12.997170152189792,77.67667971115951,2026-08-14 22:06:54.107445787,432.0734359300687,22,22:06:54,4
ORD-15884,12.939939307520042,77.62724900464323,2026-08-14 23:59:59.000000000,162.8629125400792,23,23:59:59,4
ORD-15885,12.947252409245792,77.5616672416575,2026-08-14 17:20:14.842057068,500.609806012932,17,17:20:14,2
ORD-15886,12.990224064696523,77.63715557467697,2026-08-14 17:38:57.010312414,676.809351567422,17,17:38:57,4
ORD-15887,12.94498047202316,77.58362814083203,2026-08-14 21:06:07.919084137,278.7891347799219,21,21:06:07,2
ORD-15888,13.046655383913553,77.60177494213235,2026-08-14 23:41:04.913614561,502.45991017620736,23,23:41:04,5
ORD-15889,12.93219171863526,77.55110829492693,2026-08-14 19:59:41.124143553,627.814770880393,19,19:59:41,2
ORD-15890,12.91384109421843,77.61289498925193,2026-08-14 16:55:36.137812687,643.6707949794727,16,16:55:36,3
ORD-15891,12.97199663324287,77.61826355647774,2026-08-14 19:28:42.444870259,671.9701758413746,19,19:28:42,4
ORD-15892,12.964058314934247,77.61430427136666,2026-08-14 17:25:30.611277194,199.7619252981745,17,17:25:30,4
ORD-15893,12.930139463143574,77.68831756367128,2026-08-14 18:19:40.383364181,555.7396431917715,18,18:19:40,4
ORD-15894,12.974424980435426,77.6765252914034,2026-08-14 19:14:23.630107620,254.1652222358092,19,19:14:23,4
ORD-15895,12.94752040568818,77.6170212990294,2026-08-14 17:40:36.078705825,330.2501795141293,17,17:40:36,4
ORD-15896,12.89641932083091,77.53239889990797,2026-08-14 18:03:18.848482429,603.1683389412759,18,18:03:18,2
ORD-15897,12.935099520046132,77.71921377917926,2026-08-14 20:11:10.806002000,503.70706827774256,20,20:11:10,1
ORD-15898,12.992218700714426,77.62238421201289,2026-08-14 20:32:15.322309235,588.950411135906,20,20:32:15,4
ORD-15899,12.978142446839408,77.63946924268318,2026-08-14 16:26:24.176995611,340.63250927974525,16,16:26:24,4
ORD-15900,12.91352670769278,77.68287048444634,2026-08-14 20:59:27.435502584,701.0404665244315,20,20:59:27,4
ORD-15901,12.930446615688128,77.58932957580687,2026-08-14 19:02:42.595231817,583.2500900761576,19,19:02:42,2
ORD-15902,12.916324047673616,77.65727773121199,2026-08-14 21:48:02.353711973,613.3947178940189,21,21:48:02,4
ORD-15903,12.891407292937185,77.69949096487878,2026-08-14 21:57:04.477686191,317.9749835827296,21,21:57:04,4
ORD-15904,12.931442861214215,77.67879822023534,2026-08-14 18:38:19.129371405,655.7101860318928,18,18:38:19,4
ORD-15905,12.924504464191306,77.56279583910076,2026-08-14 21:32:07.329246340,432.5757635039396,21,21:32:07,2
ORD-15906,12.92789916925584,77.80855463959958,2026-08-14 17:54:27.395642711,388.3160594781914,17,17:54:27,1
ORD-15907,13.014060282042132,77.56399628196425,2026-08-14 23:18:33.858565518,573.8195310068493,23,23:18:33,5
ORD-15908,12.98690803962208,77.65988839519554,2026-08-14 18:00:07.774192292,567.4817662181908,18,18:00:07,4
ORD-15909,12.97979208751434,77.5912485341907,2026-08-14 20:52:54.746477630,352.97717283639935,20,20:52:54,2
ORD-15910,12.916421302564496,77.7546608271277,2026-08-14 19:31:51.517698200,788.445151528878,19,19:31:51,1
ORD-15911,12.939629414657578,77.59566106312967,2026-08-14 17:27:27.949371862,752.1525864584662,17,17:27:27,2
ORD-15912,12.968336437747366,77.54941815184971,2026-08-14 22:15:08.241856068,570.7552711217654,22,22:15:08,2
ORD-15913,12.99988932679542,77.71161812345484,2026-08-14 18:27:52.813720199,544.5605134097532,18,18:27:52,1
ORD-15914,13.00155073623013,77.57797651534175,2026-08-14 15:44:59.350515195,529.4679339390444,15,15:44:59,5
ORD-15915,12.906710987143832,77.60315340525678,2026-08-14 12:47:41.879731488,247.5005060971993,12,12:47:41,3
ORD-15916,12.92780364297282,77.64221501289417,2026-08-14 17:48:44.597750148,496.9211081882194,17,17:48:44,4
ORD-15917,12.889556431326884,77.63762043808151,2026-08-14 23:26:23.175773691,494.9312372843622,23,23:26:23,3
ORD-15918,12.992201962836152,77.8090854968516,2026-08-14 23:08:39.646207533,393.59824706424286,23,23:08:39,1
ORD-15919,12.984421461923938,77.6128237218478,2026-08-14 18:12:12.614378872,433.5976241997623,18,18:12:12,4
ORD-15920,12.984203493413974,77.60253180563906,2026-08-14 19:03:49.905767688,122.80614079267906,19,19:03:49,2
ORD-15921,12.926310962551195,77.6478032920695,2026-08-14 18:50:15.782319996,315.40906048125134,18,18:50:15,4
ORD-15922,12.885407828577495,77.71038785355239,2026-08-14 16:39:59.110690954,618.2739437260934,16,16:39:59,1
ORD-15923,12.967542440222765,77.68583917166556,2026-08-14 17:37:40.513155390,739.6795352459042,17,17:37:40,4
ORD-15924,12.937385644183207,77.64377007577956,2026-08-14 22:27:10.345674607,338.49289720563434,22,22:27:10,4
ORD-15925,12.90051835988166,77.64100236819554,2026-08-14 21:15:34.990842415,507.4272982463908,21,21:15:34,3
ORD-15926,12.993255987578213,77.50799173836837,2026-08-14 20:40:57.799726769,644.7573494095975,20,20:40:57,2
ORD-15927,12.8889251283179,77.5591584283534,2026-08-14 16:39:43.680495052,401.9677461157869,16,16:39:43,3
ORD-15928,12.968327435765584,77.67364871092781,2026-08-14 20:15:06.328926306,581.4372265851923,20,20:15:06,4
ORD-15929,12.87879748246554,77.62811004626325,2026-08-14 14:14:25.395274608,474.931545662976,14,14:14:25,3
ORD-15930,12.968498474422526,77.56955781603483,2026-08-14 22:06:25.224221345,658.5602982638023,22,22:06:25,2
ORD-15931,12.956140636417391,77.72969426972564,2026-08-14 20:38:47.174106634,287.6323890497065,20,20:38:47,1
ORD-15932,12.961379838951952,77.58149272271832,2026-08-14 16:38:12.907931102,314.313505684852,16,16:38:12,2
ORD-15933,12.974939458101918,77.61679229236177,2026-08-14 23:59:59.000000000,521.9308753414217,23,23:59:59,4
ORD-15934,12.98636694141848,77.74241227889092,2026-08-14 15:30:34.518067483,494.4309149850655,15,15:30:34,1
ORD-15935,12.897866400362089,77.60263461985288,2026-08-14 21:19:32.755640246,471.5514155260005,21,21:19:32,3
ORD-15936,12.987861499149403,77.59550851273582,2026-08-14 21:23:16.545920808,566.3751240306724,21,21:23:16,5
ORD-15937,12.898764817360068,77.64492017492046,2026-08-14 16:54:02.966045828,340.4025653163396,16,16:54:02,3
ORD-15938,12.930176636570195,77.57496681241967,2026-08-14 19:54:19.343782709,274.5846582567857,19,19:54:19,2
ORD-15939,13.047902371732086,77.73766323690447,2026-08-14 15:54:28.549420624,404.9837837956912,15,15:54:28,1
ORD-15940,12.956574569111352,77.75559423731679,2026-08-14 12:53:02.631153059,421.7582161952852,12,12:53:02,1
ORD-15941,12.99575408692231,77.56570891357184,2026-08-14 17:19:49.113957615,437.4379228413133,17,17:19:49,5
ORD-15942,12.94485950472972,77.69755452566278,2026-08-14 18:27:30.375519642,670.3568567030815,18,18:27:30,4
ORD-15943,12.932405503825889,77.53966331072438,2026-08-14 21:36:38.305627297,595.5625870198813,21,21:36:38,2
ORD-15944,12.956756110146378,77.64804088854149,2026-08-14 20:10:06.672765547,559.9859803733143,20,20:10:06,4
ORD-15945,13.016378137047395,77.73812324544544,2026-08-14 20:14:01.909134475,513.2999391943966,20,20:14:01,1
ORD-15946,12.998732812910134,77.69976209105336,2026-08-14 17:27:50.205390448,414.8717316426668,17,17:27:50,1
ORD-15947,12.884669857064171,77.60760197589603,2026-08-14 18:40:29.898263628,351.90822648248326,18,18:40:29,3
ORD-15948,12.966931005265565,77.61251061238299,2026-08-14 17:40:30.660511178,300.42638689619685,17,17:40:30,4
ORD-15949,13.045943391844832,77.60673278584507,2026-08-14 16:56:15.233936732,375.8239724293987,16,16:56:15,5
ORD-15950,12.974022279390535,77.60314227576117,2026-08-14 18:30:56.705157115,473.5617017458517,18,18:30:56,2
ORD-15951,12.959289978797088,77.59541910676506,2026-08-14 20:11:10.611465867,306.75236997260004,20,20:11:10,2
ORD-15952,13.105214542957226,77.5689863113496,2026-08-14 18:34:06.253325181,505.42796366049134,18,18:34:06,5
ORD-15953,12.88571637439225,77.62933844347208,2026-08-14 19:11:28.475975175,450.8342809146533,19,19:11:28,3
ORD-15954,12.937992595100132,77.63593983421913,2026-08-14 21:44:14.233298203,420.4052382685196,21,21:44:14,4
ORD-15955,12.924555982842232,77.57193627304174,2026-08-14 18:44:53.210231784,654.2299351817455,18,18:44:53,2
ORD-15956,13.02626756251778,77.78127397720611,2026-08-14 16:39:54.300321109,120.0,16,16:39:54,1
ORD-15957,13.017363248294348,77.73150841888113,2026-08-14 21:24:31.081694411,422.4405682072605,21,21:24:31,1
ORD-15958,13.050378324065033,77.60390789617821,2026-08-14 20:39:52.646836575,127.13438315557828,20,20:39:52,5
ORD-15959,13.075280091917053,77.63760868461404,2026-08-14 20:49:17.935483551,515.7844009394164,20,20:49:17,5
ORD-15960,12.976556778103534,77.69687171038548,2026-08-14 21:33:52.547917821,594.3272374798389,21,21:33:52,4
ORD-15961,12.990188166048068,77.60235956017915,2026-08-14 21:08:29.773745772,277.33406936792977,21,21:08:29,5
ORD-15962,12.94850470355131,77.76422897483934,2026-08-14 20:04:18.558232242,296.54136241629146,20,20:04:18,1
ORD-15963,12.98291172580416,77.63393735736148,2026-08-14 23:59:59.000000000,225.25502524343165,23,23:59:59,4
ORD-15964,12.92010758895023,77.5868707927787,2026-08-14 16:47:15.281283282,489.5462989069752,16,16:47:15,2
ORD-15965,12.936455905736194,77.61925938991936,2026-08-14 18:32:02.244493603,428.8817585693959,18,18:32:02,4
ORD-15966,12.931629063675205,77.60512370057643,2026-08-14 22:25:06.009282104,438.201790441261,22,22:25:06,2
ORD-15967,12.934214158204266,77.62337349171695,2026-08-14 20:21:23.276628860,424.8042540771178,20,20:21:23,4
ORD-15968,12.930891703762189,77.57628297277016,2026-08-14 21:53:41.307306101,333.96014034480913,21,21:53:41,2
ORD-15969,12.97677004149215,77.57010867772061,2026-08-14 20:25:27.807865832,649.7811035844055,20,20:25:27,2
ORD-15970,13.04436711943891,77.5882807648779,2026-08-14 23:26:06.508960439,520.8511020197441,23,23:26:06,5
ORD-15971,12.929746682123634,77.61318262156965,2026-08-14 17:28:52.402299301,302.3004694833594,17,17:28:52,3
ORD-15972,13.005574056254387,77.57974151886583,2026-08-14 23:21:22.139004660,374.9179776251248,23,23:21:22,5
ORD-15973,12.917160888946398,77.58308000991896,2026-08-14 22:55:38.968438838,349.1896838298786,22,22:55:38,2
ORD-15974,12.98356824205644,77.743680739819,2026-08-14 16:58:27.397971927,690.8891855209592,16,16:58:27,1
ORD-15975,12.942362066050766,77.59186712860284,2026-08-14 21:34:35.988688989,586.6828909024298,21,21:34:35,2
ORD-15976,13.026110302258132,77.58495647394074,2026-08-14 19:53:32.640609871,461.026581461617,19,19:53:32,5
ORD-15977,12.917048124955748,77.64259501058798,2026-08-14 18:29:00.761827928,736.0831777430789,18,18:29:00,3
ORD-15978,12.9842301213348,77.61283029923966,2026-08-14 15:16:42.427292541,697.8065392798776,15,15:16:42,4
ORD-15979,12.956104902566372,77.60294953247238,2026-08-14 17:28:22.676959944,445.39336587873447,17,17:28:22,2
ORD-15980,12.918747028248433,77.59917540213605,2026-08-14 21:46:13.009261661,418.4152016814286,21,21:46:13,3
ORD-15981,12.943789340961995,77.66143779413628,2026-08-14 22:02:04.571423345,425.6454066153977,22,22:02:04,4
ORD-15982,12.977622992179764,77.64025584962248,2026-08-14 19:28:23.605674814,337.0880106046604,19,19:28:23,4
ORD-15983,12.97258563622066,77.65814761259365,2026-08-14 22:02:32.866288290,740.0961672700744,22,22:02:32,4
ORD-15984,12.990637775433722,77.56303194179321,2026-08-14 22:21:47.340701047,329.0381245411684,22,22:21:47,2
ORD-15985,12.966879171410929,77.64555530158907,2026-08-14 20:23:11.759627637,610.245647314116,20,20:23:11,4
ORD-15986,12.940602166078635,77.60340557712996,2026-08-14 18:11:38.997385348,583.5814696363244,18,18:11:38,2
ORD-15987,12.964689261171529,77.55387943771301,2026-08-14 21:06:09.487015341,434.2701032664651,21,21:06:09,2
ORD-15988,12.932089685015798,77.64059737865058,2026-08-14 21:13:02.862368930,751.5067655496675,21,21:13:02,4
ORD-15989,12.998314315311395,77.5920200007644,2026-08-14 21:41:05.499513153,246.13555183777075,21,21:41:05,5
ORD-15990,12.945733893182483,77.59663539730599,2026-08-14 22:09:48.629430020,468.0463048531665,22,22:09:48,2
ORD-15991,12.940829638031726,77.5898734389348,2026-08-14 16:35:40.518852709,406.64397525892434,16,16:35:40,2
ORD-15992,12.99965739009163,77.61713069004172,2026-08-14 18:43:30.636791708,624.088972540628,18,18:43:30,5
ORD-15993,12.94145055447848,77.61742587597905,2026-08-14 15:15:12.407888810,533.0348796562752,15,15:15:12,4
ORD-15994,12.905942107834171,77.56814405707023,2026-08-14 21:52:02.964345198,220.9057232000261,21,21:52:02,2
ORD-15995,12.903749975013348,77.6494039280055,2026-08-14 19:28:09.196968176,665.9219165619679,19,19:28:09,3
ORD-15996,12.994558619324948,77.59454498674194,2026-08-14 21:04:37.326636277,552.8192584386852,21,21:04:37,5
ORD-15997,13.021215308074312,77.58335832523592,2026-08-14 16:18:38.891266289,324.67622070556035,16,16:18:38,5
ORD-15998,12.975407471705129,77.5572046879954,2026-08-14 23:30:08.827647237,427.54813428204113,23,23:30:08,2
ORD-15999,12.923016242917956,77.6169550688524,2026-08-14 17:00:50.947518427,285.01726275418764,17,17:00:50,3
